{"parent":"minecraft:item/handheld","textures":{"layer0":"minecraft:item/diamond_shovel"},"overrides":[{"predicate":{"custom_model_data":10000},"model":"workshop_six:rpg_weapons_tools/net_copper"},{"predicate":{"custom_model_data":10001},"model":"workshop_six:rpg_weapons_tools/net_iron"},{"predicate":{"custom_model_data":10002},"model":"workshop_six:rpg_weapons_tools/net_gold"},{"predicate":{"custom_model_data":10003},"model":"workshop_six:rpg_weapons_tools/net_diamond"},{"predicate":{"custom_model_data":10004},"model":"workshop_six:rpg_weapons_tools/net_netherite"},{"predicate":{"custom_model_data":10005},"model":"workshop_six:rpg_weapons_tools/net_amber"},{"predicate":{"custom_model_data":10006},"model":"workshop_six:rpg_weapons_tools/net_ruby"},{"predicate":{"custom_model_data":10007},"model":"workshop_six:rpg_weapons_tools/net_jade"},{"predicate":{"custom_model_data":10008},"model":"workshop_six:rpg_weapons_tools/net_mythril"},{"predicate":{"custom_model_data":10009},"model":"workshop_six:rpg_weapons_tools/net_iridium"},{"predicate":{"custom_model_data":10011},"model":"elitecreatures:demonking_assortment/shovel"},{"predicate":{"custom_model_data":10012},"model":"pirate_reasure_set:shovel"},{"predicate":{"custom_model_data":10015},"model":"workshop_six:rpg_weapons_tools/shovel_copper"},{"predicate":{"custom_model_data":10016},"model":"workshop_six:rpg_weapons_tools/shovel_iron"},{"predicate":{"custom_model_data":10017},"model":"workshop_six:rpg_weapons_tools/shovel_gold"},{"predicate":{"custom_model_data":10018},"model":"workshop_six:rpg_weapons_tools/shovel_diamond"},{"predicate":{"custom_model_data":10019},"model":"item/diamond_shovel"}]}