{"parent":"minecraft:item/handheld","textures":{"layer0":"minecraft:item/diamond_pickaxe"},"overrides":[{"predicate":{"custom_model_data":10001},"model":"elitecreatures:demonking_assortment/pickaxe"},{"predicate":{"custom_model_data":10002},"model":"pirate_reasure_set:pickaxe"},{"predicate":{"custom_model_data":10005},"model":"workshop_six:rpg_weapons_tools/pickaxe_copper"},{"predicate":{"custom_model_data":10006},"model":"workshop_six:rpg_weapons_tools/pickaxe_iron"},{"predicate":{"custom_model_data":10007},"model":"workshop_six:rpg_weapons_tools/pickaxe_gold"},{"predicate":{"custom_model_data":10008},"model":"workshop_six:rpg_weapons_tools/pickaxe_diamond"},{"predicate":{"custom_model_data":10009},"model":"item/diamond_pickaxe"}]}