{"parent":"minecraft:item/handheld","textures":{"layer0":"minecraft:item/diamond_hoe"},"overrides":[{"predicate":{"custom_model_data":10001},"model":"elitecreatures:demonking_assortment/hoe"},{"predicate":{"custom_model_data":10002},"model":"pirate_reasure_set:hoe"},{"predicate":{"custom_model_data":10005},"model":"workshop_six:rpg_weapons_tools/hoe_copper"},{"predicate":{"custom_model_data":10006},"model":"workshop_six:rpg_weapons_tools/hoe_iron"},{"predicate":{"custom_model_data":10007},"model":"workshop_six:rpg_weapons_tools/hoe_gold"},{"predicate":{"custom_model_data":10008},"model":"workshop_six:rpg_weapons_tools/hoe_diamond"},{"predicate":{"custom_model_data":10009},"model":"item/diamond_hoe"}]}