{"parent":"minecraft:item/handheld","textures":{"layer0":"minecraft:item/diamond_sword"},"overrides":[{"predicate":{"custom_model_data":10011},"model":"elitecreatures:demonking_assortment/sword"},{"predicate":{"custom_model_data":10012},"model":"elitecreatures:demonking_assortment/hammer"},{"predicate":{"custom_model_data":10013},"model":"elitecreatures:demonking_assortment/battle_axe"},{"predicate":{"custom_model_data":10014},"model":"elitecreatures:demonking_assortment/staff"},{"predicate":{"custom_model_data":10015},"model":"pirate_reasure_set:chest"},{"predicate":{"custom_model_data":10016},"model":"pirate_reasure_set:dagger"},{"predicate":{"custom_model_data":10017},"model":"pirate_reasure_set:hammer"},{"predicate":{"custom_model_data":10019},"model":"pirate_reasure_set:key"},{"predicate":{"custom_model_data":10020},"model":"pirate_reasure_set:rapier_sword"},{"predicate":{"custom_model_data":10021},"model":"pirate_reasure_set:scythe"},{"predicate":{"custom_model_data":10022},"model":"pirate_reasure_set:spear"},{"predicate":{"custom_model_data":10023},"model":"pirate_reasure_set:staff"},{"predicate":{"custom_model_data":10024},"model":"pirate_reasure_set:sword"},{"predicate":{"custom_model_data":10025},"model":"pirate_reasure_set:trident"},{"predicate":{"custom_model_data":10036},"model":"workshop_six:rpg_weapons_tools/harp_copper"},{"predicate":{"custom_model_data":10037},"model":"workshop_six:rpg_weapons_tools/harp_iron"},{"predicate":{"custom_model_data":10038},"model":"workshop_six:rpg_weapons_tools/harp_gold"},{"predicate":{"custom_model_data":10039},"model":"workshop_six:rpg_weapons_tools/harp_diamond"},{"predicate":{"custom_model_data":10040},"model":"workshop_six:rpg_weapons_tools/harp_netherite"},{"predicate":{"custom_model_data":10041},"model":"workshop_six:rpg_weapons_tools/harp_amber"},{"predicate":{"custom_model_data":10042},"model":"workshop_six:rpg_weapons_tools/harp_ruby"},{"predicate":{"custom_model_data":10043},"model":"workshop_six:rpg_weapons_tools/harp_jade"},{"predicate":{"custom_model_data":10044},"model":"workshop_six:rpg_weapons_tools/harp_mythril"},{"predicate":{"custom_model_data":10045},"model":"workshop_six:rpg_weapons_tools/harp_iridium"},{"predicate":{"custom_model_data":10046},"model":"workshop_six:rpg_weapons_tools/flintlock_copper"},{"predicate":{"custom_model_data":10047},"model":"workshop_six:rpg_weapons_tools/flintlock_iron"},{"predicate":{"custom_model_data":10048},"model":"workshop_six:rpg_weapons_tools/flintlock_gold"},{"predicate":{"custom_model_data":10049},"model":"workshop_six:rpg_weapons_tools/flintlock_diamond"},{"predicate":{"custom_model_data":10050},"model":"workshop_six:rpg_weapons_tools/flintlock_netherite"},{"predicate":{"custom_model_data":10051},"model":"workshop_six:rpg_weapons_tools/flintlock_amber"},{"predicate":{"custom_model_data":10052},"model":"workshop_six:rpg_weapons_tools/flintlock_ruby"},{"predicate":{"custom_model_data":10053},"model":"workshop_six:rpg_weapons_tools/flintlock_jade"},{"predicate":{"custom_model_data":10054},"model":"workshop_six:rpg_weapons_tools/flintlock_mythril"},{"predicate":{"custom_model_data":10055},"model":"workshop_six:rpg_weapons_tools/flintlock_iridium"},{"predicate":{"custom_model_data":10056},"model":"workshop_six:rpg_weapons_tools/destruction_staff_copper"},{"predicate":{"custom_model_data":10057},"model":"workshop_six:rpg_weapons_tools/destruction_staff_iron"},{"predicate":{"custom_model_data":10058},"model":"workshop_six:rpg_weapons_tools/destruction_staff_gold"},{"predicate":{"custom_model_data":10059},"model":"workshop_six:rpg_weapons_tools/destruction_staff_diamond"},{"predicate":{"custom_model_data":10060},"model":"workshop_six:rpg_weapons_tools/destruction_staff_netherite"},{"predicate":{"custom_model_data":10061},"model":"workshop_six:rpg_weapons_tools/destruction_staff_amber"},{"predicate":{"custom_model_data":10062},"model":"workshop_six:rpg_weapons_tools/destruction_staff_ruby"},{"predicate":{"custom_model_data":10063},"model":"workshop_six:rpg_weapons_tools/destruction_staff_jade"},{"predicate":{"custom_model_data":10064},"model":"workshop_six:rpg_weapons_tools/destruction_staff_mythril"},{"predicate":{"custom_model_data":10065},"model":"workshop_six:rpg_weapons_tools/destruction_staff_iridium"},{"predicate":{"custom_model_data":10066},"model":"workshop_six:rpg_weapons_tools/gauntlet_copper"},{"predicate":{"custom_model_data":10067},"model":"workshop_six:rpg_weapons_tools/gauntlet_iron"},{"predicate":{"custom_model_data":10068},"model":"workshop_six:rpg_weapons_tools/gauntlet_gold"},{"predicate":{"custom_model_data":10069},"model":"workshop_six:rpg_weapons_tools/gauntlet_diamond"},{"predicate":{"custom_model_data":10070},"model":"workshop_six:rpg_weapons_tools/gauntlet_netherite"},{"predicate":{"custom_model_data":10071},"model":"workshop_six:rpg_weapons_tools/gauntlet_amber"},{"predicate":{"custom_model_data":10072},"model":"workshop_six:rpg_weapons_tools/gauntlet_ruby"},{"predicate":{"custom_model_data":10073},"model":"workshop_six:rpg_weapons_tools/gauntlet_jade"},{"predicate":{"custom_model_data":10074},"model":"workshop_six:rpg_weapons_tools/gauntlet_mythril"},{"predicate":{"custom_model_data":10075},"model":"workshop_six:rpg_weapons_tools/gauntlet_iridium"},{"predicate":{"custom_model_data":10076},"model":"workshop_six:rpg_weapons_tools/greatsword_copper"},{"predicate":{"custom_model_data":10077},"model":"workshop_six:rpg_weapons_tools/greatsword_iron"},{"predicate":{"custom_model_data":10078},"model":"workshop_six:rpg_weapons_tools/greatsword_gold"},{"predicate":{"custom_model_data":10079},"model":"workshop_six:rpg_weapons_tools/greatsword_diamond"},{"predicate":{"custom_model_data":10086},"model":"workshop_six:rpg_weapons_tools/halberd_copper"},{"predicate":{"custom_model_data":10087},"model":"workshop_six:rpg_weapons_tools/halberd_iron"},{"predicate":{"custom_model_data":10088},"model":"workshop_six:rpg_weapons_tools/halberd_gold"},{"predicate":{"custom_model_data":10089},"model":"workshop_six:rpg_weapons_tools/halberd_diamond"},{"predicate":{"custom_model_data":10090},"model":"workshop_six:rpg_weapons_tools/halberd_netherite"},{"predicate":{"custom_model_data":10091},"model":"workshop_six:rpg_weapons_tools/halberd_amber"},{"predicate":{"custom_model_data":10092},"model":"workshop_six:rpg_weapons_tools/halberd_ruby"},{"predicate":{"custom_model_data":10093},"model":"workshop_six:rpg_weapons_tools/halberd_jade"},{"predicate":{"custom_model_data":10094},"model":"workshop_six:rpg_weapons_tools/halberd_mythril"},{"predicate":{"custom_model_data":10095},"model":"workshop_six:rpg_weapons_tools/halberd_iridium"},{"predicate":{"custom_model_data":10096},"model":"workshop_six:rpg_weapons_tools/katana_copper"},{"predicate":{"custom_model_data":10097},"model":"workshop_six:rpg_weapons_tools/katana_iron"},{"predicate":{"custom_model_data":10098},"model":"workshop_six:rpg_weapons_tools/katana_gold"},{"predicate":{"custom_model_data":10099},"model":"workshop_six:rpg_weapons_tools/katana_diamond"},{"predicate":{"custom_model_data":10106},"model":"workshop_six:rpg_weapons_tools/scythe_copper"},{"predicate":{"custom_model_data":10107},"model":"workshop_six:rpg_weapons_tools/scythe_iron"},{"predicate":{"custom_model_data":10108},"model":"workshop_six:rpg_weapons_tools/scythe_gold"},{"predicate":{"custom_model_data":10109},"model":"workshop_six:rpg_weapons_tools/scythe_diamond"},{"predicate":{"custom_model_data":10110},"model":"workshop_six:rpg_weapons_tools/scythe_netherite"},{"predicate":{"custom_model_data":10111},"model":"workshop_six:rpg_weapons_tools/scythe_amber"},{"predicate":{"custom_model_data":10112},"model":"workshop_six:rpg_weapons_tools/scythe_ruby"},{"predicate":{"custom_model_data":10113},"model":"workshop_six:rpg_weapons_tools/scythe_jade"},{"predicate":{"custom_model_data":10114},"model":"workshop_six:rpg_weapons_tools/scythe_mythril"},{"predicate":{"custom_model_data":10115},"model":"workshop_six:rpg_weapons_tools/scythe_iridium"},{"predicate":{"custom_model_data":10116},"model":"workshop_six:rpg_weapons_tools/spear_copper"},{"predicate":{"custom_model_data":10117},"model":"workshop_six:rpg_weapons_tools/spear_iron"},{"predicate":{"custom_model_data":10118},"model":"workshop_six:rpg_weapons_tools/spear_gold"},{"predicate":{"custom_model_data":10119},"model":"workshop_six:rpg_weapons_tools/spear_diamond"},{"predicate":{"custom_model_data":10120},"model":"workshop_six:rpg_weapons_tools/spear_netherite"},{"predicate":{"custom_model_data":10121},"model":"workshop_six:rpg_weapons_tools/spear_amber"},{"predicate":{"custom_model_data":10122},"model":"workshop_six:rpg_weapons_tools/spear_ruby"},{"predicate":{"custom_model_data":10123},"model":"workshop_six:rpg_weapons_tools/spear_jade"},{"predicate":{"custom_model_data":10124},"model":"workshop_six:rpg_weapons_tools/spear_mythril"},{"predicate":{"custom_model_data":10125},"model":"workshop_six:rpg_weapons_tools/spear_iridium"},{"predicate":{"custom_model_data":10126},"model":"workshop_six:rpg_weapons_tools/sickle_copper"},{"predicate":{"custom_model_data":10127},"model":"workshop_six:rpg_weapons_tools/sickle_iron"},{"predicate":{"custom_model_data":10128},"model":"workshop_six:rpg_weapons_tools/sickle_gold"},{"predicate":{"custom_model_data":10129},"model":"workshop_six:rpg_weapons_tools/sickle_diamond"},{"predicate":{"custom_model_data":10130},"model":"workshop_six:rpg_weapons_tools/sickle_netherite"},{"predicate":{"custom_model_data":10131},"model":"workshop_six:rpg_weapons_tools/sickle_amber"},{"predicate":{"custom_model_data":10132},"model":"workshop_six:rpg_weapons_tools/sickle_ruby"},{"predicate":{"custom_model_data":10133},"model":"workshop_six:rpg_weapons_tools/sickle_jade"},{"predicate":{"custom_model_data":10134},"model":"workshop_six:rpg_weapons_tools/sickle_mythril"},{"predicate":{"custom_model_data":10135},"model":"workshop_six:rpg_weapons_tools/sickle_iridium"},{"predicate":{"custom_model_data":10136},"model":"workshop_six:rpg_weapons_tools/grimoire_copper"},{"predicate":{"custom_model_data":10137},"model":"workshop_six:rpg_weapons_tools/grimoire_iron"},{"predicate":{"custom_model_data":10138},"model":"workshop_six:rpg_weapons_tools/grimoire_gold"},{"predicate":{"custom_model_data":10139},"model":"workshop_six:rpg_weapons_tools/grimoire_diamond"},{"predicate":{"custom_model_data":10140},"model":"workshop_six:rpg_weapons_tools/grimoire_netherite"},{"predicate":{"custom_model_data":10141},"model":"workshop_six:rpg_weapons_tools/grimoire_amber"},{"predicate":{"custom_model_data":10142},"model":"workshop_six:rpg_weapons_tools/grimoire_ruby"},{"predicate":{"custom_model_data":10143},"model":"workshop_six:rpg_weapons_tools/grimoire_jade"},{"predicate":{"custom_model_data":10144},"model":"workshop_six:rpg_weapons_tools/grimoire_mythril"},{"predicate":{"custom_model_data":10145},"model":"workshop_six:rpg_weapons_tools/grimoire_iridium"},{"predicate":{"custom_model_data":10146},"model":"item/diamond_sword"}]}