{"parent":"item/handheld_rod","textures":{"layer0":"item/fishing_rod"},"overrides":[{"predicate":{"cast":1},"model":"item/fishing_rod_cast"},{"predicate":{"custom_model_data":10000},"model":"workshop_six:rpg_weapons_tools/rod_copper"},{"predicate":{"cast":1,"custom_model_data":10000},"model":"workshop_six:rpg_weapons_tools/rod_copper_cast"},{"predicate":{"custom_model_data":10001},"model":"workshop_six:rpg_weapons_tools/rod_iron"},{"predicate":{"cast":1,"custom_model_data":10001},"model":"workshop_six:rpg_weapons_tools/rod_iron_cast"},{"predicate":{"custom_model_data":10002},"model":"workshop_six:rpg_weapons_tools/rod_gold"},{"predicate":{"cast":1,"custom_model_data":10002},"model":"workshop_six:rpg_weapons_tools/rod_gold_cast"},{"predicate":{"custom_model_data":10003},"model":"workshop_six:rpg_weapons_tools/rod_diamond"},{"predicate":{"cast":1,"custom_model_data":10003},"model":"workshop_six:rpg_weapons_tools/rod_diamond_cast"},{"predicate":{"custom_model_data":10004},"model":"workshop_six:rpg_weapons_tools/rod_netherite"},{"predicate":{"cast":1,"custom_model_data":10004},"model":"workshop_six:rpg_weapons_tools/rod_netherite_cast"},{"predicate":{"custom_model_data":10005},"model":"workshop_six:rpg_weapons_tools/rod_amber"},{"predicate":{"cast":1,"custom_model_data":10005},"model":"workshop_six:rpg_weapons_tools/rod_amber_cast"},{"predicate":{"custom_model_data":10006},"model":"workshop_six:rpg_weapons_tools/rod_ruby"},{"predicate":{"cast":1,"custom_model_data":10006},"model":"workshop_six:rpg_weapons_tools/rod_ruby_cast"},{"predicate":{"custom_model_data":10007},"model":"workshop_six:rpg_weapons_tools/rod_jade"},{"predicate":{"cast":1,"custom_model_data":10007},"model":"workshop_six:rpg_weapons_tools/rod_jade_cast"},{"predicate":{"custom_model_data":10008},"model":"workshop_six:rpg_weapons_tools/rod_mythril"},{"predicate":{"cast":1,"custom_model_data":10008},"model":"workshop_six:rpg_weapons_tools/rod_mythril_cast"},{"predicate":{"custom_model_data":10009},"model":"workshop_six:rpg_weapons_tools/rod_iridium"},{"predicate":{"cast":1,"custom_model_data":10009},"model":"workshop_six:rpg_weapons_tools/rod_iridium_cast"},{"predicate":{"custom_model_data":10014},"model":"elitecreatures:demonking_assortment/fishing_rod"},{"predicate":{"cast":1,"custom_model_data":10014},"model":"elitecreatures:demonking_assortment/fishing_rod_cast"},{"predicate":{"custom_model_data":10015},"model":"pirate_reasure_set:fishing_rod"},{"predicate":{"cast":1,"custom_model_data":10015},"model":"pirate_reasure_set:fishing_rod_cast"},{"predicate":{"custom_model_data":10016},"model":"elitecreatures:valkyrie_animated_v2/fishing_rod"},{"predicate":{"cast":1,"custom_model_data":10016},"model":"elitecreatures:valkyrie_animated_v2/fishing_rod_cast"},{"predicate":{"custom_model_data":10017},"model":"elitecreatures:knight_assortment/fishing_rod"},{"predicate":{"cast":1,"custom_model_data":10017},"model":"elitecreatures:knight_assortment/fishing_rod_cast"},{"predicate":{"custom_model_data":10018},"model":"elitecreatures:arthur_assortment/fishing_rod"},{"predicate":{"cast":1,"custom_model_data":10018},"model":"elitecreatures:arthur_assortment/fishing_rod_cast"},{"predicate":{"custom_model_data":10019},"model":"item/fishing_rod"}]}