{"parent":"minecraft:item/handheld","textures":{"layer0":"minecraft:item/netherite_pickaxe"},"overrides":[{"predicate":{"custom_model_data":10004},"model":"workshop_six:rpg_weapons_tools/pickaxe_netherite"},{"predicate":{"custom_model_data":10005},"model":"workshop_six:rpg_weapons_tools/pickaxe_amber"},{"predicate":{"custom_model_data":10006},"model":"workshop_six:rpg_weapons_tools/pickaxe_ruby"},{"predicate":{"custom_model_data":10007},"model":"workshop_six:rpg_weapons_tools/pickaxe_jade"},{"predicate":{"custom_model_data":10008},"model":"workshop_six:rpg_weapons_tools/pickaxe_mythril"},{"predicate":{"custom_model_data":10009},"model":"workshop_six:rpg_weapons_tools/pickaxe_iridium"},{"predicate":{"custom_model_data":10010},"model":"elitecreatures:valkyrie_animated_v2/pickaxe"},{"predicate":{"custom_model_data":10011},"model":"elitecreatures:knight_assortment/pickaxe"},{"predicate":{"custom_model_data":10012},"model":"elitecreatures:arthur_assortment/pickaxe"},{"predicate":{"custom_model_data":10013},"model":"item/netherite_pickaxe"}]}