{"parent":"minecraft:item/handheld","textures":{"layer0":"minecraft:item/netherite_hoe"},"overrides":[{"predicate":{"custom_model_data":10004},"model":"workshop_six:rpg_weapons_tools/hoe_netherite"},{"predicate":{"custom_model_data":10005},"model":"workshop_six:rpg_weapons_tools/hoe_amber"},{"predicate":{"custom_model_data":10006},"model":"workshop_six:rpg_weapons_tools/hoe_ruby"},{"predicate":{"custom_model_data":10007},"model":"workshop_six:rpg_weapons_tools/hoe_jade"},{"predicate":{"custom_model_data":10008},"model":"workshop_six:rpg_weapons_tools/hoe_mythril"},{"predicate":{"custom_model_data":10009},"model":"workshop_six:rpg_weapons_tools/hoe_iridium"},{"predicate":{"custom_model_data":10010},"model":"elitecreatures:valkyrie_animated_v2/hoe"},{"predicate":{"custom_model_data":10011},"model":"elitecreatures:knight_assortment/hoe"},{"predicate":{"custom_model_data":10012},"model":"elitecreatures:arthur_assortment/hoe"},{"predicate":{"custom_model_data":10013},"model":"item/netherite_hoe"}]}