{"parent":"minecraft:item/handheld","textures":{"layer0":"minecraft:item/netherite_axe"},"overrides":[{"predicate":{"custom_model_data":10004},"model":"workshop_six:rpg_weapons_tools/axe_netherite"},{"predicate":{"custom_model_data":10005},"model":"workshop_six:rpg_weapons_tools/axe_amber"},{"predicate":{"custom_model_data":10006},"model":"workshop_six:rpg_weapons_tools/axe_ruby"},{"predicate":{"custom_model_data":10007},"model":"workshop_six:rpg_weapons_tools/axe_jade"},{"predicate":{"custom_model_data":10008},"model":"workshop_six:rpg_weapons_tools/axe_mythril"},{"predicate":{"custom_model_data":10009},"model":"workshop_six:rpg_weapons_tools/axe_iridium"},{"predicate":{"custom_model_data":10010},"model":"elitecreatures:valkyrie_animated_v2/axe"},{"predicate":{"custom_model_data":10011},"model":"elitecreatures:valkyrie_animated_v2/hammer"},{"predicate":{"custom_model_data":10012},"model":"elitecreatures:valkyrie_animated_v2/mace"},{"predicate":{"custom_model_data":10013},"model":"elitecreatures:knight_assortment/axe"},{"predicate":{"custom_model_data":10014},"model":"elitecreatures:arthur_assortment/axe"},{"predicate":{"custom_model_data":10015},"model":"item/netherite_axe"}]}