{"parent":"minecraft:item/handheld","textures":{"layer0":"minecraft:item/netherite_shovel"},"overrides":[{"predicate":{"custom_model_data":10004},"model":"workshop_six:rpg_weapons_tools/shovel_netherite"},{"predicate":{"custom_model_data":10005},"model":"workshop_six:rpg_weapons_tools/shovel_amber"},{"predicate":{"custom_model_data":10006},"model":"workshop_six:rpg_weapons_tools/shovel_ruby"},{"predicate":{"custom_model_data":10007},"model":"workshop_six:rpg_weapons_tools/shovel_jade"},{"predicate":{"custom_model_data":10008},"model":"workshop_six:rpg_weapons_tools/shovel_mythril"},{"predicate":{"custom_model_data":10009},"model":"workshop_six:rpg_weapons_tools/shovel_iridium"},{"predicate":{"custom_model_data":10010},"model":"elitecreatures:valkyrie_animated_v2/shovel"},{"predicate":{"custom_model_data":10011},"model":"elitecreatures:knight_assortment/shovel"},{"predicate":{"custom_model_data":10012},"model":"elitecreatures:arthur_assortment/shovel"},{"predicate":{"custom_model_data":10013},"model":"item/netherite_shovel"}]}