{"parent":"minecraft:item/handheld","textures":{"layer0":"minecraft:item/netherite_sword"},"overrides":[{"predicate":{"custom_model_data":10044},"model":"workshop_six:rpg_weapons_tools/greatsword_netherite"},{"predicate":{"custom_model_data":10045},"model":"workshop_six:rpg_weapons_tools/greatsword_amber"},{"predicate":{"custom_model_data":10046},"model":"workshop_six:rpg_weapons_tools/greatsword_ruby"},{"predicate":{"custom_model_data":10047},"model":"workshop_six:rpg_weapons_tools/greatsword_jade"},{"predicate":{"custom_model_data":10048},"model":"workshop_six:rpg_weapons_tools/greatsword_mythril"},{"predicate":{"custom_model_data":10049},"model":"workshop_six:rpg_weapons_tools/greatsword_iridium"},{"predicate":{"custom_model_data":10064},"model":"workshop_six:rpg_weapons_tools/katana_netherite"},{"predicate":{"custom_model_data":10065},"model":"workshop_six:rpg_weapons_tools/katana_amber"},{"predicate":{"custom_model_data":10066},"model":"workshop_six:rpg_weapons_tools/katana_ruby"},{"predicate":{"custom_model_data":10067},"model":"workshop_six:rpg_weapons_tools/katana_jade"},{"predicate":{"custom_model_data":10068},"model":"workshop_six:rpg_weapons_tools/katana_mythril"},{"predicate":{"custom_model_data":10069},"model":"workshop_six:rpg_weapons_tools/katana_iridium"},{"predicate":{"custom_model_data":10110},"model":"elitecreatures:valkyrie_animated_v2/dagger"},{"predicate":{"custom_model_data":10111},"model":"elitecreatures:valkyrie_animated_v2/greatsword"},{"predicate":{"custom_model_data":10112},"model":"elitecreatures:valkyrie_animated_v2/spear"},{"predicate":{"custom_model_data":10113},"model":"elitecreatures:valkyrie_animated_v2/staff"},{"predicate":{"custom_model_data":10114},"model":"elitecreatures:valkyrie_animated_v2/sword"},{"predicate":{"custom_model_data":10115},"model":"elitecreatures:knight_assortment/sword"},{"predicate":{"custom_model_data":10116},"model":"elitecreatures:knight_assortment/hammer"},{"predicate":{"custom_model_data":10117},"model":"elitecreatures:knight_assortment/spear"},{"predicate":{"custom_model_data":10118},"model":"elitecreatures:knight_assortment/staff"},{"predicate":{"custom_model_data":10119},"model":"elitecreatures:arthur_assortment/sword"},{"predicate":{"custom_model_data":10120},"model":"elitecreatures:arthur_assortment/hammer"},{"predicate":{"custom_model_data":10121},"model":"elitecreatures:arthur_assortment/spear"},{"predicate":{"custom_model_data":10122},"model":"elitecreatures:arthur_assortment/staff"},{"predicate":{"custom_model_data":10123},"model":"item/netherite_sword"}]}