{"parent":"minecraft:item/generated","textures":{"layer0":"minecraft:item/paper"},"overrides":[{"predicate":{"custom_model_data":10000},"model":"_iainternal:ia_auto_gen/icon_left_blue"},{"predicate":{"custom_model_data":10001},"model":"_iainternal:ia_auto_gen/icon_right_blue"},{"predicate":{"custom_model_data":10002},"model":"_iainternal:ia_auto_gen/icon_search"},{"predicate":{"custom_model_data":10003},"model":"_iainternal:ia_auto_gen/icon_cancel"},{"predicate":{"custom_model_data":10004},"model":"_iainternal:ia_auto_gen/icon_arrow_chest"},{"predicate":{"custom_model_data":10005},"model":"_iainternal:ia_auto_gen/icon_back_orange"},{"predicate":{"custom_model_data":10006},"model":"_iainternal:ia_auto_gen/icon_next_orange"},{"predicate":{"custom_model_data":10018},"model":"elitecreatures:demonking_assortment/armor/hat"},{"predicate":{"custom_model_data":10019},"model":"elitecreatures:demonking_assortment/back"},{"predicate":{"custom_model_data":10020},"model":"elitecreatures:demonking_assortment/back_normal"},{"predicate":{"custom_model_data":10021},"model":"elitecreatures:demonking_assortment/back_normal_2"},{"predicate":{"custom_model_data":10022},"model":"elitecreatures:demonking_assortment/back_self"},{"predicate":{"custom_model_data":10023},"model":"elitecreatures:demonking_assortment/back_self_2"},{"predicate":{"custom_model_data":10024},"model":"elitecreatures:demonking_assortment/chest"},{"predicate":{"custom_model_data":10025},"model":"pirate_reasure_set:wing"},{"predicate":{"custom_model_data":10026},"model":"elitecreatures:valkyrie_animated_v2/backpack"},{"predicate":{"custom_model_data":10027},"model":"elitecreatures:valkyrie_animated_v2/chest"},{"predicate":{"custom_model_data":10028},"model":"elitecreatures:valkyrie_animated_v2/hat"},{"predicate":{"custom_model_data":10029},"model":"elitecreatures:valkyrie_animated_v2/key"},{"predicate":{"custom_model_data":10030},"model":"elitecreatures:valkyrie_animated_v2/wings"},{"predicate":{"custom_model_data":10031},"model":"elitecreatures:valkyrie_animated_v2/wings_self"},{"predicate":{"custom_model_data":10032},"model":"elitecreatures:knight_assortment/back"},{"predicate":{"custom_model_data":10033},"model":"elitecreatures:knight_assortment/back_normal"},{"predicate":{"custom_model_data":10034},"model":"elitecreatures:knight_assortment/back_normal_2"},{"predicate":{"custom_model_data":10035},"model":"elitecreatures:knight_assortment/back_self"},{"predicate":{"custom_model_data":10036},"model":"elitecreatures:knight_assortment/back_self_2"},{"predicate":{"custom_model_data":10037},"model":"elitecreatures:knight_assortment/back_new_self_2"},{"predicate":{"custom_model_data":10038},"model":"elitecreatures:knight_assortment/key"},{"predicate":{"custom_model_data":10039},"model":"elitecreatures:knight_assortment/chest"},{"predicate":{"custom_model_data":10040},"model":"elitecreatures:arthur_assortment/back"},{"predicate":{"custom_model_data":10041},"model":"elitecreatures:arthur_assortment/back_normal"},{"predicate":{"custom_model_data":10042},"model":"elitecreatures:arthur_assortment/back_normal_2"},{"predicate":{"custom_model_data":10043},"model":"elitecreatures:arthur_assortment/back_self"},{"predicate":{"custom_model_data":10044},"model":"elitecreatures:arthur_assortment/back_self_2"},{"predicate":{"custom_model_data":10045},"model":"elitecreatures:arthur_assortment/key"},{"predicate":{"custom_model_data":10046},"model":"elitecreatures:arthur_assortment/chest"},{"predicate":{"custom_model_data":10047},"model":"elitecreatures:knight_assortment/armor/hat"},{"predicate":{"custom_model_data":10048},"model":"elitecreatures:arthur_assortment/armor/hat"},{"predicate":{"custom_model_data":10049},"model":"item/paper"}]}