{"parent":"builtin/entity","gui_light":"front","textures":{"particle":"block/dark_oak_planks"},"display":{"thirdperson_righthand":{"rotation":[0,90,0],"translation":[10,6,-4],"scale":[1,1,1]},"thirdperson_lefthand":{"rotation":[0,90,0],"translation":[10,6,12],"scale":[1,1,1]},"firstperson_righthand":{"rotation":[0,180,5],"translation":[-10,2,-10],"scale":[1.25,1.25,1.25]},"firstperson_lefthand":{"rotation":[0,180,5],"translation":[10,0,-10],"scale":[1.25,1.25,1.25]},"gui":{"rotation":[15,-25,-5],"translation":[2,3,0],"scale":[0.65,0.65,0.65]},"fixed":{"rotation":[0,180,0],"translation":[-4.5,4.5,-5],"scale":[0.55,0.55,0.55]},"ground":{"rotation":[0,0,0],"translation":[2,4,2],"scale":[0.25,0.25,0.25]}},"overrides":[{"predicate":{"blocking":1},"model":"item/shield_blocking"},{"predicate":{"custom_model_data":10005},"model":"elitecreatures:demonking_assortment/shield"},{"predicate":{"blocking":1,"custom_model_data":10005},"model":"elitecreatures:demonking_assortment/shield_blocking"},{"predicate":{"custom_model_data":10006},"model":"pirate_reasure_set:shield"},{"predicate":{"blocking":1,"custom_model_data":10006},"model":"pirate_reasure_set:shield_blocking"},{"predicate":{"custom_model_data":10007},"model":"elitecreatures:valkyrie_animated_v2/shield"},{"predicate":{"blocking":1,"custom_model_data":10007},"model":"elitecreatures:valkyrie_animated_v2/shield_blocking"},{"predicate":{"custom_model_data":10008},"model":"elitecreatures:knight_assortment/shield"},{"predicate":{"blocking":1,"custom_model_data":10008},"model":"elitecreatures:knight_assortment/shield_blocking"},{"predicate":{"custom_model_data":10009},"model":"elitecreatures:arthur_assortment/shield"},{"predicate":{"blocking":1,"custom_model_data":10009},"model":"elitecreatures:arthur_assortment/shield_blocking"},{"predicate":{"custom_model_data":10010},"model":"item/shield"}]}