{"credit":"by w11shes","texture_size":[64,64],"textures":{"0":"elitecreatures:arthur_assortment/helmet","particle":"elitecreatures:arthur_assortment/helmet"},"elements":[{"from":[3,0,3],"to":[13,12,13],"rotation":{"angle":0,"axis":"y","origin":[0,2,0]},"faces":{"north":{"uv":[3,0,5.5,3],"texture":"#0"},"east":{"uv":[8,0,5.5,3],"texture":"#0"},"south":{"uv":[3,3,5.5,6],"texture":"#0"},"west":{"uv":[5.5,0,8,3],"texture":"#0"},"up":{"uv":[8,5.5,5.5,3],"texture":"#0"}}},{"from":[13,12,13],"to":[3,0,3],"rotation":{"angle":0,"axis":"y","origin":[6,-2,6]},"faces":{"north":{"uv":[3,6,5.5,3],"texture":"#0"},"east":{"uv":[5.5,3,8,0],"texture":"#0"},"south":{"uv":[3,3,5.5,0],"texture":"#0"},"west":{"uv":[8,3,5.5,0],"texture":"#0"},"down":{"uv":[5.5,5.5,8,3],"texture":"#0"}}},{"from":[2,8,2],"to":[14,11,14],"rotation":{"angle":0,"axis":"y","origin":[0,3,0]},"faces":{"north":{"uv":[5.5,5.5,8.5,6.25],"texture":"#0"},"east":{"uv":[3,6.25,6,7],"texture":"#0"},"south":{"uv":[0,6,3,6.75],"texture":"#0"},"west":{"uv":[3,6.25,6,7],"texture":"#0"},"up":{"uv":[3,3,0,0],"texture":"#0"},"down":{"uv":[3,3,0,6],"texture":"#0"}}},{"from":[5,7,0.98],"to":[11,13,2.98],"rotation":{"angle":45,"axis":"z","origin":[8,10,1]},"faces":{"north":{"uv":[6,6.25,7.5,7.75],"texture":"#0"},"east":{"uv":[5,7,5.5,8.5],"texture":"#0"},"south":{"uv":[0,6.75,1.5,8.25],"texture":"#0"},"west":{"uv":[5.5,7,6,8.5],"texture":"#0"},"up":{"uv":[9,6.75,7.5,6.25],"texture":"#0"},"down":{"uv":[9,6.75,7.5,7.25],"texture":"#0"}}},{"from":[1,8,6],"to":[4,15,10],"rotation":{"angle":0,"axis":"y","origin":[0,3,0]},"faces":{"north":{"uv":[3.5,7,4.25,8.75],"texture":"#0"},"east":{"uv":[1.5,6.75,2.5,8.5],"texture":"#0"},"south":{"uv":[4.25,7,5,8.75],"texture":"#0"},"west":{"uv":[2.5,7,3.5,8.75],"texture":"#0"}}},{"from":[0.98,5.17157,6],"to":[3,8,8.82843],"rotation":{"angle":-45,"axis":"x","origin":[2.5,8,6]},"faces":{"north":{"uv":[6.75,8.5,7.25,9.25],"texture":"#0"},"south":{"uv":[2.25,8.75,2.75,9.5],"texture":"#0"},"west":{"uv":[6.75,7.75,7.5,8.5],"texture":"#0"},"down":{"uv":[3.25,8.75,2.75,9.5],"texture":"#0"}}},{"from":[0.98,15,6],"to":[4.02,17.82843,8.82843],"rotation":{"angle":45,"axis":"x","origin":[2.5,15,6]},"faces":{"north":{"uv":[8,3,8.75,3.75],"texture":"#0"},"east":{"uv":[8,3.75,8.75,4.5],"texture":"#0"},"west":{"uv":[0,8.25,0.75,9],"texture":"#0"},"up":{"uv":[1.5,9,0.75,8.25],"texture":"#0"}}},{"from":[7.17157,15,11.98],"to":[10,17.82843,15.02],"rotation":{"angle":45,"axis":"z","origin":[10,15,13.5]},"faces":{"north":{"uv":[8.75,3.75,8,4.5],"texture":"#0"},"east":{"uv":[8.75,3,8,3.75],"texture":"#0"},"south":{"uv":[0.75,8.25,0,9],"texture":"#0"},"up":{"uv":[0.75,9,1.5,8.25],"rotation":90,"texture":"#0"}}},{"from":[6,8,12],"to":[10,15,15],"rotation":{"angle":0,"axis":"y","origin":[16,3,16]},"faces":{"north":{"uv":[2.5,6.75,1.5,8.5],"texture":"#0"},"east":{"uv":[4.25,7,3.5,8.75],"texture":"#0"},"south":{"uv":[3.5,7,2.5,8.75],"texture":"#0"},"west":{"uv":[5,7,4.25,8.75],"texture":"#0"},"up":{"uv":[7.5,8.25,8.25,7.25],"rotation":90,"texture":"#0"},"down":{"uv":[6,7.75,6.75,8.75],"rotation":270,"texture":"#0"}}},{"from":[7.17157,5.17157,13],"to":[10,8,15.02],"rotation":{"angle":-45,"axis":"z","origin":[10,8,13.5]},"faces":{"east":{"uv":[7.25,8.5,6.75,9.25],"texture":"#0"},"south":{"uv":[7.5,7.75,6.75,8.5],"texture":"#0"},"west":{"uv":[2.75,8.75,2.25,9.5],"texture":"#0"},"down":{"uv":[2.75,8.75,3.25,9.5],"rotation":270,"texture":"#0"}}},{"from":[12,8,6],"to":[15,15,10],"rotation":{"angle":0,"axis":"y","origin":[16,3,0]},"faces":{"north":{"uv":[4.25,7,3.5,8.75],"texture":"#0"},"east":{"uv":[3.5,7,2.5,8.75],"texture":"#0"},"south":{"uv":[5,7,4.25,8.75],"texture":"#0"},"west":{"uv":[2.5,6.75,1.5,8.5],"texture":"#0"},"up":{"uv":[7.5,8.25,8.25,7.25],"texture":"#0"},"down":{"uv":[6,7.75,6.75,8.75],"texture":"#0"}}},{"from":[11.98,15,6],"to":[15.02,17.82843,8.82843],"rotation":{"angle":45,"axis":"x","origin":[13.5,15,6]},"faces":{"north":{"uv":[8.75,3,8,3.75],"texture":"#0"},"east":{"uv":[0.75,8.25,0,9],"texture":"#0"},"west":{"uv":[8.75,3.75,8,4.5],"texture":"#0"},"up":{"uv":[0.75,9,1.5,8.25],"texture":"#0"}}},{"from":[13,5.17157,6],"to":[15.02,8,8.82843],"rotation":{"angle":-45,"axis":"x","origin":[13.5,8,6]},"faces":{"north":{"uv":[7.25,8.5,6.75,9.25],"texture":"#0"},"east":{"uv":[7.5,7.75,6.75,8.5],"texture":"#0"},"south":{"uv":[2.75,8.75,2.25,9.5],"texture":"#0"},"down":{"uv":[2.75,8.75,3.25,9.5],"texture":"#0"}}},{"from":[6,12,1],"to":[10,15,4],"rotation":{"angle":0,"axis":"y","origin":[0,3,-11]},"faces":{"north":{"uv":[8,0,9,0.75],"texture":"#0"},"east":{"uv":[5,8.5,5.75,9.25],"texture":"#0"},"south":{"uv":[8,0.75,9,1.5],"texture":"#0"},"west":{"uv":[8.5,5.25,9.25,6],"texture":"#0"}}},{"from":[6,15,0.98],"to":[8.82843,17.82843,4.02],"rotation":{"angle":-45,"axis":"z","origin":[6,15,3]},"faces":{"north":{"uv":[8.25,7.25,9,8],"texture":"#0"},"south":{"uv":[7.5,8.25,8.25,9],"texture":"#0"},"west":{"uv":[8.25,8,9,8.75],"texture":"#0"},"up":{"uv":[2.25,9.25,1.5,8.5],"texture":"#0"}}}],"gui_light":"front","display":{"thirdperson_righthand":{"rotation":[42.76,10.93,-4.97],"translation":[0,2.5,0],"scale":[0.40234,0.40234,0.40234]},"thirdperson_lefthand":{"rotation":[42.76,10.93,-4.97],"translation":[0,2.5,0],"scale":[0.40234,0.40234,0.40234]},"firstperson_righthand":{"rotation":[0,106,0],"translation":[15.25,-0.5,-23.25],"scale":[1.73633,1.73633,1.73633]},"firstperson_lefthand":{"rotation":[0,106,0],"translation":[20,-0.5,-23.25],"scale":[1.73633,1.73633,1.73633]},"ground":{"translation":[0,3,0],"scale":[0.54688,0.54688,0.54688]},"gui":{"rotation":[20,140,0],"translation":[0,-0.5,0],"scale":[0.73477,0.73477,0.73477]},"head":{"translation":[0,1.25,-0.25],"scale":[1.69,1.69,1.69]},"fixed":{"translation":[0,0.5,-9.5],"scale":[1.61133,1.61133,1.61133]}}}