{"credit":"by w11shes","texture_size":[32,32],"textures":{"1":"elitecreatures:arthur_assortment/axe"},"elements":[{"from":[6.3375,-10.51375,-1.78838],"to":[9.3375,-5.51375,3.21162],"rotation":{"angle":-45,"axis":"x","origin":[7.85,-0.925,8.0125]},"faces":{"north":{"uv":[0,8.5,1.5,11],"texture":"#1"},"east":{"uv":[8.5,3,6,5.5],"texture":"#1"},"south":{"uv":[1.5,8.5,3,11],"texture":"#1"},"west":{"uv":[6,3,8.5,5.5],"texture":"#1"},"up":{"uv":[11,4.5,8.5,3],"rotation":270,"texture":"#1"},"down":{"uv":[8.5,8.5,6,10],"rotation":90,"texture":"#1"}}},{"from":[6.94723,-9,6.8976],"to":[8.94723,4,8.8976],"rotation":{"angle":45,"axis":"y","origin":[7.85,-0.925,8.0125]},"faces":{"north":{"uv":[6,3,5,9.5],"texture":"#1"},"east":{"uv":[5,3,6,9.5],"texture":"#1"},"south":{"uv":[6,3,5,9.5],"texture":"#1"},"west":{"uv":[5,3,6,9.5],"texture":"#1"}}},{"from":[6.3375,-6,5.8625],"to":[9.3375,-4,9.8625],"rotation":{"angle":0,"axis":"y","origin":[7.85,-0.925,8.0125]},"faces":{"north":{"uv":[4.5,10,6,11],"texture":"#1"},"east":{"uv":[9,7.5,11,8.5],"texture":"#1"},"south":{"uv":[4.5,10,6,11],"texture":"#1"},"west":{"uv":[9,7.5,11,8.5],"texture":"#1"},"up":{"uv":[5,10,3,8.5],"rotation":270,"texture":"#1"},"down":{"uv":[10.5,8.5,8.5,10],"rotation":90,"texture":"#1"}}},{"from":[6.3175,3.13844,-2.26307],"to":[9.3575,9.13844,3.73693],"rotation":{"angle":45,"axis":"x","origin":[7.85,-0.925,8.0125]},"faces":{"north":{"uv":[6,5.5,7.5,8.5],"texture":"#1"},"east":{"uv":[8,0,5,3],"texture":"#1"},"south":{"uv":[7.5,5.5,9,8.5],"texture":"#1"},"west":{"uv":[5,0,8,3],"texture":"#1"},"up":{"uv":[11,1.5,8,0],"rotation":270,"texture":"#1"},"down":{"uv":[11,1.5,8,3],"rotation":90,"texture":"#1"}}},{"from":[6.3375,4,5.8625],"to":[9.3375,7,9.8625],"rotation":{"angle":0,"axis":"y","origin":[7.85,-0.925,8.0125]},"faces":{"north":{"uv":[3,10,4.5,11.5],"texture":"#1"},"east":{"uv":[9,4.5,11,6],"texture":"#1"},"south":{"uv":[3,10,4.5,11.5],"texture":"#1"},"west":{"uv":[9,4.5,11,6],"texture":"#1"},"down":{"uv":[11,6,9,7.5],"rotation":90,"texture":"#1"}}},{"from":[7.3375,4.25,-3.3375],"to":[8.3375,7.25,-0.3375],"rotation":{"angle":0,"axis":"y","origin":[7.85,-0.925,8.0125]},"faces":{"north":{"uv":[0.5,4,1,5.5],"texture":"#1"},"east":{"uv":[2,4,0.5,5.5],"texture":"#1"},"south":{"uv":[1.5,4,2,5.5],"texture":"#1"},"west":{"uv":[0.5,4,2,5.5],"texture":"#1"},"down":{"uv":[2,5,0.5,5.5],"rotation":90,"texture":"#1"}}},{"from":[7.8375,-1.75,-4.3375],"to":[7.8875,15.25,5.6625],"rotation":{"angle":0,"axis":"y","origin":[7.85,-0.925,8.0125]},"faces":{"east":{"uv":[5,0,0,8.5],"texture":"#1"},"west":{"uv":[0,0,5,8.5],"texture":"#1"}}},{"from":[7.3375,7.25,-3.3375],"to":[8.3375,11.25,5.6625],"rotation":{"angle":0,"axis":"y","origin":[7.85,-0.925,8.0125]},"faces":{"north":{"uv":[0.5,2,1,4],"texture":"#1"},"east":{"uv":[5,2,0.5,4],"texture":"#1"},"west":{"uv":[0.5,2,5,4],"texture":"#1"},"up":{"uv":[5,2,0.5,2.5],"rotation":270,"texture":"#1"},"down":{"uv":[5,3.5,0.5,4],"rotation":90,"texture":"#1"}}}],"gui_light":"front","display":{"thirdperson_righthand":{"translation":[-0.25,3.75,1],"scale":[0.7,0.7,0.7]},"thirdperson_lefthand":{"translation":[-0.25,3.75,1],"scale":[0.7,0.7,0.7]},"firstperson_righthand":{"rotation":[0,22,0],"translation":[3,5.75,-1],"scale":[0.54883,0.54883,0.54883]},"firstperson_lefthand":{"rotation":[0,22,0],"translation":[3,5.75,-1],"scale":[0.54883,0.54883,0.54883]},"ground":{"rotation":[94,85,0],"translation":[0,0.25,-0.75],"scale":[0.5,0.5,0.5]},"gui":{"rotation":[-90,45,88],"translation":[-1,3,0],"scale":[0.515,0.515,0.515]},"head":{"rotation":[90,-171,90],"translation":[-2.25,9.25,0.25],"scale":[0.7,0.7,0.7]},"fixed":{"rotation":[0,90,0],"translation":[2.25,8,-1.25],"scale":[1.3,1.3,1.3]}}}