{"credit":"by w11shes","texture_size":[32,32],"textures":{"2":"elitecreatures:arthur_assortment/cloak","particle":"elitecreatures:arthur_assortment/cloak"},"elements":[{"from":[2,16,1],"to":[14,19,10],"rotation":{"angle":0,"axis":"y","origin":[8,-6,5]},"faces":{"north":{"uv":[9,9,15,10.5],"texture":"#2"},"east":{"uv":[4.5,12,0,13.5],"texture":"#2"},"south":{"uv":[9,10.5,15,12],"texture":"#2"},"west":{"uv":[0,12,4.5,13.5],"texture":"#2"},"up":{"uv":[15,4.5,9,0],"texture":"#2"},"down":{"uv":[15,4.5,9,9],"texture":"#2"}}},{"from":[-1,-5.43011,7.57506],"to":[17,18.56989,10.57506],"rotation":{"angle":0,"axis":"x","origin":[8,17.33942,9.20638]},"faces":{"east":{"uv":[0,15,12,13.5],"rotation":90,"texture":"#2"},"south":{"uv":[0,0,9,12],"texture":"#2"},"west":{"uv":[0,13.5,12,15],"rotation":90,"texture":"#2"},"up":{"uv":[4.5,12,13.5,13.5],"texture":"#2"}}},{"from":[17,18.56989,10.57507],"to":[-1,-5.43011,7.57507],"rotation":{"angle":0,"axis":"x","origin":[8,17.33942,9.20638]},"faces":{"north":{"uv":[0,12,9,0],"texture":"#2"},"east":{"uv":[12,13.5,0,15],"rotation":90,"texture":"#2"},"west":{"uv":[12,15,0,13.5],"rotation":90,"texture":"#2"},"down":{"uv":[13.5,12,4.5,13.5],"texture":"#2"}}}],"gui_light":"front","display":{"thirdperson_righthand":{"rotation":[71,0,0],"translation":[0,-0.75,-4],"scale":[0.4,0.4,0.4]},"thirdperson_lefthand":{"rotation":[67,0,0],"translation":[-5.75,-7.5,3.25]},"firstperson_righthand":{"rotation":[0,134,0],"translation":[16.25,-9,-17.5]},"firstperson_lefthand":{"rotation":[0,134,0],"translation":[16.25,-9,-17.5],"scale":[0,0,0]},"ground":{"rotation":[80,0,0],"translation":[0,0.5,-1.25],"scale":[0.6,0.6,0.6]},"gui":{"rotation":[24,139,0],"translation":[0.5,-0.25,0],"scale":[0.6,0.6,0.6]},"head":{"rotation":[-5,0,0],"translation":[0,-57.5,6.5],"scale":[1.6,1.6,1.6]},"fixed":{"translation":[0,1.5,-5.75],"scale":[1.4,1.4,1.4]}}}