{
	"credit": "by w11shes",
	"texture_size": [32, 32],
	"textures": {
		"0": "elitecreatures:arthur_assortment/bow",
		"particle": "elitecreatures:arthur_assortment/bow"
	},
	"elements": [
		{
			"from": [7, 5, 5],
			"to": [9, 11, 7],
			"rotation": {"angle": 45, "axis": "y", "origin": [8, 8, 6]},
			"faces": {
				"north": {"uv": [6, 0, 5, 3], "texture": "#0"},
				"east": {"uv": [5, 0, 6, 3], "texture": "#0"},
				"south": {"uv": [0.5, 5, 1.5, 8], "texture": "#0"},
				"west": {"uv": [1.5, 5, 0.5, 8], "texture": "#0"}
			}
		},
		{
			"from": [6.5, 11, 4],
			"to": [9.5, 14, 8],
			"faces": {
				"north": {"uv": [4, 7, 5.5, 8.5], "texture": "#0"},
				"east": {"uv": [1.5, 5, 3.5, 6.5], "texture": "#0"},
				"south": {"uv": [7.5, 0, 9, 1.5], "texture": "#0"},
				"west": {"uv": [1.5, 5, 3.5, 6.5], "texture": "#0"},
				"down": {"uv": [6.5, 3, 5, 5], "texture": "#0"}
			}
		},
		{
			"from": [6.48, 13.2, 3],
			"to": [9.52, 18.2, 8],
			"rotation": {"angle": -45, "axis": "x", "origin": [8, 16.2, 6]},
			"faces": {
				"north": {"uv": [0.5, 2.5, 2, 5], "texture": "#0"},
				"east": {"uv": [0, 0, 2.5, 2.5], "texture": "#0"},
				"south": {"uv": [2, 2.5, 3.5, 5], "texture": "#0"},
				"west": {"uv": [2.5, 0, 0, 2.5], "texture": "#0"},
				"up": {"uv": [5, 4.5, 3.5, 2], "texture": "#0"},
				"down": {"uv": [5, 4.5, 3.5, 7], "texture": "#0"}
			}
		},
		{
			"from": [6.98, 14.2, 8],
			"to": [9.02, 16.2, 13],
			"rotation": {"angle": -45, "axis": "x", "origin": [8, 16.2, 6]},
			"faces": {
				"east": {"uv": [6.5, 4, 9, 5], "texture": "#0"},
				"west": {"uv": [9, 4, 6.5, 5], "texture": "#0"},
				"up": {"uv": [7.5, 8, 6.5, 5.5], "texture": "#0"},
				"down": {"uv": [4, 7, 3, 9.5], "texture": "#0"}
			}
		},
		{
			"from": [6.98, -0.2, 8],
			"to": [9.02, 1.8, 13],
			"rotation": {"angle": 45, "axis": "x", "origin": [8, -0.2, 6]},
			"faces": {
				"east": {"uv": [6.5, 5, 9, 4], "texture": "#0"},
				"west": {"uv": [9, 5, 6.5, 4], "texture": "#0"},
				"up": {"uv": [4, 9.5, 3, 7], "texture": "#0"},
				"down": {"uv": [7.5, 5.5, 6.5, 8], "texture": "#0"}
			}
		},
		{
			"from": [7, 19.73553, 10.36396],
			"to": [9, 22.73553, 12.36396],
			"rotation": {"angle": 22.5, "axis": "x", "origin": [7, 19.73553, 12.36396]},
			"faces": {
				"north": {"uv": [5.5, 7, 6.5, 8.5], "texture": "#0"},
				"east": {"uv": [7.5, 5, 8.5, 6.5], "texture": "#0"},
				"south": {"uv": [6.5, 7.5, 7.5, 9], "texture": "#0"},
				"west": {"uv": [8.5, 5, 7.5, 6.5], "texture": "#0"}
			}
		},
		{
			"from": [6.5, 21.83173, 13.04594],
			"to": [9.5, 25.83173, 17.04594],
			"rotation": {"angle": -22.5, "axis": "x", "origin": [7, 19.73553, 12.36396]},
			"faces": {
				"north": {"uv": [5, 5, 6.5, 7], "texture": "#0"},
				"east": {"uv": [2.5, 0, 4.5, 2], "texture": "#0"},
				"south": {"uv": [6, 0, 7.5, 2], "texture": "#0"},
				"west": {"uv": [4.5, 0, 2.5, 2], "texture": "#0"},
				"up": {"uv": [3, 8.5, 1.5, 6.5], "texture": "#0"},
				"down": {"uv": [8, 2, 6.5, 4], "texture": "#0"}
			}
		},
		{
			"from": [7, -6.73553, 10.36396],
			"to": [9, -3.73553, 12.36396],
			"rotation": {"angle": -22.5, "axis": "x", "origin": [7, -3.73553, 12.36396]},
			"faces": {
				"north": {"uv": [5.5, 8.5, 6.5, 7], "texture": "#0"},
				"east": {"uv": [7.5, 6.5, 8.5, 5], "texture": "#0"},
				"south": {"uv": [6.5, 9, 7.5, 7.5], "texture": "#0"},
				"west": {"uv": [8.5, 6.5, 7.5, 5], "texture": "#0"}
			}
		},
		{
			"from": [6.5, -9.83173, 13.04594],
			"to": [9.5, -5.83173, 17.04594],
			"rotation": {"angle": 22.5, "axis": "x", "origin": [7, -3.73553, 12.36396]},
			"faces": {
				"north": {"uv": [5, 7, 6.5, 5], "texture": "#0"},
				"east": {"uv": [2.5, 2, 4.5, 0], "texture": "#0"},
				"south": {"uv": [6, 2, 7.5, 0], "texture": "#0"},
				"west": {"uv": [4.5, 2, 2.5, 0], "texture": "#0"},
				"up": {"uv": [8, 4, 6.5, 2], "texture": "#0"},
				"down": {"uv": [3, 6.5, 1.5, 8.5], "texture": "#0"}
			}
		},
		{
			"from": [6.48, -2.2, 3],
			"to": [9.52, 2.8, 8],
			"rotation": {"angle": 45, "axis": "x", "origin": [8, -0.2, 6]},
			"faces": {
				"north": {"uv": [0.5, 5, 2, 2.5], "texture": "#0"},
				"east": {"uv": [0, 2.5, 2.5, 0], "texture": "#0"},
				"south": {"uv": [2, 5, 3.5, 2.5], "texture": "#0"},
				"west": {"uv": [2.5, 2.5, 0, 0], "texture": "#0"},
				"up": {"uv": [5, 7, 3.5, 4.5], "texture": "#0"},
				"down": {"uv": [5, 2, 3.5, 4.5], "texture": "#0"}
			}
		},
		{
			"from": [6.5, 2, 4],
			"to": [9.5, 5, 8],
			"rotation": {"angle": 0, "axis": "y", "origin": [0, 16, 0]},
			"faces": {
				"north": {"uv": [4, 8.5, 5.5, 7], "texture": "#0"},
				"east": {"uv": [1.5, 6.5, 3.5, 5], "texture": "#0"},
				"south": {"uv": [7.5, 1.5, 9, 0], "texture": "#0"},
				"west": {"uv": [1.5, 6.5, 3.5, 5], "texture": "#0"},
				"up": {"uv": [6.5, 5, 5, 3], "texture": "#0"}
			}
		},
		{
			"from": [8, 8, 17.4],
			"to": [8.05, 22, 18.4],
			"rotation": {"angle": -22.5, "axis": "x", "origin": [8, 8, 18.4]},
			"faces": {
				"east": {"uv": [9, 0, 9.5, 7], "texture": "#0"},
				"west": {"uv": [9, 0, 9.5, 7], "texture": "#0"}
			}
		},
		{
			"from": [8, -6, 17.4],
			"to": [8.05, 8, 18.4],
			"rotation": {"angle": 22.5, "axis": "x", "origin": [8, 8, 18.4]},
			"faces": {
				"east": {"uv": [9, 7, 9.5, 0], "texture": "#0"},
				"west": {"uv": [9, 7, 9.5, 0], "texture": "#0"}
			}
		},
		{
			"from": [6.55, 5.5, -3],
			"to": [6.6, 10.5, 19],
			"rotation": {"angle": 0, "axis": "y", "origin": [1.15, 7.5, 3]},
			"faces": {
				"east": {"uv": [0, 13.5, 11, 16], "texture": "#0"},
				"west": {"uv": [11, 13.5, 0, 16], "texture": "#0"}
			}
		},
		{
			"from": [4.075, 7.975, -3],
			"to": [9.075, 8.025, 19],
			"rotation": {"angle": 0, "axis": "y", "origin": [1.15, 7.5, 3]},
			"faces": {
				"up": {"uv": [0, 13.5, 11, 16], "rotation": 270, "texture": "#0"},
				"down": {"uv": [11, 13.5, 0, 16], "rotation": 270, "texture": "#0"}
			}
		},
		{
			"from": [6.05, 7.5, 1],
			"to": [7.05, 8.5, 18],
			"rotation": {"angle": 0, "axis": "y", "origin": [1.15, 7.5, 3]},
			"faces": {
				"north": {"uv": [8.5, 14.5, 9, 15], "texture": "#0"},
				"east": {"uv": [0.5, 14.5, 9, 15], "texture": "#0"},
				"south": {"uv": [0.5, 14.5, 1, 15], "texture": "#0"},
				"west": {"uv": [9, 14.5, 0.5, 15], "texture": "#0"},
				"up": {"uv": [9, 14.5, 0.5, 15], "rotation": 90, "texture": "#0"},
				"down": {"uv": [0.5, 14.5, 9, 15], "rotation": 90, "texture": "#0"}
			}
		}
	],
	"gui_light": "front",
	"display": {
		"thirdperson_righthand": {
			"translation": [-1, -1.75, 1],
			"scale": [0.6, 0.6, 0.6]
		},
		"thirdperson_lefthand": {
			"translation": [-1, -1.75, 1],
			"scale": [0.6, 0.6, 0.6]
		},
		"firstperson_righthand": {
			"rotation": [21, 27, 3],
			"translation": [2, 5.25, -2.5],
			"scale": [0.54883, 0.54883, 0.54883]
		},
		"firstperson_lefthand": {
			"rotation": [21, 27, 3],
			"translation": [2, 5.25, -2.5],
			"scale": [0.54883, 0.54883, 0.54883]
		},
		"ground": {
			"rotation": [94, 85, 0],
			"translation": [0, 0.75, -0.5],
			"scale": [0.5, 0.5, 0.5]
		},
		"gui": {
			"rotation": [90, 45, 90],
			"translation": [-1.75, 1.75, 0],
			"scale": [0.5, 0.5, 0.5]
		},
		"head": {
			"rotation": [91, -1, 90],
			"translation": [1.25, 8.5, 0.25],
			"scale": [0.7, 0.7, 0.7]
		},
		"fixed": {
			"rotation": [0, 90, 0],
			"translation": [3.75, -0.75, -3.5]
		}
	},
	"groups": [
		0,
		1,
		2,
		3,
		4,
		5,
		6,
		7,
		8,
		9,
		10,
		11,
		12,
		{
			"name": "arrow",
			"origin": [0, 0, 0],
			"color": 0,
			"boneType": "",
			"children": [13, 14, 15]
		}
	]
}