{"credit":"by w11shes","texture_size":[64,64],"textures":{"1":"elitecreatures:arthur_assortment/chest"},"elements":[{"from":[-3,13,0],"to":[1,25,16],"rotation":{"angle":-22.5,"axis":"z","origin":[-3,13,8]},"faces":{"north":{"uv":[8.5,11,9.5,14],"texture":"#1"},"east":{"uv":[5.5,7,9.5,10],"texture":"#1"},"south":{"uv":[9.5,11,8.5,14],"texture":"#1"},"west":{"uv":[0,9,4,12],"texture":"#1"},"up":{"uv":[10.5,14,9.5,10],"texture":"#1"}}},{"from":[-3.89677,6.4643,13],"to":[-4.89677,-2.5357,3],"rotation":{"angle":-22.5,"axis":"z","origin":[35.10323,0.4643,1]},"faces":{"north":{"uv":[9.5,14,9.25,11.75],"texture":"#1"},"east":{"uv":[0,12,4,9],"texture":"#1"},"south":{"uv":[9.5,14,9.25,11.75],"texture":"#1"},"west":{"uv":[13,15.75,15.5,13.5],"texture":"#1"},"down":{"uv":[10.25,13.25,10.5,10.75],"texture":"#1"}}},{"from":[20.89677,6.4643,13],"to":[19.89677,-2.5357,3],"rotation":{"angle":22.5,"axis":"z","origin":[-19.10323,0.4643,1]},"faces":{"north":{"uv":[9.25,14,9.5,11.75],"texture":"#1"},"east":{"uv":[15.5,15.75,13,13.5],"texture":"#1"},"south":{"uv":[9.25,14,9.5,11.75],"texture":"#1"},"west":{"uv":[4,12,0,9],"texture":"#1"},"down":{"uv":[10.5,13.25,10.25,10.75],"texture":"#1"}}},{"from":[15,13,0],"to":[19,25,16],"rotation":{"angle":22.5,"axis":"z","origin":[19,13,8]},"faces":{"north":{"uv":[9.5,11,8.5,14],"texture":"#1"},"east":{"uv":[4,9,0,12],"texture":"#1"},"south":{"uv":[8.5,11,9.5,14],"texture":"#1"},"west":{"uv":[9.5,7,5.5,10],"texture":"#1"},"up":{"uv":[9.5,14,10.5,10],"texture":"#1"}}},{"from":[1,13,0],"to":[15,20,0],"rotation":{"angle":22.5,"axis":"x","origin":[8,13,0]},"faces":{"north":{"uv":[10,2.75,13.5,4.5],"texture":"#1"}}},{"from":[1,13,16],"to":[15,20,16],"rotation":{"angle":-22.5,"axis":"x","origin":[8,13,16]},"faces":{"south":{"uv":[13.5,2.75,10,4.5],"texture":"#1"}}},{"from":[4,19.46616,2.67878],"to":[14,19.46616,13.32214],"rotation":{"angle":0,"axis":"y","origin":[12,-3.53384,2.67878]},"faces":{"up":{"uv":[12.5,2.75,10,0],"texture":"#1"}}},{"from":[-3,9,-1],"to":[19,13,17],"rotation":{"angle":0,"axis":"y","origin":[0,-29,0]},"faces":{"north":{"uv":[4,10,9.5,11],"texture":"#1"},"east":{"uv":[10,5.5,14.5,6.5],"texture":"#1"},"south":{"uv":[10,4.5,15.5,5.5],"texture":"#1"},"west":{"uv":[10,5.5,14.5,6.5],"texture":"#1"},"up":{"uv":[5.5,4.5,0,0],"texture":"#1"},"down":{"uv":[5.5,4.5,0,9],"texture":"#1"}}},{"from":[6,8,-2],"to":[10,14,2],"faces":{"north":{"uv":[12.5,12,13.5,13.5],"texture":"#1"},"east":{"uv":[10.5,13,11.5,14.5],"texture":"#1"},"south":{"uv":[11.5,13,12.5,14.5],"texture":"#1"},"west":{"uv":[0,13.5,1,15],"texture":"#1"}}},{"from":[6,14,-2.02],"to":[8.82843,16.82843,2.02],"rotation":{"angle":-45,"axis":"z","origin":[6,14,-0.5]},"faces":{"north":{"uv":[7.75,14,8.5,14.75],"texture":"#1"},"west":{"uv":[7.5,11.75,8.5,12.5],"texture":"#1"},"up":{"uv":[14.25,8.5,13.5,7.5],"texture":"#1"}}},{"from":[4,19.4662,6],"to":[12,21.4662,10],"faces":{"north":{"uv":[10,6.5,12,7],"texture":"#1"},"south":{"uv":[10,6.5,12,7],"texture":"#1"},"up":{"uv":[12.5,13,10.5,12],"texture":"#1"}}},{"from":[-5,9,6],"to":[-3,13,10],"faces":{"north":{"uv":[5,9,5.5,10],"texture":"#1"},"south":{"uv":[13.75,1.5,14.25,2.5],"texture":"#1"},"west":{"uv":[4,9,5,10],"texture":"#1"},"up":{"uv":[7.25,14.75,6.75,13.75],"texture":"#1"},"down":{"uv":[7.75,13.75,7.25,14.75],"texture":"#1"}}},{"from":[-4.6,5,5],"to":[-2.6,11,11],"rotation":{"angle":-22.5,"axis":"z","origin":[-3,10,8]},"faces":{"north":{"uv":[8,12.5,8.5,14],"texture":"#1"},"east":{"uv":[0,12,1.5,13.5],"texture":"#1"},"south":{"uv":[2.5,13.5,3,15],"texture":"#1"},"west":{"uv":[1.5,12,3,13.5],"texture":"#1"},"up":{"uv":[14,12.5,13.5,11],"texture":"#1"},"down":{"uv":[13,13.5,12.5,15],"texture":"#1"}}},{"from":[-8.31046,-1.70842,10],"to":[-10.31046,-6.70842,6],"rotation":{"angle":-22.5,"axis":"z","origin":[26.08954,-10.70842,5]},"faces":{"north":{"uv":[2.5,14.75,3,13.5],"texture":"#1"},"south":{"uv":[8,13.75,8.5,12.5],"texture":"#1"},"up":{"uv":[12.5,13.75,13,14.75],"texture":"#1"},"down":{"uv":[13.5,12.5,14,11],"texture":"#1"}}},{"from":[19,9,6],"to":[21,13,10],"rotation":{"angle":0,"axis":"y","origin":[16,0,0]},"faces":{"north":{"uv":[5.5,9,5,10],"texture":"#1"},"east":{"uv":[5,9,4,10],"texture":"#1"},"south":{"uv":[14.25,1.5,13.75,2.5],"texture":"#1"},"up":{"uv":[6.75,14.75,7.25,13.75],"texture":"#1"},"down":{"uv":[7.25,13.75,7.75,14.75],"texture":"#1"}}},{"from":[18.6,5,5],"to":[20.6,11,11],"rotation":{"angle":22.5,"axis":"z","origin":[19,10,8]},"faces":{"north":{"uv":[8.5,12.5,8,14],"texture":"#1"},"east":{"uv":[3,12,1.5,13.5],"texture":"#1"},"south":{"uv":[3,13.5,2.5,15],"texture":"#1"},"west":{"uv":[1.5,12,0,13.5],"texture":"#1"},"up":{"uv":[13.5,12.5,14,11],"texture":"#1"},"down":{"uv":[12.5,13.5,13,15],"texture":"#1"}}},{"from":[26.31046,-1.70842,10],"to":[24.31046,-6.70842,6],"rotation":{"angle":22.5,"axis":"z","origin":[-10.08954,-10.70842,5]},"faces":{"north":{"uv":[3,14.75,2.5,13.5],"texture":"#1"},"south":{"uv":[8.5,13.75,8,12.5],"texture":"#1"},"up":{"uv":[13,13.75,12.5,14.75],"texture":"#1"},"down":{"uv":[14,12.5,13.5,11],"texture":"#1"}}},{"from":[6,5.17157,-2.02],"to":[8.82843,8,2.02],"rotation":{"angle":45,"axis":"z","origin":[6,8,-0.5]},"faces":{"north":{"uv":[13.75,0,14.5,0.75],"texture":"#1"},"south":{"uv":[13.75,0.75,14.5,1.5],"texture":"#1"},"west":{"uv":[13.5,3.75,14.5,4.5],"texture":"#1"},"down":{"uv":[14.25,8.5,13.5,9.5],"texture":"#1"}}},{"from":[-1,5,1],"to":[2,9,4],"rotation":{"angle":0,"axis":"y","origin":[-1,-1,0]},"faces":{"north":{"uv":[1,13.5,1.75,14.5],"texture":"#1"},"east":{"uv":[1.75,13.5,2.5,14.5],"texture":"#1"},"south":{"uv":[13.5,2.75,14.25,3.75],"texture":"#1"},"west":{"uv":[13.5,6.5,14.25,7.5],"texture":"#1"},"up":{"uv":[14.25,13.25,13.5,12.5],"texture":"#1"}}},{"from":[0,5,2],"to":[16,9,14],"rotation":{"angle":0,"axis":"y","origin":[0,-29,0]},"faces":{"north":{"uv":[10.5,10,14.5,11],"texture":"#1"},"east":{"uv":[10.5,11,13.5,12],"texture":"#1"},"south":{"uv":[10.5,10,14.5,11],"texture":"#1"},"west":{"uv":[10.5,11,13.5,12],"texture":"#1"},"up":{"uv":[13.5,10,9.5,7],"texture":"#1"}}},{"from":[-1,2,1],"to":[17,5,15],"rotation":{"angle":0,"axis":"y","origin":[0,-29,0]},"faces":{"north":{"uv":[4,11,8.5,11.75],"texture":"#1"},"east":{"uv":[4,11.75,7.5,12.5],"texture":"#1"},"south":{"uv":[4,11,8.5,11.75],"texture":"#1"},"west":{"uv":[4,11.75,7.5,12.5],"texture":"#1"},"up":{"uv":[10,3.5,5.5,0],"texture":"#1"},"down":{"uv":[10,3.5,5.5,7],"texture":"#1"}}},{"from":[-3,0,-1],"to":[2,6,4],"rotation":{"angle":0,"axis":"y","origin":[-1,0,0]},"faces":{"north":{"uv":[12.5,0,13.75,1.5],"texture":"#1"},"east":{"uv":[3,12.5,4.25,14],"texture":"#1"},"south":{"uv":[4.25,12.5,5.5,14],"texture":"#1"},"west":{"uv":[5.5,12.5,6.75,14],"texture":"#1"},"up":{"uv":[13.75,2.75,12.5,1.5],"texture":"#1"},"down":{"uv":[8,12.5,6.75,13.75],"texture":"#1"}}},{"from":[14,5,1],"to":[17,9,4],"rotation":{"angle":0,"axis":"y","origin":[17,-1,0]},"faces":{"north":{"uv":[1.75,13.5,1,14.5],"texture":"#1"},"east":{"uv":[14.25,6.5,13.5,7.5],"texture":"#1"},"south":{"uv":[14.25,2.75,13.5,3.75],"texture":"#1"},"west":{"uv":[2.5,13.5,1.75,14.5],"texture":"#1"},"up":{"uv":[13.5,13.25,14.25,12.5],"texture":"#1"}}},{"from":[14,0,-1],"to":[19,6,4],"rotation":{"angle":0,"axis":"y","origin":[17,0,0]},"faces":{"north":{"uv":[13.75,0,12.5,1.5],"texture":"#1"},"east":{"uv":[6.75,12.5,5.5,14],"texture":"#1"},"south":{"uv":[5.5,12.5,4.25,14],"texture":"#1"},"west":{"uv":[4.25,12.5,3,14],"texture":"#1"},"up":{"uv":[12.5,2.75,13.75,1.5],"texture":"#1"},"down":{"uv":[6.75,12.5,8,13.75],"texture":"#1"}}},{"from":[-1,5,12],"to":[2,9,15],"rotation":{"angle":0,"axis":"y","origin":[-1,-1,16]},"faces":{"north":{"uv":[14.25,2.75,13.5,3.75],"texture":"#1"},"east":{"uv":[2.5,13.5,1.75,14.5],"texture":"#1"},"south":{"uv":[1.75,13.5,1,14.5],"texture":"#1"},"west":{"uv":[14.25,6.5,13.5,7.5],"texture":"#1"},"up":{"uv":[14.25,12.5,13.5,13.25],"texture":"#1"}}},{"from":[-3,0,12],"to":[2,6,17],"rotation":{"angle":0,"axis":"y","origin":[-1,0,16]},"faces":{"north":{"uv":[5.5,12.5,4.25,14],"texture":"#1"},"east":{"uv":[4.25,12.5,3,14],"texture":"#1"},"south":{"uv":[13.75,0,12.5,1.5],"texture":"#1"},"west":{"uv":[6.75,12.5,5.5,14],"texture":"#1"},"up":{"uv":[13.75,1.5,12.5,2.75],"texture":"#1"},"down":{"uv":[8,13.75,6.75,12.5],"texture":"#1"}}},{"from":[14,5,12],"to":[17,9,15],"rotation":{"angle":0,"axis":"y","origin":[17,-1,16]},"faces":{"north":{"uv":[13.5,2.75,14.25,3.75],"texture":"#1"},"east":{"uv":[13.5,6.5,14.25,7.5],"texture":"#1"},"south":{"uv":[1,13.5,1.75,14.5],"texture":"#1"},"west":{"uv":[1.75,13.5,2.5,14.5],"texture":"#1"},"up":{"uv":[13.5,12.5,14.25,13.25],"texture":"#1"}}},{"from":[14,0,12],"to":[19,6,17],"rotation":{"angle":0,"axis":"y","origin":[17,0,16]},"faces":{"north":{"uv":[4.25,12.5,5.5,14],"texture":"#1"},"east":{"uv":[5.5,12.5,6.75,14],"texture":"#1"},"south":{"uv":[12.5,0,13.75,1.5],"texture":"#1"},"west":{"uv":[3,12.5,4.25,14],"texture":"#1"},"up":{"uv":[12.5,1.5,13.75,2.75],"texture":"#1"},"down":{"uv":[6.75,13.75,8,12.5],"texture":"#1"}}}],"gui_light":"front","display":{"thirdperson_righthand":{"rotation":[60.75,0,0],"translation":[0,2.5,0],"scale":[0.42773,0.42773,0.42773]},"thirdperson_lefthand":{"rotation":[60.75,0,0],"translation":[0,2.5,0],"scale":[0.42773,0.42773,0.42773]},"firstperson_righthand":{"rotation":[-180,41.75,-180],"translation":[12.25,-8,-18.5],"scale":[0.80469,0.80469,0.80469]},"firstperson_lefthand":{"rotation":[-180,41.75,-180],"translation":[12.25,-8,-18.5],"scale":[0.80469,0.80469,0.80469]},"ground":{"translation":[0,0.25,0],"scale":[0.54492,0.54492,0.54492]},"gui":{"rotation":[16,159,0],"translation":[0,-2.5,0],"scale":[0.5,0.5,0.5]},"head":{"translation":[0,-32.5,-0.75],"scale":[1.2,1.2,1.2]},"fixed":{"rotation":[-90,0,0],"translation":[0,0,-13.75],"scale":[1.8,1.8,1.8]}},"groups":[{"name":"top","origin":[6,8,-0.5],"color":0,"boneType":"","children":[0,1,2,3,4,5,6,7,8,9,10,11,12,13,14,15,16,17]},{"name":"bottom","origin":[-1,0,0],"color":0,"boneType":"","children":[18,19,20,21,22,23,24,25,26,27]}]}