{"credit":"by w11shes","texture_size":[64,64],"textures":{"0":"elitecreatures:arthur_assortment/crossbow","particle":"elitecreatures:arthur_assortment/crossbow"},"elements":[{"from":[6,1,-1],"to":[10,4,15],"rotation":{"angle":0,"axis":"y","origin":[0,1,0]},"faces":{"north":{"uv":[5.5,2.5,6.5,3.25],"texture":"#0","cullface":"north"},"east":{"uv":[6,0,2,0.75],"texture":"#0"},"west":{"uv":[2,0,6,0.75],"texture":"#0"},"up":{"uv":[1,4,0,0],"texture":"#0"},"down":{"uv":[2,0,1,4],"texture":"#0"}}},{"from":[1.5,0.98,-3.8],"to":[5.5,4.98,0.2],"rotation":{"angle":-45,"axis":"y","origin":[1.5,2.5,0.2]},"faces":{"north":{"uv":[4.5,3.75,5.5,4.75],"texture":"#0"},"east":{"uv":[2,4.75,3,5.75],"texture":"#0"},"south":{"uv":[3,4.75,4,5.75],"texture":"#0"},"west":{"uv":[4,4.75,5,5.75],"texture":"#0"},"up":{"uv":[6,1.75,5,0.75],"texture":"#0"},"down":{"uv":[6,4.75,5,5.75],"texture":"#0"}}},{"from":[-2.37868,2,0.32132],"to":[3.62132,4,2.32132],"rotation":{"angle":22.5,"axis":"y","origin":[3.62132,4,2.32132]},"faces":{"north":{"uv":[5,1.75,6.5,2.25],"texture":"#0"},"south":{"uv":[3,5.75,4.5,6.25],"texture":"#0"},"up":{"uv":[6,6.25,4.5,5.75],"texture":"#0"},"down":{"uv":[7.5,0,6,0.5],"texture":"#0"}}},{"from":[-6.0524,1.5,2.35891],"to":[-2.0524,4.5,6.35891],"rotation":{"angle":-22.5,"axis":"y","origin":[-4.1524,3,4.45891]},"faces":{"north":{"uv":[6,0.5,7,1.25],"texture":"#0"},"east":{"uv":[6,4.75,7,5.5],"texture":"#0"},"south":{"uv":[6,5.5,7,6.25],"texture":"#0"},"west":{"uv":[1,6.25,2,7],"texture":"#0"},"up":{"uv":[1,6.5,0,5.5],"texture":"#0"},"down":{"uv":[6.5,3.75,5.5,4.75],"texture":"#0"}}},{"from":[10.5,0.98,-3.8],"to":[14.5,4.98,0.2],"rotation":{"angle":45,"axis":"y","origin":[14.5,2.5,0.2]},"faces":{"north":{"uv":[5.5,3.75,4.5,4.75],"texture":"#0"},"east":{"uv":[5,4.75,4,5.75],"texture":"#0"},"south":{"uv":[4,4.75,3,5.75],"texture":"#0"},"west":{"uv":[3,4.75,2,5.75],"texture":"#0"},"up":{"uv":[5,1.75,6,0.75],"texture":"#0"},"down":{"uv":[5,4.75,6,5.75],"texture":"#0"}}},{"from":[12.37868,2,0.32132],"to":[18.37868,4,2.32132],"rotation":{"angle":-22.5,"axis":"y","origin":[12.37868,4,2.32132]},"faces":{"north":{"uv":[6.5,1.75,5,2.25],"texture":"#0"},"south":{"uv":[4.5,5.75,3,6.25],"texture":"#0"},"up":{"uv":[4.5,6.25,6,5.75],"texture":"#0"},"down":{"uv":[6,0,7.5,0.5],"texture":"#0"}}},{"from":[18.0524,1.5,2.35891],"to":[22.0524,4.5,6.35891],"rotation":{"angle":22.5,"axis":"y","origin":[20.1524,3,4.45891]},"faces":{"north":{"uv":[7,0.5,6,1.25],"texture":"#0"},"east":{"uv":[2,6.25,1,7],"texture":"#0"},"south":{"uv":[7,5.5,6,6.25],"texture":"#0"},"west":{"uv":[7,4.75,6,5.5],"texture":"#0"},"up":{"uv":[0,6.5,1,5.5],"texture":"#0"},"down":{"uv":[5.5,3.75,6.5,4.75],"texture":"#0"}}},{"from":[-2,4,3.2],"to":[18,4.05,4.2],"faces":{"up":{"uv":[9,2.5,4,2.25],"texture":"#0"},"down":{"uv":[9,2.5,4,2.25],"texture":"#0"}}},{"from":[5.98,1,15],"to":[10.02,4,21],"rotation":{"angle":45,"axis":"x","origin":[11,4,15]},"faces":{"east":{"uv":[5.5,2.5,4,3.25],"texture":"#0"},"west":{"uv":[4,2.5,5.5,3.25],"texture":"#0"},"up":{"uv":[1,5.5,0,4],"texture":"#0"},"down":{"uv":[5,0.75,4,2.25],"texture":"#0"}}},{"from":[6.5,0.98,-5.5],"to":[11.5,2.98,-0.5],"rotation":{"angle":45,"axis":"y","origin":[8,2,-2]},"faces":{"north":{"uv":[6,1.25,7.25,1.75],"texture":"#0"},"east":{"uv":[3,6.25,4.25,6.75],"texture":"#0"},"south":{"uv":[4.25,6.25,5.5,6.75],"texture":"#0"},"west":{"uv":[5.5,6.25,6.75,6.75],"texture":"#0"},"up":{"uv":[3.25,4.75,2,3.5],"texture":"#0"},"down":{"uv":[4.5,3.5,3.25,4.75],"texture":"#0"}}},{"from":[5.55025,2.98,0.55025],"to":[2.55025,0.98,-2.44975],"rotation":{"angle":45,"axis":"y","origin":[3.05025,4.96,-6.94975]},"faces":{"north":{"uv":[4.5,6.75,5.25,6.25],"texture":"#0"},"east":{"uv":[5.75,6.75,6.5,6.25],"texture":"#0"},"south":{"uv":[6.25,1.75,7,1.25],"texture":"#0"},"west":{"uv":[3.25,6.75,4,6.25],"texture":"#0"}}},{"from":[6,-2.36396,17.12132],"to":[10,1.63604,24.12132],"rotation":{"angle":-22.5,"axis":"x","origin":[5.98,-2.36396,17.12132]},"faces":{"east":{"uv":[3.75,0.75,2,1.75],"texture":"#0"},"south":{"uv":[2,5.75,3,6.75],"texture":"#0"},"west":{"uv":[2,0.75,3.75,1.75],"texture":"#0"},"up":{"uv":[3,3.5,2,1.75],"texture":"#0"},"down":{"uv":[4,1.75,3,3.5],"texture":"#0"}}},{"from":[7,1,5],"to":[9,3,14],"rotation":{"angle":22.5,"axis":"x","origin":[8,1,5]},"faces":{"east":{"uv":[6.75,3.25,4.5,3.75],"texture":"#0"},"south":{"uv":[0,6.5,0.5,7],"texture":"#0"},"west":{"uv":[4.5,3.25,6.75,3.75],"texture":"#0"},"up":{"uv":[1.5,6.25,1,4],"texture":"#0"},"down":{"uv":[2,4,1.5,6.25],"texture":"#0"}}}],"gui_light":"front","display":{"thirdperson_righthand":{"translation":[0,5.25,-1.25],"scale":[0.6,0.6,0.6]},"thirdperson_lefthand":{"translation":[0,5.25,-1.25],"scale":[0.6,0.6,0.6]},"firstperson_righthand":{"translation":[-2.25,6.5,3],"scale":[0.6,0.6,0.6]},"firstperson_lefthand":{"translation":[-2.25,6.5,3],"scale":[0.6,0.6,0.6]},"ground":{"translation":[0,1.25,0],"scale":[0.45,0.45,0.45]},"gui":{"rotation":[37,142,0],"translation":[0.75,2.5,0],"scale":[0.6,0.6,0.6]},"head":{"translation":[0,10,-4.75],"scale":[0.6,0.6,0.6]},"fixed":{"rotation":[-90,0,0],"translation":[0,-1.5,-13.5],"scale":[1.2,1.2,1.2]}}}