{"credit":"by w11shes","texture_size":[32,32],"textures":{"0":"elitecreatures:arthur_assortment/hammer","particle":"elitecreatures:arthur_assortment/hammer"},"elements":[{"from":[7,-11,7],"to":[9,7,9],"rotation":{"angle":45,"axis":"y","origin":[8,-7.5,8]},"faces":{"north":{"uv":[7.5,5.5,6.5,14.5],"texture":"#0"},"east":{"uv":[6.5,5.5,7.5,14.5],"texture":"#0"},"south":{"uv":[7.5,5.5,6.5,14.5],"texture":"#0"},"west":{"uv":[6.5,5.5,7.5,14.5],"texture":"#0"}}},{"from":[6.5,-6,6],"to":[9.5,-4,10],"rotation":{"angle":0,"axis":"y","origin":[0,-26,16]},"faces":{"north":{"uv":[0,14.5,1.5,15.5],"texture":"#0"},"east":{"uv":[7.5,14,9.5,15],"texture":"#0"},"south":{"uv":[0,14.5,1.5,15.5],"texture":"#0"},"west":{"uv":[7.5,14,9.5,15],"texture":"#0"},"up":{"uv":[12.5,14.5,10.5,13],"rotation":270,"texture":"#0"},"down":{"uv":[14.5,13,12.5,14.5],"rotation":90,"texture":"#0"}}},{"from":[6.5,-15.6,5.5],"to":[9.5,-10.6,10.5],"rotation":{"angle":-45,"axis":"x","origin":[8,-13.1,8]},"faces":{"north":{"uv":[7.5,11.5,9,14],"texture":"#0"},"east":{"uv":[13.5,8,11,10.5],"texture":"#0"},"south":{"uv":[9,11.5,10.5,14],"texture":"#0"},"west":{"uv":[11,8,13.5,10.5],"texture":"#0"},"up":{"uv":[14.5,4,12,2.5],"rotation":270,"texture":"#0"},"down":{"uv":[14.5,4,12,5.5],"rotation":90,"texture":"#0"}}},{"from":[6.5,7,6],"to":[9.5,10,10],"rotation":{"angle":0,"axis":"y","origin":[0,-10,16]},"faces":{"north":{"uv":[13.5,8,15,9.5],"texture":"#0"},"east":{"uv":[2,13.5,4,15],"texture":"#0"},"south":{"uv":[13.5,8,15,9.5],"texture":"#0"},"west":{"uv":[2,13.5,4,15],"texture":"#0"},"down":{"uv":[6,13.5,4,15],"rotation":90,"texture":"#0"}}},{"from":[5.5,8.8,3],"to":[10.5,15.8,10],"rotation":{"angle":45,"axis":"x","origin":[8,10.8,8]},"faces":{"north":{"uv":[7,0,9.5,3.5],"texture":"#0"},"east":{"uv":[6.5,5.5,3,9],"texture":"#0"},"south":{"uv":[7.5,3.5,10,7],"texture":"#0"},"west":{"uv":[3,5.5,6.5,9],"texture":"#0"},"up":{"uv":[11,9.5,7.5,7],"rotation":270,"texture":"#0"},"down":{"uv":[6.5,9,3,11.5],"rotation":90,"texture":"#0"}}},{"from":[7.48,12.8,7],"to":[8.52,17.8,12],"rotation":{"angle":45,"axis":"x","origin":[8,10.8,8]},"faces":{"north":{"uv":[11,10.5,11.5,13],"texture":"#0"},"east":{"uv":[13.5,10.5,11,13],"texture":"#0"},"south":{"uv":[13,10.5,13.5,13],"texture":"#0"},"west":{"uv":[11,10.5,13.5,13],"texture":"#0"},"up":{"uv":[13.5,10.5,11,11],"rotation":270,"texture":"#0"},"down":{"uv":[13.5,12.5,11,13],"rotation":90,"texture":"#0"}}},{"from":[6.5,10.42,2.54],"to":[9.5,15.42,5.54],"rotation":{"angle":0,"axis":"y","origin":[0,-15.78,15.54]},"faces":{"east":{"uv":[14.5,0,13,2.5],"texture":"#0"},"west":{"uv":[13,0,14.5,2.5],"texture":"#0"},"up":{"uv":[15,11,13.5,9.5],"rotation":270,"texture":"#0"},"down":{"uv":[15,11,13.5,12.5],"rotation":90,"texture":"#0"}}},{"from":[4.5,7.42,-3.46],"to":[11.5,18.42,2.54],"rotation":{"angle":0,"axis":"y","origin":[0,-15.78,15.54]},"faces":{"north":{"uv":[0,0,3.5,5.5],"texture":"#0"},"east":{"uv":[0,5.5,3,11],"texture":"#0"},"south":{"uv":[3.5,0,7,5.5],"texture":"#0"},"west":{"uv":[0,5.5,3,11],"texture":"#0"}}},{"from":[4.48,16.29868,-2.58132],"to":[11.52,20.54132,1.66132],"rotation":{"angle":-45,"axis":"x","origin":[8,18.42,-0.46]},"faces":{"east":{"uv":[4,11.5,2,13.5],"texture":"#0"},"south":{"uv":[7.5,9.5,11,11.5],"texture":"#0"},"west":{"uv":[2,11.5,4,13.5],"texture":"#0"},"up":{"uv":[12,6,10,2.5],"rotation":270,"texture":"#0"}}},{"from":[4.48,5.29868,-2.58132],"to":[11.52,9.54132,1.66132],"rotation":{"angle":45,"axis":"x","origin":[8,7.42,-0.46]},"faces":{"east":{"uv":[6,11.5,4,13.5],"texture":"#0"},"south":{"uv":[11,6,14.5,8],"texture":"#0"},"west":{"uv":[4,11.5,6,13.5],"texture":"#0"},"down":{"uv":[2,11,0,14.5],"rotation":90,"texture":"#0"}}},{"from":[8,10.42132,12.77817],"to":[8.05,15.42132,19.77817],"rotation":{"angle":0,"axis":"y","origin":[-0.5,-12.32868,16.27817]},"faces":{"east":{"uv":[13,0,9.5,2.5],"texture":"#0"},"west":{"uv":[9.5,0,13,2.5],"texture":"#0"}}},{"from":[7.5,10.42132,12.77817],"to":[8.5,15.42132,16.77817],"rotation":{"angle":0,"axis":"y","origin":[-0.5,-12.32868,16.27817]},"faces":{"east":{"uv":[11.5,0,9.5,2.5],"texture":"#0"},"south":{"uv":[11,0,11.5,2.5],"texture":"#0"},"west":{"uv":[9.5,0,11.5,2.5],"texture":"#0"},"up":{"uv":[11.5,0,9.5,0.5],"rotation":270,"texture":"#0"},"down":{"uv":[11.5,2,9.5,2.5],"rotation":90,"texture":"#0"}}}],"gui_light":"front","display":{"thirdperson_righthand":{"translation":[-0.25,3,1],"scale":[0.6,0.6,0.6]},"thirdperson_lefthand":{"translation":[-0.25,3,1],"scale":[0.6,0.6,0.6]},"firstperson_righthand":{"rotation":[0,15,0],"translation":[3.75,5,-3.25],"scale":[0.54883,0.54883,0.54883]},"firstperson_lefthand":{"rotation":[0,15,0],"translation":[3.75,5,-3.25],"scale":[0.54883,0.54883,0.54883]},"ground":{"rotation":[94,85,0],"translation":[0,0.25,-0.75],"scale":[0.5,0.5,0.5]},"gui":{"rotation":[-90,45,88],"translation":[-0.5,1.25,0],"scale":[0.48,0.48,0.48]},"head":{"rotation":[90,-171,90],"translation":[-2.25,9.25,0.25],"scale":[0.7,0.7,0.7]},"fixed":{"rotation":[0,90,0],"translation":[0,0.25,-1.25],"scale":[1.2,1.2,1.2]}}}