{"credit":"by w11shes","texture_size":[32,32],"textures":{"1":"elitecreatures:arthur_assortment/hoe"},"elements":[{"from":[6.5,-13.6,5.5],"to":[9.5,-8.6,10.5],"rotation":{"angle":-45,"axis":"x","origin":[8,-11.1,8]},"faces":{"north":{"uv":[7,2.5,8.5,5],"texture":"#1"},"east":{"uv":[9.5,0,7,2.5],"texture":"#1"},"south":{"uv":[3,7.5,4.5,10],"texture":"#1"},"west":{"uv":[7,0,9.5,2.5],"texture":"#1"},"up":{"uv":[10,6.5,7.5,5],"rotation":270,"texture":"#1"},"down":{"uv":[10,6.5,7.5,8],"rotation":90,"texture":"#1"}}},{"from":[7,-9,7],"to":[9,6,9],"rotation":{"angle":45,"axis":"y","origin":[8,-5.5,8]},"faces":{"north":{"uv":[4.5,0,3.5,7.5],"texture":"#1"},"east":{"uv":[3.5,0,4.5,7.5],"texture":"#1"},"south":{"uv":[4.5,0,3.5,7.5],"texture":"#1"},"west":{"uv":[3.5,0,4.5,7.5],"texture":"#1"}}},{"from":[6.5,-6,6],"to":[9.5,-4,10],"rotation":{"angle":0,"axis":"y","origin":[0,-24,16]},"faces":{"north":{"uv":[9.5,1.5,11,2.5],"texture":"#1"},"east":{"uv":[8.5,4,10.5,5],"texture":"#1"},"south":{"uv":[9.5,1.5,11,2.5],"texture":"#1"},"west":{"uv":[8.5,4,10.5,5],"texture":"#1"},"up":{"uv":[9.5,9.5,7.5,8],"rotation":270,"texture":"#1"},"down":{"uv":[10.5,2.5,8.5,4],"rotation":90,"texture":"#1"}}},{"from":[5.48,7.8,4],"to":[10.52,13.8,10],"rotation":{"angle":45,"axis":"x","origin":[8,9.8,8]},"faces":{"north":{"uv":[4.5,0,7,3],"texture":"#1"},"east":{"uv":[3,3.5,0,6.5],"texture":"#1"},"south":{"uv":[4.5,3,7,6],"texture":"#1"},"west":{"uv":[0,3.5,3,6.5],"texture":"#1"},"up":{"uv":[7.5,8.5,4.5,6],"rotation":270,"texture":"#1"},"down":{"uv":[3,6.5,0,9],"rotation":90,"texture":"#1"}}},{"from":[6.5,6,6],"to":[9.5,9,10],"rotation":{"angle":0,"axis":"y","origin":[0,-11,16]},"faces":{"north":{"uv":[9.5,0,11,1.5],"texture":"#1"},"east":{"uv":[4.5,8.5,6.5,10],"texture":"#1"},"south":{"uv":[9.5,0,11,1.5],"texture":"#1"},"west":{"uv":[4.5,8.5,6.5,10],"texture":"#1"},"down":{"uv":[2,9,0,10.5],"rotation":90,"texture":"#1"}}},{"from":[6.52,9.71421,2.25736],"to":[9.52,12.71421,5.25736],"rotation":{"angle":0,"axis":"y","origin":[7.52,-10.78579,14.75736]},"faces":{"east":{"uv":[8,9.5,6.5,11],"texture":"#1"},"west":{"uv":[6.5,9.5,8,11],"texture":"#1"},"up":{"uv":[9.5,11,8,9.5],"rotation":270,"texture":"#1"},"down":{"uv":[11,8,9.5,9.5],"rotation":90,"texture":"#1"}}},{"from":[6.52,9.69421,0.13604],"to":[8.64132,12.73421,2.25736],"rotation":{"angle":-45,"axis":"y","origin":[6.52,11.21421,2.25736]},"faces":{"north":{"uv":[3,9,2,10.5],"texture":"#1"},"west":{"uv":[2,9,3,10.5],"texture":"#1"},"up":{"uv":[7.5,9.5,6.5,8.5],"rotation":270,"texture":"#1"},"down":{"uv":[10.5,9.5,9.5,10.5],"rotation":90,"texture":"#1"}}},{"from":[1.60579,11.23321,-3.40736],"to":[8.60579,11.28321,3.59264],"rotation":{"angle":-45,"axis":"y","origin":[6.60579,11.73321,3.59264]},"faces":{"up":{"uv":[3.5,3.5,0,0],"rotation":270,"texture":"#1"},"down":{"uv":[3.5,0,0,3.5],"rotation":90,"texture":"#1"}}},{"from":[3.60579,10.73321,-1.40736],"to":[8.60579,11.73321,3.59264],"rotation":{"angle":-45,"axis":"y","origin":[6.60579,11.23321,3.59264]},"faces":{"north":{"uv":[3.5,2.5,1,2],"texture":"#1"},"east":{"uv":[3.5,0.5,1,0],"texture":"#1"},"south":{"uv":[1,0.5,3.5,0],"texture":"#1"},"west":{"uv":[1,2.5,3.5,2],"texture":"#1"},"up":{"uv":[3.5,2.5,1,0],"rotation":270,"texture":"#1"},"down":{"uv":[3.5,0,1,2.5],"rotation":90,"texture":"#1"}}}],"gui_light":"front","display":{"thirdperson_righthand":{"translation":[-0.25,3.25,1],"scale":[0.6,0.6,0.6]},"thirdperson_lefthand":{"translation":[-0.25,3.25,1],"scale":[0.6,0.6,0.6]},"firstperson_righthand":{"rotation":[-42.25,22,0],"translation":[1.75,5.25,-2.25],"scale":[0.54883,0.54883,0.54883]},"firstperson_lefthand":{"rotation":[-42.25,22,0],"translation":[1.75,5.25,-2.25],"scale":[0.54883,0.54883,0.54883]},"ground":{"rotation":[94,85,0],"translation":[0,0.25,-0.75],"scale":[0.5,0.5,0.5]},"gui":{"rotation":[-112,32,126],"translation":[-2,2.5,0],"scale":[0.6,0.6,0.6]},"head":{"rotation":[90,-171,90],"translation":[-2.25,9.25,0.25],"scale":[0.7,0.7,0.7]},"fixed":{"rotation":[0,90,0],"translation":[0,0.25,-1.25],"scale":[1.2,1.2,1.2]}}}