{"credit":"by w11shes","texture_size":[32,32],"textures":{"0":"elitecreatures:arthur_assortment/pickaxe","particle":"elitecreatures:arthur_assortment/pickaxe"},"elements":[{"from":[6.4925,-6.62505,12.67466],"to":[9.4925,-1.62505,17.67466],"rotation":{"angle":45,"axis":"x","origin":[8,3.05711,7.9925]},"faces":{"north":{"uv":[7,4,8.5,6.5],"texture":"#0"},"east":{"uv":[4,3,6.5,5.5],"texture":"#0"},"south":{"uv":[6.5,1.5,8,4],"texture":"#0"},"west":{"uv":[6.5,3,4,5.5],"texture":"#0"},"up":{"uv":[9.5,8,7,6.5],"rotation":90,"texture":"#0"},"down":{"uv":[2.5,7.5,0,9],"rotation":270,"texture":"#0"}}},{"from":[6.9947,-5,6.9872],"to":[8.9947,8,8.9872],"rotation":{"angle":45,"axis":"y","origin":[8,3.05711,7.9925]},"faces":{"north":{"uv":[4,3,3,9.5],"texture":"#0"},"east":{"uv":[3,3,4,9.5],"texture":"#0"},"south":{"uv":[4,3,3,9.5],"texture":"#0"},"west":{"uv":[3,3,4,9.5],"texture":"#0"}}},{"from":[6.4925,-2,5.9925],"to":[9.4925,0,9.9925],"rotation":{"angle":0,"axis":"y","origin":[8,3.05711,7.9925]},"faces":{"north":{"uv":[9,8,10.5,9],"texture":"#0"},"east":{"uv":[0,9,2,10],"texture":"#0"},"south":{"uv":[9,8,10.5,9],"texture":"#0"},"west":{"uv":[0,9,2,10],"texture":"#0"},"up":{"uv":[10,3,8,1.5],"rotation":90,"texture":"#0"},"down":{"uv":[9,8,7,9.5],"rotation":270,"texture":"#0"}}},{"from":[6.4725,7.23927,12.17466],"to":[9.5125,13.23927,18.17466],"rotation":{"angle":-45,"axis":"x","origin":[8,3.05711,7.9925]},"faces":{"north":{"uv":[5.5,5.5,7,8.5],"texture":"#0"},"east":{"uv":[0,3,3,6],"texture":"#0"},"south":{"uv":[4,5.5,5.5,8.5],"texture":"#0"},"west":{"uv":[3,3,0,6],"texture":"#0"},"up":{"uv":[3,7.5,0,6],"rotation":90,"texture":"#0"},"down":{"uv":[9.5,0,6.5,1.5],"rotation":270,"texture":"#0"}}},{"from":[6.4925,8,5.9925],"to":[9.4925,11,9.9925],"rotation":{"angle":0,"axis":"y","origin":[8,3.05711,7.9925]},"faces":{"north":{"uv":[8.5,4.5,10,6],"texture":"#0"},"east":{"uv":[8.5,3,10.5,4.5],"texture":"#0"},"south":{"uv":[8.5,4.5,10,6],"texture":"#0"},"west":{"uv":[8.5,3,10.5,4.5],"texture":"#0"},"down":{"uv":[6,8.5,4,10],"rotation":270,"texture":"#0"}}},{"from":[7.9625,9.14703,-2.42711],"to":[8.0125,15.14703,10.57289],"rotation":{"angle":-22.5,"axis":"x","origin":[8,3.05711,7.9925]},"faces":{"east":{"uv":[0,0,6.5,3],"texture":"#0"},"west":{"uv":[6.5,0,0,3],"texture":"#0"}}},{"from":[7.5125,12.14703,2.57289],"to":[8.5125,15.14703,10.57289],"rotation":{"angle":-22.5,"axis":"x","origin":[8,3.05711,7.9925]},"faces":{"north":{"uv":[3.5,0,4,1.5],"texture":"#0"},"east":{"uv":[0,0,4,1.5],"texture":"#0"},"west":{"uv":[4,0,0,1.5],"texture":"#0"},"up":{"uv":[4,0,0,0.5],"rotation":90,"texture":"#0"},"down":{"uv":[4,1,0,1.5],"rotation":270,"texture":"#0"}}},{"from":[7.5125,12.14703,5.41211],"to":[8.5125,15.14703,13.41211],"rotation":{"angle":22.5,"axis":"x","origin":[8,3.05711,7.9925]},"faces":{"east":{"uv":[4,0,0,1.5],"texture":"#0"},"south":{"uv":[4,0,3.5,1.5],"texture":"#0"},"west":{"uv":[0,0,4,1.5],"texture":"#0"},"up":{"uv":[0,0,4,0.5],"rotation":90,"texture":"#0"},"down":{"uv":[0,1,4,1.5],"rotation":270,"texture":"#0"}}},{"from":[7.9625,9.14703,5.41211],"to":[8.0125,15.14703,18.41211],"rotation":{"angle":22.5,"axis":"x","origin":[8,3.05711,7.9925]},"faces":{"east":{"uv":[6.5,0,0,3],"texture":"#0"},"west":{"uv":[0,0,6.5,3],"texture":"#0"}}}],"gui_light":"front","display":{"thirdperson_righthand":{"translation":[-0.25,3.25,1],"scale":[0.6,0.6,0.6]},"thirdperson_lefthand":{"translation":[-0.25,3.25,1],"scale":[0.6,0.6,0.6]},"firstperson_righthand":{"rotation":[14,22,0],"translation":[0,3,-1.5],"scale":[0.54883,0.54883,0.54883]},"firstperson_lefthand":{"rotation":[14,22,0],"translation":[0,3,-1.5],"scale":[0.54883,0.54883,0.54883]},"ground":{"rotation":[94,85,0],"translation":[0,0.25,-0.75],"scale":[0.5,0.5,0.5]},"gui":{"rotation":[-90,45,88],"translation":[-1.25,1.25,0],"scale":[0.55,0.55,0.55]},"head":{"rotation":[90,-171,90],"translation":[-2.25,9.25,0.25],"scale":[0.7,0.7,0.7]},"fixed":{"rotation":[0,90,0],"translation":[0,0.25,-1.25],"scale":[1.2,1.2,1.2]}}}