{
	"credit": "by w11shes",
	"texture_size": [64, 64],
	"textures": {
		"1": "elitecreatures:arthur_assortment/shield"
	},
	"elements": [
		{
			"from": [3, 9, 7],
			"to": [13, 28, 10],
			"rotation": {"angle": 0, "axis": "y", "origin": [0, 12, 0]},
			"faces": {
				"north": {"uv": [0, 0, 2.5, 4.75], "texture": "#1"},
				"east": {"uv": [4, 4.75, 4.75, 9.5], "texture": "#1"},
				"south": {"uv": [2.5, 0, 5, 4.75], "texture": "#1"},
				"west": {"uv": [4.75, 4.75, 5.5, 9.5], "texture": "#1"},
				"up": {"uv": [9.75, 5.25, 7.25, 4.5], "texture": "#1"}
			}
		},
		{
			"from": [-5, 19, 6.98],
			"to": [3, 28, 10.02],
			"rotation": {"angle": 45, "axis": "z", "origin": [3, 28, 8.5]},
			"faces": {
				"north": {"uv": [9, 0, 11, 2.25], "texture": "#1"},
				"south": {"uv": [2, 4.75, 4, 7], "texture": "#1"},
				"west": {"uv": [7.25, 5.25, 8, 7.5], "texture": "#1"},
				"up": {"uv": [9.25, 8.25, 7.25, 7.5], "texture": "#1"}
			}
		},
		{
			"from": [13, 19, 6.98],
			"to": [21, 28, 10.02],
			"rotation": {"angle": -45, "axis": "z", "origin": [13, 28, 8.5]},
			"faces": {
				"north": {"uv": [2, 4.75, 0, 7], "texture": "#1"},
				"east": {"uv": [8, 5.25, 7.25, 7.5], "texture": "#1"},
				"south": {"uv": [4, 4.75, 2, 7], "texture": "#1"},
				"up": {"uv": [7.25, 8.25, 9.25, 7.5], "texture": "#1"}
			}
		},
		{
			"from": [3, 23.7, 6],
			"to": [10, 30.7, 11],
			"rotation": {"angle": 45, "axis": "z", "origin": [8, 28.7, 8.5]},
			"faces": {
				"north": {"uv": [5, 0, 6.75, 1.75], "texture": "#1"},
				"east": {"uv": [1.5, 7, 2.75, 8.75], "texture": "#1"},
				"south": {"uv": [5, 1.75, 6.75, 3.5], "texture": "#1"},
				"west": {"uv": [6.75, 1.5, 8, 3.25], "texture": "#1"},
				"up": {"uv": [7.25, 8.25, 5.5, 7], "texture": "#1"},
				"down": {"uv": [9, 3.25, 7.25, 4.5], "texture": "#1"}
			}
		},
		{
			"from": [3, 2.92893, 6.98],
			"to": [10.07107, 10, 10.02],
			"rotation": {"angle": 45, "axis": "z", "origin": [3, 10, 8]},
			"faces": {
				"north": {"uv": [5.5, 3.5, 7.25, 5.25], "texture": "#1"},
				"south": {"uv": [5.5, 5.25, 7.25, 7], "texture": "#1"},
				"west": {"uv": [8, 1.5, 8.75, 3.25], "texture": "#1"},
				"down": {"uv": [9.75, 5.25, 8, 6], "texture": "#1"}
			}
		},
		{
			"from": [0, -0.11107, 6.98],
			"to": [6.07107, 5.96, 10.02],
			"rotation": {"angle": 45, "axis": "z", "origin": [3, 9.96, 8]},
			"faces": {
				"north": {"uv": [0, 7, 1.5, 8.5], "texture": "#1"},
				"east": {"uv": [0, 8.5, 0.75, 10], "texture": "#1"},
				"south": {"uv": [6.75, 0, 8.25, 1.5], "texture": "#1"},
				"west": {"uv": [8.25, 0, 9, 1.5], "texture": "#1"},
				"up": {"uv": [7, 9, 5.5, 8.25], "texture": "#1"},
				"down": {"uv": [8.5, 8.25, 7, 9], "texture": "#1"}
			}
		},
		{
			"from": [6.5, 14, 10],
			"to": [9.5, 20, 15],
			"rotation": {"angle": 0, "axis": "y", "origin": [0, 12, 0]},
			"faces": {
				"east": {"uv": [4, 7, 2.75, 8.5], "texture": "#1"},
				"south": {"uv": [8, 6, 8.75, 7.5], "texture": "#1"},
				"west": {"uv": [2.75, 7, 4, 8.5], "texture": "#1"},
				"up": {"uv": [1.5, 9.75, 0.75, 8.5], "texture": "#1"},
				"down": {"uv": [3.5, 8.5, 2.75, 9.75], "texture": "#1"}
			}
		},
		{
			"from": [9.5, 19, 14],
			"to": [6.5, 15, 10],
			"rotation": {"angle": 0, "axis": "y", "origin": [23, 19, 10]},
			"faces": {
				"north": {"uv": [8, 7.25, 8.75, 6.25], "texture": "#1"},
				"up": {"uv": [2.75, 8.75, 3.5, 9.75], "texture": "#1"},
				"down": {"uv": [0.75, 9.75, 1.5, 8.75], "texture": "#1"}
			}
		},
		{
			"from": [6, 16, 5],
			"to": [10, 20, 7],
			"rotation": {"angle": 0, "axis": "y", "origin": [0, 12, 0]},
			"faces": {
				"north": {"uv": [8.75, 2.25, 9.75, 3.25], "texture": "#1"},
				"east": {"uv": [9.75, 2.25, 10.25, 3.25], "texture": "#1"},
				"west": {"uv": [10.25, 2.25, 10.75, 3.25], "texture": "#1"},
				"up": {"uv": [9, 3.25, 10, 3.75], "texture": "#1"},
				"down": {"uv": [9, 3.75, 10, 4.25], "texture": "#1"}
			}
		}
	],
	"gui_light": "front",
	"display": {
		"thirdperson_righthand": {
			"rotation": [45, -35, 0],
			"translation": [2.5, -2.75, -6],
			"scale": [0.6, 0.6, 0.6]
		},
		"thirdperson_lefthand": {
			"rotation": [45, -35, 0],
			"translation": [2.5, -2.75, -6],
			"scale": [0.6, 0.6, 0.6]
		},
		"firstperson_righthand": {
			"translation": [1.5, -10, -5],
			"scale": [0.82656, 0.82656, 0.82656]
		},
		"firstperson_lefthand": {
			"translation": [1.5, -10, -5],
			"scale": [0.82656, 0.82656, 0.82656]
		},
		"ground": {
			"rotation": [78, 0, 0],
			"translation": [0, 1.25, -3.5],
			"scale": [0.6, 0.6, 0.6]
		},
		"gui": {
			"rotation": [-13, 145, 25],
			"translation": [-1.75, -4.25, -1.5],
			"scale": [0.55, 0.55, 0.55]
		},
		"head": {
			"rotation": [0, 0, -34],
			"translation": [0, 13.5, -0.5],
			"scale": [0.6, 0.6, 0.6]
		},
		"fixed": {
			"translation": [1.25, -9.75, -4.25],
			"scale": [1.40469, 1.40469, 1.40469]
		}
	}
}