{"credit":"by w11shes","texture_size":[32,32],"textures":{"2":"elitecreatures:arthur_assortment/shovel","particle":"elitecreatures:arthur_assortment/shovel"},"elements":[{"from":[6.49,-12.50373,15.37927],"to":[9.49,-7.50373,20.37927],"rotation":{"angle":45,"axis":"x","origin":[8,-0.11446,7.99]},"faces":{"north":{"uv":[8.5,2.5,10,5],"texture":"#2"},"east":{"uv":[3,6,5.5,8.5],"texture":"#2"},"south":{"uv":[8.5,0,10,2.5],"texture":"#2"},"west":{"uv":[5.5,6,3,8.5],"texture":"#2"},"up":{"uv":[5.5,10,3,8.5],"rotation":90,"texture":"#2"},"down":{"uv":[11,7.5,8.5,9],"rotation":270,"texture":"#2"}}},{"from":[6.99293,-12,6.98293],"to":[8.99293,3,8.98293],"rotation":{"angle":45,"axis":"y","origin":[8,-0.11446,7.99]},"faces":{"north":{"uv":[6,0,7,7.5],"texture":"#2"},"east":{"uv":[7,0,6,7.5],"texture":"#2"},"south":{"uv":[6,0,7,7.5],"texture":"#2"},"west":{"uv":[7,0,6,7.5],"texture":"#2"}}},{"from":[6.49,-9,5.99],"to":[9.49,-7,9.99],"rotation":{"angle":0,"axis":"y","origin":[8,-0.11446,7.99]},"faces":{"north":{"uv":[10,1.5,11.5,2.5],"texture":"#2"},"east":{"uv":[8.5,5,10.5,6],"texture":"#2"},"south":{"uv":[10,1.5,11.5,2.5],"texture":"#2"},"west":{"uv":[8.5,5,10.5,6],"texture":"#2"},"up":{"uv":[2,10.5,0,9],"rotation":90,"texture":"#2"},"down":{"uv":[7.5,9,5.5,10.5],"rotation":270,"texture":"#2"}}},{"from":[6.47,2.7748,10.87927],"to":[9.51,8.7748,16.87927],"rotation":{"angle":-45,"axis":"x","origin":[8,-0.11446,7.99]},"faces":{"north":{"uv":[7,3,8.5,6],"texture":"#2"},"east":{"uv":[0,6,3,9],"texture":"#2"},"south":{"uv":[7,0,8.5,3],"texture":"#2"},"west":{"uv":[3,6,0,9],"texture":"#2"},"up":{"uv":[10,7.5,7,6],"rotation":90,"texture":"#2"},"down":{"uv":[8.5,7.5,5.5,9],"rotation":270,"texture":"#2"}}},{"from":[7.97,3.7748,11.87927],"to":[8.01,15.7748,23.87927],"rotation":{"angle":-45,"axis":"x","origin":[8,-0.11446,7.99]},"faces":{"east":{"uv":[0,0,6,6],"texture":"#2"},"west":{"uv":[6,0,0,6],"texture":"#2"}}},{"from":[7.51,3.7748,11.87927],"to":[8.51,13.7748,21.87927],"rotation":{"angle":-45,"axis":"x","origin":[8,-0.11446,7.99]},"faces":{"north":{"uv":[5.5,1,6,6],"texture":"#2"},"east":{"uv":[1,1,6,6],"texture":"#2"},"south":{"uv":[1,1,1.5,6],"texture":"#2"},"west":{"uv":[6,1,1,6],"texture":"#2"},"up":{"uv":[6,1,1,1.5],"rotation":90,"texture":"#2"},"down":{"uv":[6,5.5,1,6],"rotation":270,"texture":"#2"}}},{"from":[6.49,3,5.99],"to":[9.49,6,9.99],"rotation":{"angle":0,"axis":"y","origin":[8,-0.11446,7.99]},"faces":{"north":{"uv":[10,0,11.5,1.5],"texture":"#2"},"east":{"uv":[7.5,9,9.5,10.5],"texture":"#2"},"south":{"uv":[10,0,11.5,1.5],"texture":"#2"},"west":{"uv":[7.5,9,9.5,10.5],"texture":"#2"},"down":{"uv":[11.5,9,9.5,10.5],"rotation":270,"texture":"#2"}}}],"gui_light":"front","display":{"thirdperson_righthand":{"translation":[-0.25,3.5,1],"scale":[0.5,0.5,0.5]},"thirdperson_lefthand":{"translation":[-0.25,3.5,1],"scale":[0.5,0.5,0.5]},"firstperson_righthand":{"rotation":[7,19,-1],"translation":[4.25,3.5,-3.5],"scale":[0.54883,0.54883,0.54883]},"firstperson_lefthand":{"rotation":[7,19,-1],"translation":[4.25,3.5,-3.5],"scale":[0.54883,0.54883,0.54883]},"ground":{"rotation":[94,85,0],"translation":[0,0.25,-0.75],"scale":[0.5,0.5,0.5]},"gui":{"rotation":[-90,45,88],"translation":[-2,2,0],"scale":[0.48,0.48,0.48]},"head":{"rotation":[90,-171,90],"translation":[-2.25,9.25,0.25],"scale":[0.7,0.7,0.7]},"fixed":{"rotation":[0,90,0],"translation":[0,0.25,-1.25],"scale":[1.2,1.2,1.2]}}}