{"credit":"by w11shes","texture_size":[32,32],"textures":{"0":"elitecreatures:arthur_assortment/spear","particle":"elitecreatures:arthur_assortment/spear"},"elements":[{"from":[6.5125,-14.6982,19.7607],"to":[9.5125,-9.6982,24.7607],"rotation":{"angle":45,"axis":"x","origin":[8,2.05,8.0125]},"faces":{"north":{"uv":[0,7.5,1.5,10],"texture":"#0"},"east":{"uv":[0,5,2.5,7.5],"texture":"#0"},"south":{"uv":[7,6,8.5,8.5],"texture":"#0"},"west":{"uv":[2.5,5,0,7.5],"texture":"#0"},"up":{"uv":[6,9,3.5,7.5],"rotation":90,"texture":"#0"},"down":{"uv":[8.5,8.5,6,10],"rotation":270,"texture":"#0"}}},{"from":[7.00884,-16,7.02134],"to":[9.00884,6,9.02134],"rotation":{"angle":45,"axis":"y","origin":[8,2.05,8.0125]},"faces":{"north":{"uv":[2.5,3.5,3.5,14.5],"texture":"#0"},"east":{"uv":[3.5,3.5,2.5,14.5],"texture":"#0"},"south":{"uv":[2.5,3.5,3.5,14.5],"texture":"#0"},"west":{"uv":[3.5,3.5,2.5,14.5],"texture":"#0"}}},{"from":[6.5125,6,6.0125],"to":[9.5125,8,10.0125],"rotation":{"angle":0,"axis":"y","origin":[8,2.05,8.0125]},"faces":{"north":{"uv":[5,10,6.5,11],"texture":"#0"},"east":{"uv":[8.5,9.5,10.5,10.5],"texture":"#0"},"south":{"uv":[5,10,6.5,11],"texture":"#0"},"west":{"uv":[8.5,9.5,10.5,10.5],"texture":"#0"},"down":{"uv":[10.5,6,8.5,7.5],"rotation":270,"texture":"#0"}}},{"from":[6.5125,-11,6.0125],"to":[9.5125,-9,10.0125],"rotation":{"angle":0,"axis":"y","origin":[8,2.05,8.0125]},"faces":{"north":{"uv":[6.5,10,8,11],"texture":"#0"},"east":{"uv":[0,10,2,11],"texture":"#0"},"south":{"uv":[6.5,10,8,11],"texture":"#0"},"west":{"uv":[0,10,2,11],"texture":"#0"},"up":{"uv":[11.5,1.5,9.5,0],"rotation":90,"texture":"#0"},"down":{"uv":[11.5,1.5,9.5,3],"rotation":270,"texture":"#0"}}},{"from":[6.4725,6.71559,9.94505],"to":[9.5525,10.71559,16.94505],"rotation":{"angle":-22.5,"axis":"x","origin":[8,2.05,8.0125]},"faces":{"east":{"uv":[3.5,3.5,6.75,5.5],"texture":"#0"},"south":{"uv":[8.5,7.5,10,9.5],"texture":"#0"},"west":{"uv":[6.75,3.5,3.5,5.5],"texture":"#0"},"up":{"uv":[9.25,1.5,6,0],"rotation":90,"texture":"#0"},"down":{"uv":[9.25,1.5,6,3],"rotation":270,"texture":"#0"}}},{"from":[6.4925,6.71559,-0.92005],"to":[9.5325,10.71559,6.07995],"rotation":{"angle":22.5,"axis":"x","origin":[8,2.05,8.0125]},"faces":{"north":{"uv":[3.5,9,5,11],"texture":"#0"},"east":{"uv":[3.5,5.5,7,7.5],"texture":"#0"},"west":{"uv":[7,5.5,3.5,7.5],"texture":"#0"},"up":{"uv":[10.5,4.5,7,3],"rotation":90,"texture":"#0"},"down":{"uv":[10.5,4.5,7,6],"rotation":270,"texture":"#0"}}},{"from":[7.4925,8.08571,14.04821],"to":[8.5325,15.08571,21.04821],"rotation":{"angle":-45,"axis":"x","origin":[8,2.05,8.0125]},"faces":{"north":{"uv":[5.5,0,6,3.5],"texture":"#0"},"east":{"uv":[2.5,0,6,3.5],"texture":"#0"},"south":{"uv":[2.5,0,3,3.5],"texture":"#0"},"west":{"uv":[6,0,2.5,3.5],"texture":"#0"},"up":{"uv":[6,0,2.5,0.5],"rotation":90,"texture":"#0"},"down":{"uv":[6,3,2.5,3.5],"rotation":270,"texture":"#0"}}},{"from":[7.9625,17.2,5.5125],"to":[8.0125,27.2,10.5125],"rotation":{"angle":0,"axis":"y","origin":[8,2.05,8.0125]},"faces":{"east":{"uv":[0,0,2.5,5],"texture":"#0"},"west":{"uv":[2.5,0,0,5],"texture":"#0"}}},{"from":[7.5125,17.2,5.5125],"to":[8.5125,22.2,10.5125],"rotation":{"angle":0,"axis":"y","origin":[8,2.05,8.0125]},"faces":{"north":{"uv":[2,2.5,2.5,5],"texture":"#0"},"east":{"uv":[0,2.5,2.5,5],"texture":"#0"},"south":{"uv":[0,2.5,0.5,5],"texture":"#0"},"west":{"uv":[2.5,2.5,0,5],"texture":"#0"},"up":{"uv":[2.5,2.5,0,3],"rotation":90,"texture":"#0"}}}],"gui_light":"front","display":{"thirdperson_righthand":{"translation":[-0.25,5.25,1],"scale":[0.6,0.6,0.6]},"thirdperson_lefthand":{"translation":[-0.25,5.25,1],"scale":[0.6,0.6,0.6]},"firstperson_righthand":{"rotation":[-5,14,5],"translation":[4.25,5,-4.25],"scale":[0.54883,0.54883,0.54883]},"firstperson_lefthand":{"rotation":[-5,14,5],"translation":[4.25,5,-4.25],"scale":[0.54883,0.54883,0.54883]},"ground":{"rotation":[94,85,0],"translation":[0,1.5,2],"scale":[0.5,0.5,0.5]},"gui":{"rotation":[-90,45,88],"translation":[-2,1.75,0],"scale":[0.48,0.48,0.48]},"head":{"rotation":[90,-171,90],"translation":[-2.25,9.25,0.25],"scale":[0.7,0.7,0.7]},"fixed":{"rotation":[0,90,0],"translation":[0,7.75,-1.25],"scale":[1.2,1.2,1.2]}}}