{"credit":"by w11shes","texture_size":[8,8],"textures":{"0":"elitecreatures:arthur_assortment/staff","1":"elitecreatures:arthur_assortment/arthur_particle","particle":"elitecreatures:arthur_assortment/staff"},"elements":[{"from":[7,-6,7],"to":[9,15,9],"rotation":{"angle":45,"axis":"y","origin":[8,9.94619,8]},"faces":{"north":{"uv":[1,4,0,14.5],"texture":"#0"},"east":{"uv":[0,4,1,14.5],"texture":"#0"},"south":{"uv":[1,4,0,14.5],"texture":"#0"},"west":{"uv":[0,4,1,14.5],"texture":"#0"}}},{"from":[6.5,-5.31439,18.26059],"to":[9.5,-0.31439,23.26059],"rotation":{"angle":45,"axis":"x","origin":[8,9.94619,8]},"faces":{"north":{"uv":[6.5,3,8,5.5],"texture":"#0"},"east":{"uv":[4,0,6.5,2.5],"texture":"#0"},"south":{"uv":[1,6.5,2.5,9],"texture":"#0"},"west":{"uv":[6.5,0,4,2.5],"texture":"#0"},"up":{"uv":[9,7,6.5,5.5],"rotation":90,"texture":"#0"},"down":{"uv":[9,7,6.5,8.5],"rotation":270,"texture":"#0"}}},{"from":[6.5,0,6],"to":[9.5,2,10],"rotation":{"angle":0,"axis":"y","origin":[8,9.94619,8]},"faces":{"north":{"uv":[4.5,9,6,10],"texture":"#0"},"east":{"uv":[8,4.5,10,5.5],"texture":"#0"},"south":{"uv":[4.5,9,6,10],"texture":"#0"},"west":{"uv":[8,4.5,10,5.5],"texture":"#0"},"up":{"uv":[10,4.5,8,3],"rotation":90,"texture":"#0"},"down":{"uv":[8.5,8.5,6.5,10],"rotation":270,"texture":"#0"}}},{"from":[6.5,15,6],"to":[9.5,18,10],"rotation":{"angle":0,"axis":"y","origin":[8,9.94619,8]},"faces":{"north":{"uv":[3,9,4.5,10.5],"texture":"#0"},"east":{"uv":[8.5,8.5,10.5,10],"texture":"#0"},"south":{"uv":[3,9,4.5,10.5],"texture":"#0"},"west":{"uv":[8.5,8.5,10.5,10],"texture":"#0"},"down":{"uv":[3,9,1,10.5],"rotation":270,"texture":"#0"}}},{"from":[6.48,14.20678,12.26059],"to":[9.52,22.20678,20.26059],"rotation":{"angle":-45,"axis":"x","origin":[8,9.94619,8]},"faces":{"north":{"uv":[5,5,6.5,9],"texture":"#0"},"east":{"uv":[0,0,4,4],"texture":"#0"},"south":{"uv":[3.5,5,5,9],"texture":"#0"},"west":{"uv":[4,0,0,4],"texture":"#0"},"up":{"uv":[10.5,1.5,6.5,0],"rotation":90,"texture":"#0"},"down":{"uv":[10.5,1.5,6.5,3],"rotation":270,"texture":"#0"}}},{"from":[6.52,16.70678,14.76059],"to":[9.52,19.70678,17.76059],"rotation":{"angle":-45,"axis":"x","origin":[8,9.94619,8]},"faces":{"north":{"uv":[10.5,0,11.5,1],"texture":"#0"},"east":{"uv":[10.5,0,11.5,1],"texture":"#0"},"south":{"uv":[10.5,0,11.5,1],"texture":"#0"},"west":{"uv":[10.5,0,11.5,1],"texture":"#0"},"up":{"uv":[10.5,0,11.5,1],"rotation":90,"texture":"#0"},"down":{"uv":[10.5,0,11.5,1],"rotation":270,"texture":"#0"}}},{"from":[10.12,20.30678,18.36059],"to":[5.92,16.10678,14.16059],"rotation":{"angle":-45,"axis":"x","origin":[8,9.94619,8]},"faces":{"north":{"uv":[10.5,1,11.5,2],"texture":"#0"},"east":{"uv":[10.5,1,11.5,2],"texture":"#0"},"south":{"uv":[10.5,1,11.5,2],"texture":"#0"},"west":{"uv":[10.5,1,11.5,2],"texture":"#0"},"up":{"uv":[10.5,1,11.5,2],"rotation":90,"texture":"#0"},"down":{"uv":[10.5,1,11.5,2],"rotation":270,"texture":"#0"}}},{"from":[11.02,21.20678,19.26059],"to":[5.02,15.20678,13.26059],"rotation":{"angle":-45,"axis":"x","origin":[8,9.94619,8]},"faces":{"north":{"uv":[10.5,2,11.5,3],"texture":"#0"},"east":{"uv":[10.5,2,11.5,3],"texture":"#0"},"south":{"uv":[10.5,2,11.5,3],"texture":"#0"},"west":{"uv":[10.5,2,11.5,3],"texture":"#0"},"up":{"uv":[10.5,2,11.5,3],"rotation":90,"texture":"#0"},"down":{"uv":[10.5,2,11.5,3],"rotation":270,"texture":"#0"}}},{"from":[9.52,22.20678,20.26059],"to":[6.48,14.20678,12.26059],"rotation":{"angle":-45,"axis":"x","origin":[8,9.94619,8]},"faces":{"north":{"uv":[3.5,9,5,5],"texture":"#0"},"east":{"uv":[4,4,0,0],"texture":"#0"},"south":{"uv":[5,9,6.5,5],"texture":"#0"},"west":{"uv":[0,4,4,0],"texture":"#0"},"up":{"uv":[6.5,1.5,10.5,3],"rotation":90,"texture":"#0"},"down":{"uv":[6.5,1.5,10.5,0],"rotation":270,"texture":"#0"}}},{"from":[7.5,20.20678,9.26059],"to":[8.5,25.20678,14.26059],"rotation":{"angle":-45,"axis":"x","origin":[8,9.94619,8]},"faces":{"north":{"uv":[3,4,3.5,6.5],"texture":"#0"},"east":{"uv":[1,4,3.5,6.5],"texture":"#0"},"south":{"uv":[1,4,1.5,6.5],"texture":"#0"},"west":{"uv":[3.5,4,1,6.5],"texture":"#0"},"up":{"uv":[1,4,3.5,4.5],"rotation":90,"texture":"#0"},"down":{"uv":[3.5,6,1,6.5],"rotation":270,"texture":"#0"}}},{"from":[7.5,20.20678,1.73941],"to":[8.5,25.20678,6.73941],"rotation":{"angle":45,"axis":"x","origin":[8,9.94619,8]},"faces":{"north":{"uv":[1.5,4,1,6.5],"texture":"#0"},"east":{"uv":[3.5,4,1,6.5],"texture":"#0"},"south":{"uv":[3.5,4,3,6.5],"texture":"#0"},"west":{"uv":[1,4,3.5,6.5],"texture":"#0"},"up":{"uv":[3.5,4,1,4.5],"rotation":90,"texture":"#0"},"down":{"uv":[1,6,3.5,6.5],"rotation":270,"texture":"#0"}}},{"from":[7.5,20.20678,18.26059],"to":[8.5,25.20678,23.26059],"rotation":{"angle":-45,"axis":"x","origin":[8,9.94619,8]},"faces":{"north":{"uv":[6,2.5,6.5,5],"texture":"#0"},"east":{"uv":[4,2.5,6.5,5],"texture":"#0"},"south":{"uv":[4,2.5,4.5,5],"texture":"#0"},"west":{"uv":[6.5,2.5,4,5],"texture":"#0"},"up":{"uv":[4,2.5,6.5,3],"rotation":90,"texture":"#0"},"down":{"uv":[6.5,4.5,4,5],"rotation":270,"texture":"#0"}}},{"from":[11.95,20.50297,14.10201],"to":[12.55,21.10297,14.70201],"shade":false,"rotation":{"angle":-45,"axis":"x","origin":[8,9.94619,8]},"faces":{"north":{"uv":[0,14,2,16],"texture":"#1"},"east":{"uv":[0,14,2,16],"texture":"#1"},"south":{"uv":[0,14,2,16],"texture":"#1"},"west":{"uv":[0,14,2,16],"texture":"#1"},"up":{"uv":[0,14,2,16],"rotation":90,"texture":"#1"},"down":{"uv":[0,14,2,16],"rotation":270,"texture":"#1"}}},{"from":[12.8,21.35297,14.95201],"to":[11.7,20.25297,13.85201],"shade":false,"rotation":{"angle":-45,"axis":"x","origin":[8,9.94619,8]},"faces":{"north":{"uv":[2,14,4,16],"texture":"#1"},"east":{"uv":[2,14,4,16],"texture":"#1"},"south":{"uv":[2,14,4,16],"texture":"#1"},"west":{"uv":[2,14,4,16],"texture":"#1"},"up":{"uv":[2,14,4,16],"rotation":90,"texture":"#1"},"down":{"uv":[2,14,4,16],"rotation":270,"texture":"#1"}}},{"from":[11.9,20.94758,14.53864],"to":[12.6,21.64758,15.23864],"shade":false,"rotation":{"angle":-45,"axis":"x","origin":[8,9.94619,8]},"faces":{"north":{"uv":[0,12,2,14],"texture":"#1"},"east":{"uv":[0,12,2,14],"texture":"#1"},"south":{"uv":[0,12,2,14],"texture":"#1"},"west":{"uv":[0,12,2,14],"texture":"#1"},"up":{"uv":[0,12,2,14],"rotation":90,"texture":"#1"},"down":{"uv":[0,12,2,14],"rotation":270,"texture":"#1"}}},{"from":[12.9,21.94758,15.53864],"to":[11.6,20.64758,14.23864],"shade":false,"rotation":{"angle":-45,"axis":"x","origin":[8,9.94619,8]},"faces":{"north":{"uv":[2,12,4,14],"texture":"#1"},"east":{"uv":[2,12,4,14],"texture":"#1"},"south":{"uv":[2,12,4,14],"texture":"#1"},"west":{"uv":[2,12,4,14],"texture":"#1"},"up":{"uv":[2,12,4,14],"rotation":90,"texture":"#1"},"down":{"uv":[2,12,4,14],"rotation":270,"texture":"#1"}}},{"from":[11.75,21.43987,15.02786],"to":[12.75,22.43987,16.02786],"shade":false,"rotation":{"angle":-45,"axis":"x","origin":[8,9.94619,8]},"faces":{"north":{"uv":[0,10,2,12],"texture":"#1"},"east":{"uv":[0,10,2,12],"texture":"#1"},"south":{"uv":[0,10,2,12],"texture":"#1"},"west":{"uv":[0,10,2,12],"texture":"#1"},"up":{"uv":[0,10,2,12],"rotation":90,"texture":"#1"},"down":{"uv":[0,10,2,12],"rotation":270,"texture":"#1"}}},{"from":[13,22.68987,16.27786],"to":[11.5,21.18987,14.77786],"shade":false,"rotation":{"angle":-45,"axis":"x","origin":[8,9.94619,8]},"faces":{"north":{"uv":[2,10,4,12],"texture":"#1"},"east":{"uv":[2,10,4,12],"texture":"#1"},"south":{"uv":[2,10,4,12],"texture":"#1"},"west":{"uv":[2,10,4,12],"texture":"#1"},"up":{"uv":[2,10,4,12],"rotation":90,"texture":"#1"},"down":{"uv":[2,10,4,12],"rotation":270,"texture":"#1"}}},{"from":[11.75,22.24884,15.84668],"to":[12.75,23.24884,16.84668],"shade":false,"rotation":{"angle":-45,"axis":"x","origin":[8,9.94619,8]},"faces":{"north":{"uv":[0,8,2,10],"rotation":270,"texture":"#1"},"east":{"uv":[0,8,2,10],"rotation":90,"texture":"#1"},"south":{"uv":[0,8,2,10],"rotation":270,"texture":"#1"},"west":{"uv":[0,8,2,10],"rotation":270,"texture":"#1"},"up":{"uv":[0,8,2,10],"texture":"#1"},"down":{"uv":[0,8,2,10],"rotation":180,"texture":"#1"}}},{"from":[13,23.50584,17.09668],"to":[11.5,22.00584,15.59668],"shade":false,"rotation":{"angle":-45,"axis":"x","origin":[8,9.94619,8]},"faces":{"north":{"uv":[2,8,4,10],"rotation":270,"texture":"#1"},"east":{"uv":[2,8,4,10],"rotation":90,"texture":"#1"},"south":{"uv":[2,8,4,10],"rotation":270,"texture":"#1"},"west":{"uv":[2,8,4,10],"rotation":270,"texture":"#1"},"up":{"uv":[2,8,4,10],"texture":"#1"},"down":{"uv":[2,8,4,10],"rotation":180,"texture":"#1"}}},{"from":[11.75,23.06069,16.65972],"to":[12.75,24.06069,17.65972],"shade":false,"rotation":{"angle":-45,"axis":"x","origin":[8,9.94619,8]},"faces":{"north":{"uv":[0,6,2,8],"texture":"#1"},"east":{"uv":[0,6,2,8],"texture":"#1"},"south":{"uv":[0,6,2,8],"texture":"#1"},"west":{"uv":[0,6,2,8],"texture":"#1"},"up":{"uv":[0,6,2,8],"rotation":90,"texture":"#1"},"down":{"uv":[0,6,2,8],"rotation":270,"texture":"#1"}}},{"from":[13,24.31069,17.90972],"to":[11.5,22.81069,16.40972],"shade":false,"rotation":{"angle":-45,"axis":"x","origin":[8,9.94619,8]},"faces":{"north":{"uv":[2,6,4,8],"texture":"#1"},"east":{"uv":[2,6,4,8],"texture":"#1"},"south":{"uv":[2,6,4,8],"texture":"#1"},"west":{"uv":[2,6,4,8],"texture":"#1"},"up":{"uv":[2,6,4,8],"rotation":90,"texture":"#1"},"down":{"uv":[2,6,4,8],"rotation":270,"texture":"#1"}}},{"from":[11.9,23.85952,17.48414],"to":[12.6,24.55952,18.18414],"shade":false,"rotation":{"angle":-45,"axis":"x","origin":[8,9.94619,8]},"faces":{"north":{"uv":[0,4,2,6],"texture":"#1"},"east":{"uv":[0,4,2,6],"texture":"#1"},"south":{"uv":[0,4,2,6],"texture":"#1"},"west":{"uv":[0,4,2,6],"texture":"#1"},"up":{"uv":[0,4,2,6],"rotation":90,"texture":"#1"},"down":{"uv":[0,4,2,6],"rotation":270,"texture":"#1"}}},{"from":[12.9,24.85952,18.48414],"to":[11.6,23.55952,17.18414],"shade":false,"rotation":{"angle":-45,"axis":"x","origin":[8,9.94619,8]},"faces":{"north":{"uv":[2,4,4,6],"texture":"#1"},"east":{"uv":[2,4,4,6],"texture":"#1"},"south":{"uv":[2,4,4,6],"texture":"#1"},"west":{"uv":[2,4,4,6],"texture":"#1"},"up":{"uv":[2,4,4,6],"rotation":90,"texture":"#1"},"down":{"uv":[2,4,4,6],"rotation":270,"texture":"#1"}}},{"from":[11.95,24.4062,18.04766],"to":[12.55,25.0062,18.64766],"shade":false,"rotation":{"angle":-45,"axis":"x","origin":[8,9.94619,8]},"faces":{"north":{"uv":[0,2,2,4],"texture":"#1"},"east":{"uv":[0,2,2,4],"texture":"#1"},"south":{"uv":[0,2,2,4],"texture":"#1"},"west":{"uv":[0,2,2,4],"texture":"#1"},"up":{"uv":[0,2,2,4],"rotation":90,"texture":"#1"},"down":{"uv":[0,2,2,4],"rotation":270,"texture":"#1"}}},{"from":[12.8,25.2562,18.89766],"to":[11.7,24.1562,17.79766],"shade":false,"rotation":{"angle":-45,"axis":"x","origin":[8,9.94619,8]},"faces":{"north":{"uv":[2,2,4,4],"texture":"#1"},"east":{"uv":[2,2,4,4],"texture":"#1"},"south":{"uv":[2,2,4,4],"texture":"#1"},"west":{"uv":[2,2,4,4],"texture":"#1"},"up":{"uv":[2,2,4,4],"rotation":90,"texture":"#1"},"down":{"uv":[2,2,4,4],"rotation":270,"texture":"#1"}}},{"from":[11.95,14.13901,16.22333],"to":[12.55,14.73901,16.82333],"shade":false,"rotation":{"angle":-45,"axis":"x","origin":[8,9.94619,8]},"faces":{"north":{"uv":[4,14,6,16],"texture":"#1"},"east":{"uv":[4,14,6,16],"texture":"#1"},"south":{"uv":[4,14,6,16],"texture":"#1"},"west":{"uv":[4,14,6,16],"texture":"#1"},"up":{"uv":[4,14,6,16],"rotation":90,"texture":"#1"},"down":{"uv":[4,14,6,16],"rotation":270,"texture":"#1"}}},{"from":[12.8,14.98901,17.07333],"to":[11.7,13.88901,15.97333],"shade":false,"rotation":{"angle":-45,"axis":"x","origin":[8,9.94619,8]},"faces":{"north":{"uv":[6,14,8,16],"texture":"#1"},"east":{"uv":[6,14,8,16],"texture":"#1"},"south":{"uv":[6,14,8,16],"texture":"#1"},"west":{"uv":[6,14,8,16],"texture":"#1"},"up":{"uv":[6,14,8,16],"rotation":90,"texture":"#1"},"down":{"uv":[6,14,8,16],"rotation":270,"texture":"#1"}}},{"from":[11.9,14.58362,16.65996],"to":[12.6,15.28362,17.35996],"shade":false,"rotation":{"angle":-45,"axis":"x","origin":[8,9.94619,8]},"faces":{"north":{"uv":[4,12,6,14],"texture":"#1"},"east":{"uv":[4,12,6,14],"texture":"#1"},"south":{"uv":[4,12,6,14],"texture":"#1"},"west":{"uv":[4,12,6,14],"texture":"#1"},"up":{"uv":[4,12,6,14],"rotation":90,"texture":"#1"},"down":{"uv":[4,12,6,14],"rotation":270,"texture":"#1"}}},{"from":[12.9,15.58362,17.65996],"to":[11.6,14.28362,16.35996],"shade":false,"rotation":{"angle":-45,"axis":"x","origin":[8,9.94619,8]},"faces":{"north":{"uv":[6,12,8,14],"texture":"#1"},"east":{"uv":[6,12,8,14],"texture":"#1"},"south":{"uv":[6,12,8,14],"texture":"#1"},"west":{"uv":[6,12,8,14],"texture":"#1"},"up":{"uv":[6,12,8,14],"rotation":90,"texture":"#1"},"down":{"uv":[6,12,8,14],"rotation":270,"texture":"#1"}}},{"from":[11.75,15.07591,17.14918],"to":[12.75,16.07591,18.14918],"shade":false,"rotation":{"angle":-45,"axis":"x","origin":[8,9.94619,8]},"faces":{"north":{"uv":[4,10,6,12],"texture":"#1"},"east":{"uv":[4,10,6,12],"texture":"#1"},"south":{"uv":[4,10,6,12],"texture":"#1"},"west":{"uv":[4,10,6,12],"texture":"#1"},"up":{"uv":[4,10,6,12],"rotation":90,"texture":"#1"},"down":{"uv":[4,10,6,12],"rotation":270,"texture":"#1"}}},{"from":[13,16.32591,18.39918],"to":[11.5,14.82591,16.89918],"shade":false,"rotation":{"angle":-45,"axis":"x","origin":[8,9.94619,8]},"faces":{"north":{"uv":[6,10,8,12],"texture":"#1"},"east":{"uv":[6,10,8,12],"texture":"#1"},"south":{"uv":[6,10,8,12],"texture":"#1"},"west":{"uv":[6,10,8,12],"texture":"#1"},"up":{"uv":[6,10,8,12],"rotation":90,"texture":"#1"},"down":{"uv":[6,10,8,12],"rotation":270,"texture":"#1"}}},{"from":[11.75,15.88488,17.968],"to":[12.75,16.88488,18.968],"shade":false,"rotation":{"angle":-45,"axis":"x","origin":[8,9.94619,8]},"faces":{"north":{"uv":[4,8,6,10],"rotation":270,"texture":"#1"},"east":{"uv":[4,8,6,10],"rotation":90,"texture":"#1"},"south":{"uv":[4,8,6,10],"rotation":270,"texture":"#1"},"west":{"uv":[4,8,6,10],"rotation":270,"texture":"#1"},"up":{"uv":[4,8,6,10],"texture":"#1"},"down":{"uv":[4,8,6,10],"rotation":180,"texture":"#1"}}},{"from":[13,17.14188,19.218],"to":[11.5,15.64188,17.718],"shade":false,"rotation":{"angle":-45,"axis":"x","origin":[8,9.94619,8]},"faces":{"north":{"uv":[6,8,8,10],"rotation":270,"texture":"#1"},"east":{"uv":[6,8,8,10],"rotation":90,"texture":"#1"},"south":{"uv":[6,8,8,10],"rotation":270,"texture":"#1"},"west":{"uv":[6,8,8,10],"rotation":270,"texture":"#1"},"up":{"uv":[6,8,8,10],"texture":"#1"},"down":{"uv":[6,8,8,10],"rotation":180,"texture":"#1"}}},{"from":[11.75,16.69673,18.78104],"to":[12.75,17.69673,19.78104],"shade":false,"rotation":{"angle":-45,"axis":"x","origin":[8,9.94619,8]},"faces":{"north":{"uv":[4,6,6,8],"texture":"#1"},"east":{"uv":[4,6,6,8],"texture":"#1"},"south":{"uv":[4,6,6,8],"texture":"#1"},"west":{"uv":[4,6,6,8],"texture":"#1"},"up":{"uv":[4,6,6,8],"rotation":90,"texture":"#1"},"down":{"uv":[4,6,6,8],"rotation":270,"texture":"#1"}}},{"from":[13,17.94673,20.03104],"to":[11.5,16.44673,18.53104],"shade":false,"rotation":{"angle":-45,"axis":"x","origin":[8,9.94619,8]},"faces":{"north":{"uv":[6,6,8,8],"texture":"#1"},"east":{"uv":[6,6,8,8],"texture":"#1"},"south":{"uv":[6,6,8,8],"texture":"#1"},"west":{"uv":[6,6,8,8],"texture":"#1"},"up":{"uv":[6,6,8,8],"rotation":90,"texture":"#1"},"down":{"uv":[6,6,8,8],"rotation":270,"texture":"#1"}}},{"from":[11.9,17.49556,19.60546],"to":[12.6,18.19556,20.30546],"shade":false,"rotation":{"angle":-45,"axis":"x","origin":[8,9.94619,8]},"faces":{"north":{"uv":[4,4,6,6],"texture":"#1"},"east":{"uv":[4,4,6,6],"texture":"#1"},"south":{"uv":[4,4,6,6],"texture":"#1"},"west":{"uv":[4,4,6,6],"texture":"#1"},"up":{"uv":[4,4,6,6],"rotation":90,"texture":"#1"},"down":{"uv":[4,4,6,6],"rotation":270,"texture":"#1"}}},{"from":[12.9,18.49556,20.60546],"to":[11.6,17.19556,19.30546],"shade":false,"rotation":{"angle":-45,"axis":"x","origin":[8,9.94619,8]},"faces":{"north":{"uv":[6,4,8,6],"texture":"#1"},"east":{"uv":[6,4,8,6],"texture":"#1"},"south":{"uv":[6,4,8,6],"texture":"#1"},"west":{"uv":[6,4,8,6],"texture":"#1"},"up":{"uv":[6,4,8,6],"rotation":90,"texture":"#1"},"down":{"uv":[6,4,8,6],"rotation":270,"texture":"#1"}}},{"from":[11.95,18.04224,20.16898],"to":[12.55,18.64224,20.76898],"shade":false,"rotation":{"angle":-45,"axis":"x","origin":[8,9.94619,8]},"faces":{"north":{"uv":[4,2,6,4],"texture":"#1"},"east":{"uv":[4,2,6,4],"texture":"#1"},"south":{"uv":[4,2,6,4],"texture":"#1"},"west":{"uv":[4,2,6,4],"texture":"#1"},"up":{"uv":[4,2,6,4],"rotation":90,"texture":"#1"},"down":{"uv":[4,2,6,4],"rotation":270,"texture":"#1"}}},{"from":[12.8,18.89224,21.01898],"to":[11.7,17.79224,19.91898],"shade":false,"rotation":{"angle":-45,"axis":"x","origin":[8,9.94619,8]},"faces":{"north":{"uv":[6,2,8,4],"texture":"#1"},"east":{"uv":[6,2,8,4],"texture":"#1"},"south":{"uv":[6,2,8,4],"texture":"#1"},"west":{"uv":[6,2,8,4],"texture":"#1"},"up":{"uv":[6,2,8,4],"rotation":90,"texture":"#1"},"down":{"uv":[6,2,8,4],"rotation":270,"texture":"#1"}}},{"from":[3.45,13.92688,-1.03546],"to":[4.05,14.52688,-0.43546],"shade":false,"rotation":{"angle":45,"axis":"x","origin":[8,9.94619,8]},"faces":{"north":{"uv":[8,14,10,16],"texture":"#1"},"east":{"uv":[8,14,10,16],"texture":"#1"},"south":{"uv":[8,14,10,16],"texture":"#1"},"west":{"uv":[8,14,10,16],"texture":"#1"},"up":{"uv":[8,14,10,16],"rotation":90,"texture":"#1"},"down":{"uv":[8,14,10,16],"rotation":270,"texture":"#1"}}},{"from":[4.3,14.77688,-0.18546],"to":[3.2,13.67688,-1.28546],"shade":false,"rotation":{"angle":45,"axis":"x","origin":[8,9.94619,8]},"faces":{"north":{"uv":[10,14,12,16],"texture":"#1"},"east":{"uv":[10,14,12,16],"texture":"#1"},"south":{"uv":[10,14,12,16],"texture":"#1"},"west":{"uv":[10,14,12,16],"texture":"#1"},"up":{"uv":[10,14,12,16],"rotation":90,"texture":"#1"},"down":{"uv":[10,14,12,16],"rotation":270,"texture":"#1"}}},{"from":[3.4,14.36351,-1.58007],"to":[4.1,15.06351,-0.88007],"shade":false,"rotation":{"angle":45,"axis":"x","origin":[8,9.94619,8]},"faces":{"north":{"uv":[8,12,10,14],"texture":"#1"},"east":{"uv":[8,12,10,14],"texture":"#1"},"south":{"uv":[8,12,10,14],"texture":"#1"},"west":{"uv":[8,12,10,14],"texture":"#1"},"up":{"uv":[8,12,10,14],"rotation":90,"texture":"#1"},"down":{"uv":[8,12,10,14],"rotation":270,"texture":"#1"}}},{"from":[4.4,15.36351,-0.58007],"to":[3.1,14.06351,-1.88007],"shade":false,"rotation":{"angle":45,"axis":"x","origin":[8,9.94619,8]},"faces":{"north":{"uv":[10,12,12,14],"texture":"#1"},"east":{"uv":[10,12,12,14],"texture":"#1"},"south":{"uv":[10,12,12,14],"texture":"#1"},"west":{"uv":[10,12,12,14],"texture":"#1"},"up":{"uv":[10,12,12,14],"rotation":90,"texture":"#1"},"down":{"uv":[10,12,12,14],"rotation":270,"texture":"#1"}}},{"from":[3.25,14.85273,-2.37235],"to":[4.25,15.85273,-1.37235],"shade":false,"rotation":{"angle":45,"axis":"x","origin":[8,9.94619,8]},"faces":{"north":{"uv":[8,10,10,12],"texture":"#1"},"east":{"uv":[8,10,10,12],"texture":"#1"},"south":{"uv":[8,10,10,12],"texture":"#1"},"west":{"uv":[8,10,10,12],"texture":"#1"},"up":{"uv":[8,10,10,12],"rotation":90,"texture":"#1"},"down":{"uv":[8,10,10,12],"rotation":270,"texture":"#1"}}},{"from":[4.5,16.10273,-1.12235],"to":[3,14.60273,-2.62235],"shade":false,"rotation":{"angle":45,"axis":"x","origin":[8,9.94619,8]},"faces":{"north":{"uv":[10,10,12,12],"texture":"#1"},"east":{"uv":[10,10,12,12],"texture":"#1"},"south":{"uv":[10,10,12,12],"texture":"#1"},"west":{"uv":[10,10,12,12],"texture":"#1"},"up":{"uv":[10,10,12,12],"rotation":90,"texture":"#1"},"down":{"uv":[10,10,12,12],"rotation":270,"texture":"#1"}}},{"from":[3.25,15.66805,-3.18483],"to":[4.25,16.66805,-2.18483],"shade":false,"rotation":{"angle":45,"axis":"x","origin":[8,9.94619,8]},"faces":{"north":{"uv":[8,8,10,10],"rotation":270,"texture":"#1"},"east":{"uv":[8,8,10,10],"rotation":90,"texture":"#1"},"south":{"uv":[8,8,10,10],"rotation":270,"texture":"#1"},"west":{"uv":[8,8,10,10],"rotation":270,"texture":"#1"},"up":{"uv":[8,8,10,10],"texture":"#1"},"down":{"uv":[8,8,10,10],"rotation":180,"texture":"#1"}}},{"from":[4.5,16.92505,-1.93483],"to":[3,15.42505,-3.43483],"shade":false,"rotation":{"angle":45,"axis":"x","origin":[8,9.94619,8]},"faces":{"north":{"uv":[10,8,12,10],"rotation":270,"texture":"#1"},"east":{"uv":[10,8,12,10],"rotation":90,"texture":"#1"},"south":{"uv":[10,8,12,10],"rotation":270,"texture":"#1"},"west":{"uv":[10,8,12,10],"rotation":270,"texture":"#1"},"up":{"uv":[10,8,12,10],"texture":"#1"},"down":{"uv":[10,8,12,10],"rotation":180,"texture":"#1"}}},{"from":[3.25,16.4846,-3.99318],"to":[4.25,17.4846,-2.99318],"shade":false,"rotation":{"angle":45,"axis":"x","origin":[8,9.94619,8]},"faces":{"north":{"uv":[8,6,10,8],"texture":"#1"},"east":{"uv":[8,6,10,8],"texture":"#1"},"south":{"uv":[8,6,10,8],"texture":"#1"},"west":{"uv":[8,6,10,8],"texture":"#1"},"up":{"uv":[8,6,10,8],"rotation":90,"texture":"#1"},"down":{"uv":[8,6,10,8],"rotation":270,"texture":"#1"}}},{"from":[4.5,17.7346,-2.74318],"to":[3,16.2346,-4.24318],"shade":false,"rotation":{"angle":45,"axis":"x","origin":[8,9.94619,8]},"faces":{"north":{"uv":[10,6,12,8],"texture":"#1"},"east":{"uv":[10,6,12,8],"texture":"#1"},"south":{"uv":[10,6,12,8],"texture":"#1"},"west":{"uv":[10,6,12,8],"texture":"#1"},"up":{"uv":[10,6,12,8],"rotation":90,"texture":"#1"},"down":{"uv":[10,6,12,8],"rotation":270,"texture":"#1"}}},{"from":[3.4,17.30901,-4.49201],"to":[4.1,18.00901,-3.79201],"shade":false,"rotation":{"angle":45,"axis":"x","origin":[8,9.94619,8]},"faces":{"north":{"uv":[8,4,10,6],"texture":"#1"},"east":{"uv":[8,4,10,6],"texture":"#1"},"south":{"uv":[8,4,10,6],"texture":"#1"},"west":{"uv":[8,4,10,6],"texture":"#1"},"up":{"uv":[8,4,10,6],"rotation":90,"texture":"#1"},"down":{"uv":[8,4,10,6],"rotation":270,"texture":"#1"}}},{"from":[4.4,18.30901,-3.49201],"to":[3.1,17.00901,-4.79201],"shade":false,"rotation":{"angle":45,"axis":"x","origin":[8,9.94619,8]},"faces":{"north":{"uv":[10,4,12,6],"texture":"#1"},"east":{"uv":[10,4,12,6],"texture":"#1"},"south":{"uv":[10,4,12,6],"texture":"#1"},"west":{"uv":[10,4,12,6],"texture":"#1"},"up":{"uv":[10,4,12,6],"rotation":90,"texture":"#1"},"down":{"uv":[10,4,12,6],"rotation":270,"texture":"#1"}}},{"from":[3.45,17.87254,-4.93869],"to":[4.05,18.47254,-4.33869],"shade":false,"rotation":{"angle":45,"axis":"x","origin":[8,9.94619,8]},"faces":{"north":{"uv":[8,2,10,4],"texture":"#1"},"east":{"uv":[8,2,10,4],"texture":"#1"},"south":{"uv":[8,2,10,4],"texture":"#1"},"west":{"uv":[8,2,10,4],"texture":"#1"},"up":{"uv":[8,2,10,4],"rotation":90,"texture":"#1"},"down":{"uv":[8,2,10,4],"rotation":270,"texture":"#1"}}},{"from":[4.3,18.72254,-4.08869],"to":[3.2,17.62254,-5.18869],"shade":false,"rotation":{"angle":45,"axis":"x","origin":[8,9.94619,8]},"faces":{"north":{"uv":[10,2,12,4],"texture":"#1"},"east":{"uv":[10,2,12,4],"texture":"#1"},"south":{"uv":[10,2,12,4],"texture":"#1"},"west":{"uv":[10,2,12,4],"texture":"#1"},"up":{"uv":[10,2,12,4],"rotation":90,"texture":"#1"},"down":{"uv":[10,2,12,4],"rotation":270,"texture":"#1"}}},{"from":[3.45,18.87663,2.50007],"to":[4.05,19.47663,3.10007],"shade":false,"rotation":{"angle":45,"axis":"x","origin":[8,9.94619,8]},"faces":{"north":{"uv":[12,14,14,16],"texture":"#1"},"east":{"uv":[12,14,14,16],"texture":"#1"},"south":{"uv":[12,14,14,16],"texture":"#1"},"west":{"uv":[12,14,14,16],"texture":"#1"},"up":{"uv":[12,14,14,16],"rotation":90,"texture":"#1"},"down":{"uv":[12,14,14,16],"rotation":270,"texture":"#1"}}},{"from":[4.3,19.72663,3.35007],"to":[3.2,18.62663,2.25007],"shade":false,"rotation":{"angle":45,"axis":"x","origin":[8,9.94619,8]},"faces":{"north":{"uv":[14,14,16,16],"texture":"#1"},"east":{"uv":[14,14,16,16],"texture":"#1"},"south":{"uv":[14,14,16,16],"texture":"#1"},"west":{"uv":[14,14,16,16],"texture":"#1"},"up":{"uv":[14,14,16,16],"rotation":90,"texture":"#1"},"down":{"uv":[14,14,16,16],"rotation":270,"texture":"#1"}}},{"from":[3.4,19.31326,1.95547],"to":[4.1,20.01326,2.65547],"shade":false,"rotation":{"angle":45,"axis":"x","origin":[8,9.94619,8]},"faces":{"north":{"uv":[12,12,14,14],"texture":"#1"},"east":{"uv":[12,12,14,14],"texture":"#1"},"south":{"uv":[12,12,14,14],"texture":"#1"},"west":{"uv":[12,12,14,14],"texture":"#1"},"up":{"uv":[12,12,14,14],"rotation":90,"texture":"#1"},"down":{"uv":[12,12,14,14],"rotation":270,"texture":"#1"}}},{"from":[4.4,20.31326,2.95547],"to":[3.1,19.01326,1.65547],"shade":false,"rotation":{"angle":45,"axis":"x","origin":[8,9.94619,8]},"faces":{"north":{"uv":[14,12,16,14],"texture":"#1"},"east":{"uv":[14,12,16,14],"texture":"#1"},"south":{"uv":[14,12,16,14],"texture":"#1"},"west":{"uv":[14,12,16,14],"texture":"#1"},"up":{"uv":[14,12,16,14],"rotation":90,"texture":"#1"},"down":{"uv":[14,12,16,14],"rotation":270,"texture":"#1"}}},{"from":[3.25,19.80248,1.16318],"to":[4.25,20.80248,2.16318],"shade":false,"rotation":{"angle":45,"axis":"x","origin":[8,9.94619,8]},"faces":{"north":{"uv":[12,10,14,12],"texture":"#1"},"east":{"uv":[12,10,14,12],"texture":"#1"},"south":{"uv":[12,10,14,12],"texture":"#1"},"west":{"uv":[12,10,14,12],"texture":"#1"},"up":{"uv":[12,10,14,12],"rotation":90,"texture":"#1"},"down":{"uv":[12,10,14,12],"rotation":270,"texture":"#1"}}},{"from":[4.5,21.05248,2.41318],"to":[3,19.55248,0.91318],"shade":false,"rotation":{"angle":45,"axis":"x","origin":[8,9.94619,8]},"faces":{"north":{"uv":[14,10,16,12],"texture":"#1"},"east":{"uv":[14,10,16,12],"texture":"#1"},"south":{"uv":[14,10,16,12],"texture":"#1"},"west":{"uv":[14,10,16,12],"texture":"#1"},"up":{"uv":[14,10,16,12],"rotation":90,"texture":"#1"},"down":{"uv":[14,10,16,12],"rotation":270,"texture":"#1"}}},{"from":[3.25,20.6178,0.35071],"to":[4.25,21.6178,1.35071],"shade":false,"rotation":{"angle":45,"axis":"x","origin":[8,9.94619,8]},"faces":{"north":{"uv":[12,8,14,10],"rotation":270,"texture":"#1"},"east":{"uv":[12,8,14,10],"rotation":90,"texture":"#1"},"south":{"uv":[12,8,14,10],"rotation":270,"texture":"#1"},"west":{"uv":[12,8,14,10],"rotation":270,"texture":"#1"},"up":{"uv":[12,8,14,10],"texture":"#1"},"down":{"uv":[12,8,14,10],"rotation":180,"texture":"#1"}}},{"from":[4.5,21.8748,1.60071],"to":[3,20.3748,0.10071],"shade":false,"rotation":{"angle":45,"axis":"x","origin":[8,9.94619,8]},"faces":{"north":{"uv":[14,8,16,10],"rotation":270,"texture":"#1"},"east":{"uv":[14,8,16,10],"rotation":90,"texture":"#1"},"south":{"uv":[14,8,16,10],"rotation":270,"texture":"#1"},"west":{"uv":[14,8,16,10],"rotation":270,"texture":"#1"},"up":{"uv":[14,8,16,10],"texture":"#1"},"down":{"uv":[14,8,16,10],"rotation":180,"texture":"#1"}}},{"from":[3.25,21.43435,-0.45764],"to":[4.25,22.43435,0.54236],"shade":false,"rotation":{"angle":45,"axis":"x","origin":[8,9.94619,8]},"faces":{"north":{"uv":[12,6,14,8],"texture":"#1"},"east":{"uv":[12,6,14,8],"texture":"#1"},"south":{"uv":[12,6,14,8],"texture":"#1"},"west":{"uv":[12,6,14,8],"texture":"#1"},"up":{"uv":[12,6,14,8],"rotation":90,"texture":"#1"},"down":{"uv":[12,6,14,8],"rotation":270,"texture":"#1"}}},{"from":[4.5,22.68435,0.79236],"to":[3,21.18435,-0.70764],"shade":false,"rotation":{"angle":45,"axis":"x","origin":[8,9.94619,8]},"faces":{"north":{"uv":[14,6,16,8],"texture":"#1"},"east":{"uv":[14,6,16,8],"texture":"#1"},"south":{"uv":[14,6,16,8],"texture":"#1"},"west":{"uv":[14,6,16,8],"texture":"#1"},"up":{"uv":[14,6,16,8],"rotation":90,"texture":"#1"},"down":{"uv":[14,6,16,8],"rotation":270,"texture":"#1"}}},{"from":[3.4,22.25876,-0.95648],"to":[4.1,22.95876,-0.25648],"shade":false,"rotation":{"angle":45,"axis":"x","origin":[8,9.94619,8]},"faces":{"north":{"uv":[12,4,14,6],"texture":"#1"},"east":{"uv":[12,4,14,6],"texture":"#1"},"south":{"uv":[12,4,14,6],"texture":"#1"},"west":{"uv":[12,4,14,6],"texture":"#1"},"up":{"uv":[12,4,14,6],"rotation":90,"texture":"#1"},"down":{"uv":[12,4,14,6],"rotation":270,"texture":"#1"}}},{"from":[4.4,23.25876,0.04352],"to":[3.1,21.95876,-1.25648],"shade":false,"rotation":{"angle":45,"axis":"x","origin":[8,9.94619,8]},"faces":{"north":{"uv":[14,4,16,6],"texture":"#1"},"east":{"uv":[14,4,16,6],"texture":"#1"},"south":{"uv":[14,4,16,6],"texture":"#1"},"west":{"uv":[14,4,16,6],"texture":"#1"},"up":{"uv":[14,4,16,6],"rotation":90,"texture":"#1"},"down":{"uv":[14,4,16,6],"rotation":270,"texture":"#1"}}},{"from":[3.45,22.82228,-1.40316],"to":[4.05,23.42228,-0.80316],"shade":false,"rotation":{"angle":45,"axis":"x","origin":[8,9.94619,8]},"faces":{"north":{"uv":[12,2,14,4],"texture":"#1"},"east":{"uv":[12,2,14,4],"texture":"#1"},"south":{"uv":[12,2,14,4],"texture":"#1"},"west":{"uv":[12,2,14,4],"texture":"#1"},"up":{"uv":[12,2,14,4],"rotation":90,"texture":"#1"},"down":{"uv":[12,2,14,4],"rotation":270,"texture":"#1"}}},{"from":[4.3,23.67228,-0.55316],"to":[3.2,22.57228,-1.65316],"shade":false,"rotation":{"angle":45,"axis":"x","origin":[8,9.94619,8]},"faces":{"north":{"uv":[14,2,16,4],"texture":"#1"},"east":{"uv":[14,2,16,4],"texture":"#1"},"south":{"uv":[14,2,16,4],"texture":"#1"},"west":{"uv":[14,2,16,4],"texture":"#1"},"up":{"uv":[14,2,16,4],"rotation":90,"texture":"#1"},"down":{"uv":[14,2,16,4],"rotation":270,"texture":"#1"}}}],"gui_light":"front","display":{"thirdperson_righthand":{"rotation":[34,42,0],"translation":[-0.25,-1.25,1],"scale":[0.6,0.6,0.6]},"thirdperson_lefthand":{"rotation":[34,42,0],"translation":[-0.25,-1.25,1],"scale":[0.6,0.6,0.6]},"firstperson_righthand":{"rotation":[6,38,0],"translation":[2.25,1.25,-2.5],"scale":[0.45,0.45,0.45]},"firstperson_lefthand":{"rotation":[6,38,0],"translation":[2.25,1.25,-2.5],"scale":[0.45,0.45,0.45]},"ground":{"rotation":[94,85,0],"translation":[0,0.25,-0.75],"scale":[0.5,0.5,0.5]},"gui":{"rotation":[-90,45,88],"translation":[0.75,-0.75,0],"scale":[0.5,0.5,0.5]},"head":{"rotation":[90,-171,90],"translation":[-2.25,9.25,0.25],"scale":[0.7,0.7,0.7]},"fixed":{"rotation":[0,90,0],"translation":[0,0.25,-1.25],"scale":[1.3,1.3,1.3]}},"groups":[0,1,2,3,4,5,6,7,8,9,10,11,{"name":"particles","origin":[8,8,8],"color":0,"boneType":"","children":[{"name":"particles1","origin":[0,0,0],"color":0,"boneType":"","children":[{"name":"particle1","origin":[0,0,0],"color":0,"boneType":"","children":[12,13]},{"name":"particle2","origin":[0,0,0],"color":0,"boneType":"","children":[14,15]},{"name":"particle3","origin":[0,0,0],"color":0,"boneType":"","children":[16,17]},{"name":"particle4","origin":[0,0,0],"color":0,"boneType":"","children":[18,19]},{"name":"particle5","origin":[0,0,0],"color":0,"boneType":"","children":[20,21]},{"name":"particle6","origin":[0,0,0],"color":0,"boneType":"","children":[22,23]},{"name":"particle7","origin":[0,0,0],"color":0,"boneType":"","children":[24,25]}]},{"name":"particles2","origin":[0,0,0],"color":0,"boneType":"","children":[{"name":"particle1","origin":[0,0,0],"color":0,"boneType":"","children":[26,27]},{"name":"particle2","origin":[0,0,0],"color":0,"boneType":"","children":[28,29]},{"name":"particle3","origin":[0,0,0],"color":0,"boneType":"","children":[30,31]},{"name":"particle4","origin":[0,0,0],"color":0,"boneType":"","children":[32,33]},{"name":"particle5","origin":[0,0,0],"color":0,"boneType":"","children":[34,35]},{"name":"particle6","origin":[0,0,0],"color":0,"boneType":"","children":[36,37]},{"name":"particle7","origin":[0,0,0],"color":0,"boneType":"","children":[38,39]}]},{"name":"particles3","origin":[0,0,0],"color":0,"boneType":"","children":[{"name":"particle1","origin":[0,0,0],"color":0,"boneType":"","children":[40,41]},{"name":"particle2","origin":[0,0,0],"color":0,"boneType":"","children":[42,43]},{"name":"particle3","origin":[0,0,0],"color":0,"boneType":"","children":[44,45]},{"name":"particle4","origin":[0,0,0],"color":0,"boneType":"","children":[46,47]},{"name":"particle5","origin":[0,0,0],"color":0,"boneType":"","children":[48,49]},{"name":"particle6","origin":[0,0,0],"color":0,"boneType":"","children":[50,51]},{"name":"particle7","origin":[0,0,0],"color":0,"boneType":"","children":[52,53]}]},{"name":"particles4","origin":[0,0,0],"color":0,"boneType":"","children":[{"name":"particle1","origin":[0,0,0],"color":0,"boneType":"","children":[54,55]},{"name":"particle2","origin":[0,0,0],"color":0,"boneType":"","children":[56,57]},{"name":"particle3","origin":[0,0,0],"color":0,"boneType":"","children":[58,59]},{"name":"particle4","origin":[0,0,0],"color":0,"boneType":"","children":[60,61]},{"name":"particle5","origin":[0,0,0],"color":0,"boneType":"","children":[62,63]},{"name":"particle6","origin":[0,0,0],"color":0,"boneType":"","children":[64,65]},{"name":"particle7","origin":[0,0,0],"color":0,"boneType":"","children":[66,67]}]}]}]}