{"credit":"by w11shes","texture_size":[32,32],"textures":{"0":"elitecreatures:arthur_assortment/sword","particle":"elitecreatures:arthur_assortment/sword"},"elements":[{"from":[7.00884,-8,7.02134],"to":[9.00884,-1,9.02134],"rotation":{"angle":45,"axis":"y","origin":[8,3.55,8.0125]},"faces":{"north":{"uv":[3.5,8.5,2.5,12],"texture":"#0"},"east":{"uv":[2.5,8.5,3.5,12],"texture":"#0"},"south":{"uv":[3.5,8.5,2.5,12],"texture":"#0"},"west":{"uv":[2.5,8.5,3.5,12],"texture":"#0"}}},{"from":[6.5125,-1,6.0125],"to":[9.5125,1,10.0125],"rotation":{"angle":0,"axis":"y","origin":[8,3.55,8.0125]},"faces":{"north":{"uv":[9.5,2.5,11,3.5],"texture":"#0"},"east":{"uv":[8,1.5,10,2.5],"texture":"#0"},"south":{"uv":[0,9.5,1.5,10.5],"texture":"#0"},"west":{"uv":[8,1.5,10,2.5],"texture":"#0"},"down":{"uv":[11,9,9,10.5],"rotation":270,"texture":"#0"}}},{"from":[6.5125,-8.60201,15.16451],"to":[9.5125,-3.60201,20.16451],"rotation":{"angle":45,"axis":"x","origin":[8,3.55,8.0125]},"faces":{"north":{"uv":[7.5,7,9,9.5],"texture":"#0"},"east":{"uv":[5.5,0,8,2.5],"texture":"#0"},"south":{"uv":[6,7,7.5,9.5],"texture":"#0"},"west":{"uv":[8,0,5.5,2.5],"texture":"#0"},"up":{"uv":[2.5,9.5,0,8],"rotation":90,"texture":"#0"},"down":{"uv":[10.5,0,8,1.5],"rotation":270,"texture":"#0"}}},{"from":[6.4925,0.36262,2.33276],"to":[9.5325,4.36262,9.33276],"rotation":{"angle":22.5,"axis":"x","origin":[8,3.55,8.0125]},"faces":{"north":{"uv":[3.5,8.5,5,10.5],"texture":"#0"},"east":{"uv":[2.5,3,6,5],"texture":"#0"},"west":{"uv":[6,3,2.5,5],"texture":"#0"},"up":{"uv":[9.5,4,6,2.5],"rotation":90,"texture":"#0"},"down":{"uv":[9.5,4,6,5.5],"rotation":270,"texture":"#0"}}},{"from":[6.4725,0.36262,6.69224],"to":[9.5525,4.36262,13.69224],"rotation":{"angle":-22.5,"axis":"x","origin":[8,3.55,8.0125]},"faces":{"east":{"uv":[2.5,5,5.75,7],"texture":"#0"},"south":{"uv":[9,7,10.5,9],"texture":"#0"},"west":{"uv":[5.75,5,2.5,7],"texture":"#0"},"up":{"uv":[9.25,7,6,5.5],"rotation":90,"texture":"#0"},"down":{"uv":[5.75,7,2.5,8.5],"rotation":270,"texture":"#0"}}},{"from":[7.4925,3.5753,8.0378],"to":[8.5325,9.5753,14.0378],"rotation":{"angle":-45,"axis":"x","origin":[8,3.55,8.0125]},"faces":{"north":{"uv":[5,0,5.5,3],"texture":"#0"},"east":{"uv":[2.5,0,5.5,3],"texture":"#0"},"south":{"uv":[2.5,0,3,3],"texture":"#0"},"west":{"uv":[5.5,0,2.5,3],"texture":"#0"},"up":{"uv":[5.5,0,2.5,0.5],"rotation":90,"texture":"#0"},"down":{"uv":[5.5,2.5,2.5,3],"rotation":270,"texture":"#0"}}},{"from":[7.9625,9.2,5.5125],"to":[8.0125,25.2,10.5125],"rotation":{"angle":0,"axis":"y","origin":[8,3.55,8.0125]},"faces":{"east":{"uv":[0,0,2.5,8],"texture":"#0"},"west":{"uv":[2.5,0,0,8],"texture":"#0"}}},{"from":[7.5125,9.2,5.5125],"to":[8.5125,20.2,10.5125],"rotation":{"angle":0,"axis":"y","origin":[8,3.55,8.0125]},"faces":{"north":{"uv":[2,2.5,2.5,8],"texture":"#0"},"east":{"uv":[0,2.5,2.5,8],"texture":"#0"},"south":{"uv":[0,2.5,0.5,8],"texture":"#0"},"west":{"uv":[2.5,2.5,0,8],"texture":"#0"},"up":{"uv":[2.5,2.5,0,3],"rotation":90,"texture":"#0"}}}],"gui_light":"front","display":{"thirdperson_righthand":{"translation":[-0.25,5.75,2],"scale":[0.7,0.7,0.7]},"thirdperson_lefthand":{"translation":[-0.25,5.75,2],"scale":[0.7,0.7,0.7]},"firstperson_righthand":{"rotation":[0,22,0],"translation":[2.75,3.25,-2.5],"scale":[0.54883,0.54883,0.54883]},"firstperson_lefthand":{"rotation":[0,22,0],"translation":[2.75,3.25,-2.5],"scale":[0.54883,0.54883,0.54883]},"ground":{"rotation":[94,85,0],"translation":[0,0.25,-0.75],"scale":[0.5,0.5,0.5]},"gui":{"rotation":[-90,45,88],"translation":[-1,0.75,0],"scale":[0.515,0.515,0.515]},"head":{"rotation":[90,-171,90],"translation":[-2.25,9.25,0.25],"scale":[0.7,0.7,0.7]},"fixed":{"rotation":[0,90,0],"translation":[0,0.25,-1.25],"scale":[1.3,1.3,1.3]}}}