{"credit":"Made with Blockbench","textures":{"0":"elitecreatures:valkyrie_animated_v2/valkyrie_texture","1":"elitecreatures:valkyrie_animated_v2/valkyrie_animation","particle":"elitecreatures:valkyrie_animated_v2/valkyrie_texture"},"elements":[{"from":[7,-14,7],"to":[9,6,9],"rotation":{"angle":45,"axis":"y","origin":[8,-10,8]},"faces":{"north":{"uv":[3.625,2.625,3.375,5.125],"texture":"#0"},"east":{"uv":[3.375,2.625,3.625,5.125],"texture":"#0"},"south":{"uv":[3.625,2.625,3.375,5.125],"texture":"#0"},"west":{"uv":[3.375,2.625,3.625,5.125],"texture":"#0"},"up":{"uv":[2.1875,0,2.4375,0.25],"texture":"#0"},"down":{"uv":[2.1875,0,2.4375,0.25],"texture":"#0"}}},{"from":[5.75,6,8],"to":[10.25,10,12],"rotation":{"angle":-45,"axis":"x","origin":[8.7,6,8]},"faces":{"north":{"uv":[2.375,2.625,1.875,3.1875],"rotation":90,"texture":"#0"},"east":{"uv":[1,3.5,1.5,4],"rotation":90,"texture":"#0"},"south":{"uv":[2,3.5,1.5,4.0625],"rotation":90,"texture":"#0"},"west":{"uv":[1,4,1.5,3.5],"rotation":90,"texture":"#0"},"up":{"uv":[1.5,4.0625,2,3.5],"rotation":90,"texture":"#0"},"down":{"uv":[2.375,2.625,1.875,3.1875],"rotation":90,"texture":"#0"}}},{"from":[5.25,7.20711,8.5],"to":[10.75,9.20711,10.5],"rotation":{"angle":-45,"axis":"x","origin":[8.7,6.70711,8]},"faces":{"north":{"uv":[1.3125,4.25,0.625,4.5],"texture":"#0"},"east":{"uv":[2,3.625,2.25,3.875],"texture":"#0"},"south":{"uv":[1.3125,4.25,0.625,4],"texture":"#0"},"west":{"uv":[2.25,3.625,2,3.875],"texture":"#0"},"up":{"uv":[1.3125,4,0.625,4.25],"texture":"#0"},"down":{"uv":[1.3125,4.25,0.625,4.5],"texture":"#0"}}},{"from":[5.85,12.20711,5],"to":[4.85,9.20711,2],"rotation":{"angle":-45,"axis":"x","origin":[18.3,15.20711,8]},"faces":{"north":{"uv":[15.875,0,15.75,0.375],"texture":"#0"},"east":{"uv":[16,0,15.625,0.375],"texture":"#0"},"south":{"uv":[15.875,0,15.75,0.375],"texture":"#0"},"west":{"uv":[16,0,15.625,0.375],"texture":"#0"},"up":{"uv":[15.875,0,15.75,0.375],"texture":"#0"},"down":{"uv":[15.875,0,15.75,0.375],"texture":"#0"}}},{"from":[11.15,12.20711,5],"to":[10.15,9.20711,2],"rotation":{"angle":-45,"axis":"x","origin":[-2.3,15.20711,8]},"faces":{"north":{"uv":[15.75,0,15.875,0.375],"texture":"#0"},"east":{"uv":[15.625,0,16,0.375],"texture":"#0"},"south":{"uv":[15.75,0,15.875,0.375],"texture":"#0"},"west":{"uv":[15.625,0,16,0.375],"texture":"#0"},"up":{"uv":[15.75,0,15.875,0.375],"texture":"#0"},"down":{"uv":[15.75,0,15.875,0.375],"texture":"#0"}}},{"from":[7,-13.08922,-8.30421],"to":[9,-9.58922,-4.80421],"rotation":{"angle":-45,"axis":"x","origin":[7.7,3.21499,8]},"faces":{"north":{"uv":[2.4375,1.125,2.1875,1.5625],"texture":"#0"},"east":{"uv":[2,2.1875,2.4375,2.625],"texture":"#0"},"south":{"uv":[2.25,3.1875,2,3.625],"texture":"#0"},"west":{"uv":[2.4375,2.1875,2,2.625],"texture":"#0"},"up":{"uv":[2.25,3.1875,2,3.625],"texture":"#0"},"down":{"uv":[2.4375,1.125,2.1875,1.5625],"texture":"#0"}}},{"from":[9.5,-8.58922,-10.80421],"to":[6.5,-12.08922,-14.30421],"rotation":{"angle":-45,"axis":"x","origin":[10.2,10.21499,8]},"faces":{"north":{"uv":[15.9375,0,15.5625,0.4375],"texture":"#0"},"east":{"uv":[16,0,15.5625,0.4375],"texture":"#0"},"south":{"uv":[15.9375,0,15.5625,0.4375],"texture":"#0"},"west":{"uv":[16,0,15.5625,0.4375],"texture":"#0"},"up":{"uv":[15.9375,0,15.5625,0.4375],"texture":"#0"},"down":{"uv":[15.9375,0,15.5625,0.4375],"texture":"#0"}}},{"from":[6.5,-16,6.5],"to":[9.5,-14,9.5],"rotation":{"angle":45,"axis":"y","origin":[8,-15,8]},"faces":{"north":{"uv":[1.9375,1.5625,2.3125,1.8125],"texture":"#0"},"east":{"uv":[2.3125,1.5625,1.9375,1.8125],"texture":"#0"},"south":{"uv":[1.9375,1.5625,2.3125,1.8125],"texture":"#0"},"west":{"uv":[2.3125,1.5625,1.9375,1.8125],"texture":"#0"},"up":{"uv":[1.9375,1.8125,2.3125,2.1875],"texture":"#0"},"down":{"uv":[1.5,4.0625,1.875,4.4375],"texture":"#0"}}},{"from":[6.5,-1,6.5],"to":[9.5,1,9.5],"rotation":{"angle":45,"axis":"y","origin":[8,0,8]},"faces":{"north":{"uv":[1.9375,1.5625,2.3125,1.8125],"texture":"#0"},"east":{"uv":[2.3125,1.5625,1.9375,1.8125],"texture":"#0"},"south":{"uv":[1.9375,1.5625,2.3125,1.8125],"texture":"#0"},"west":{"uv":[2.3125,1.5625,1.9375,1.8125],"texture":"#0"},"up":{"uv":[1.9375,1.8125,2.3125,2.1875],"texture":"#0"},"down":{"uv":[1.5,4.0625,1.875,4.4375],"texture":"#0"}}},{"from":[7,7.58922,-8.30421],"to":[9,11.08922,-4.80421],"rotation":{"angle":45,"axis":"x","origin":[7.7,-5.21499,8]},"faces":{"north":{"uv":[2.4375,1.5625,2.1875,1.125],"texture":"#0"},"east":{"uv":[2,2.625,2.4375,2.1875],"texture":"#0"},"south":{"uv":[2.25,3.625,2,3.1875],"texture":"#0"},"west":{"uv":[2.4375,2.625,2,2.1875],"texture":"#0"},"up":{"uv":[2.4375,1.5625,2.1875,1.125],"texture":"#0"},"down":{"uv":[2.25,3.625,2,3.1875],"texture":"#0"}}},{"from":[7,10,7],"to":[9,12,9],"rotation":{"angle":45,"axis":"y","origin":[8,14,8]},"faces":{"north":{"uv":[3.625,2.75,3.375,3],"texture":"#0"},"east":{"uv":[3.375,2.75,3.625,3],"texture":"#0"},"south":{"uv":[3.625,2.75,3.375,3],"texture":"#0"},"west":{"uv":[3.375,2.75,3.625,3],"texture":"#0"},"up":{"uv":[3.625,2.75,3.375,3],"texture":"#0"},"down":{"uv":[2.1875,0,2.4375,0.25],"texture":"#0"}}},{"from":[9.5,10.08922,-10.80421],"to":[6.5,6.58922,-14.30421],"rotation":{"angle":45,"axis":"x","origin":[10.2,-12.21499,8]},"faces":{"north":{"uv":[15.9375,0.4375,15.5625,0],"texture":"#0"},"east":{"uv":[16,0.4375,15.5625,0],"texture":"#0"},"south":{"uv":[15.9375,0.4375,15.5625,0],"texture":"#0"},"west":{"uv":[16,0.4375,15.5625,0],"texture":"#0"},"up":{"uv":[15.9375,0.4375,15.5625,0],"texture":"#0"},"down":{"uv":[15.9375,0.4375,15.5625,0],"texture":"#0"}}},{"from":[6.5,12,6.5],"to":[9.5,14,9.5],"rotation":{"angle":45,"axis":"y","origin":[8,13,8]},"faces":{"north":{"uv":[1.9375,1.8125,2.3125,1.5625],"texture":"#0"},"east":{"uv":[2.3125,1.8125,1.9375,1.5625],"texture":"#0"},"south":{"uv":[1.9375,1.8125,2.3125,1.5625],"texture":"#0"},"west":{"uv":[2.3125,1.8125,1.9375,1.5625],"texture":"#0"},"up":{"uv":[1.5,4.4375,1.875,4.0625],"texture":"#0"},"down":{"uv":[1.9375,2.1875,2.3125,1.8125],"texture":"#0"}}},{"from":[6.75,7.5,3],"to":[9.25,10.5,13],"rotation":{"angle":0,"axis":"y","origin":[8.3,0.88858,7.5625]},"faces":{"east":{"uv":[0.625,3,1.875,2.625],"texture":"#0"},"west":{"uv":[0.625,3,1.875,2.625],"texture":"#0"},"up":{"uv":[0,4.1875,0.3125,2.9375],"texture":"#0"},"down":{"uv":[0.3125,4.1875,0.625,2.9375],"texture":"#0"}}},{"from":[6.5,7,2],"to":[9.5,11,6],"rotation":{"angle":45,"axis":"x","origin":[7.8,9,4]},"faces":{"north":{"uv":[0.625,4,1,3.5],"texture":"#0"},"east":{"uv":[1.125,3.5,0.625,3],"texture":"#0"},"south":{"uv":[1.125,3,1.5,3.5],"texture":"#0"},"west":{"uv":[0.625,3.5,1.125,3],"texture":"#0"},"up":{"uv":[2.75,2.625,2.375,3.125],"texture":"#0"},"down":{"uv":[1.125,3.5,1.5,3],"texture":"#0"}}},{"from":[6.5,7,10],"to":[9.5,11,14],"rotation":{"angle":-45,"axis":"x","origin":[7.8,9,12]},"faces":{"north":{"uv":[1.5,3,1.125,3.5],"texture":"#0"},"east":{"uv":[0.625,3.5,1.125,3],"texture":"#0"},"south":{"uv":[1,4,0.625,3.5],"texture":"#0"},"west":{"uv":[1.125,3.5,0.625,3],"texture":"#0"},"up":{"uv":[2.75,3.125,2.375,2.625],"texture":"#0"},"down":{"uv":[1.125,3,1.5,3.5],"texture":"#0"}}},{"from":[6.75,5.5,6.75],"to":[9.25,7.5,9.25],"rotation":{"angle":45,"axis":"y","origin":[8,2.5,8]},"faces":{"north":{"uv":[1.6875,2.4375,1.375,2.1875],"texture":"#0"},"east":{"uv":[1.375,2.4375,1.6875,2.1875],"texture":"#0"},"south":{"uv":[1.6875,2.4375,1.375,2.1875],"texture":"#0"},"west":{"uv":[1.375,2.4375,1.6875,2.1875],"texture":"#0"},"up":{"uv":[2,2.5,1.6875,2.1875],"texture":"#0"},"down":{"uv":[2,2.5,1.6875,2.1875],"texture":"#0"}}},{"from":[6.5,-9.27164,0.24805],"to":[9.5,-6.27164,0.24805],"rotation":{"angle":22.5,"axis":"x","origin":[7.5,-0.9,-0.9]},"faces":{"north":{"uv":[3.0625,0.75,3.4375,1.125],"texture":"#0"},"east":{"uv":[0,0,0,0.375],"texture":"#missing"},"south":{"uv":[3.0625,0.75,3.4375,1.125],"texture":"#0"},"west":{"uv":[0,0,0,0.375],"texture":"#missing"},"up":{"uv":[0,0,0.375,0],"texture":"#missing"},"down":{"uv":[0,0,0.375,0],"texture":"#missing"}}},{"from":[6.5,-11.19505,3.36435],"to":[9.5,-8.19505,3.36435],"rotation":{"angle":45,"axis":"x","origin":[7.5,-0.9,-0.9]},"faces":{"north":{"uv":[3.0625,1.125,3.4375,1.5],"texture":"#0"},"east":{"uv":[0,0,0,1.5],"texture":"#missing"},"south":{"uv":[3.0625,1.125,3.4375,1.5],"texture":"#0"},"west":{"uv":[0,0,0,1.5],"texture":"#missing"},"up":{"uv":[0,0,0.375,0],"texture":"#missing"},"down":{"uv":[0,0,0.375,0],"texture":"#missing"}}},{"from":[6.5,-6.30209,-1.89498],"to":[9.5,-3.30209,-1.89498],"rotation":{"angle":0,"axis":"y","origin":[7.5,-0.9,-0.9]},"faces":{"north":{"uv":[3.0625,0.375,3.4375,0.75],"texture":"#0"},"east":{"uv":[0,0,0,0.375],"texture":"#missing"},"south":{"uv":[3.0625,0.375,3.4375,0.75],"texture":"#0"},"west":{"uv":[0,0,0,0.375],"texture":"#missing"},"up":{"uv":[0,0,0.375,0],"texture":"#missing"},"down":{"uv":[0,0,0.375,0],"texture":"#missing"}}},{"from":[6.5,-3.5,-0.9],"to":[9.5,-0.5,-0.9],"rotation":{"angle":22.5,"axis":"x","origin":[7.5,-0.9,-0.9]},"faces":{"north":{"uv":[3.0625,0,3.4375,0.375],"texture":"#0"},"east":{"uv":[0,0,0,0.375],"texture":"#missing"},"south":{"uv":[3.0625,0,3.4375,0.375],"texture":"#0"},"west":{"uv":[0,0,0,0.375],"texture":"#missing"},"up":{"uv":[0,0,0.375,0],"texture":"#missing"},"down":{"uv":[0,0,0.375,0],"texture":"#missing"}}},{"from":[6,1.8,10],"to":[6,12.8,19],"rotation":{"angle":-22.5,"axis":"y","origin":[6,2.8,11]},"faces":{"north":{"uv":[0,0,0,1],"texture":"#missing"},"east":{"uv":[4.625,0,3.5,1.375],"texture":"#0"},"south":{"uv":[0,0,0,1],"texture":"#missing"},"west":{"uv":[3.5,0,4.625,1.375],"texture":"#0"},"up":{"uv":[0,0,0,0.875],"texture":"#missing"},"down":{"uv":[0,0,0,0.875],"texture":"#missing"}}},{"from":[7.8,4.81231,1.46231],"to":[8.2,7.31231,5.46231],"rotation":{"angle":-45,"axis":"x","origin":[8,4.21231,2.71231]},"faces":{"north":{"uv":[2.5,3.875,2.55,4.1875],"texture":"#0"},"east":{"uv":[2.5,3.875,2,4.1875],"texture":"#0"},"south":{"uv":[2.5,3.875,2.55,4.1875],"texture":"#0"},"west":{"uv":[2,3.875,2.5,4.1875],"texture":"#0"},"up":{"uv":[2.5,3.6875,2.55,4.1875],"texture":"#0"},"down":{"uv":[2.5,3.6875,2.55,4.1875],"texture":"#0"}}},{"from":[7.8,9.81231,-1.03769],"to":[8.2,12.31231,2.96231],"rotation":{"angle":22.5,"axis":"x","origin":[8,9.21231,-0.78769]},"faces":{"east":{"uv":[3.125,3.625,2.625,3.9375],"texture":"#0"},"west":{"uv":[2.625,3.625,3.125,3.9375],"texture":"#0"},"up":{"uv":[3.1875,3.125,3.2375,3.625],"texture":"#0"},"down":{"uv":[3.1875,3.125,3.2375,3.625],"texture":"#0"}}},{"from":[7.75,6.5,0],"to":[8.25,10.5,4],"rotation":{"angle":0,"axis":"y","origin":[8,9.5,3]},"faces":{"north":{"uv":[0.5625,1.4375,0.625,1.9375],"texture":"#0"},"east":{"uv":[3.125,3.125,2.625,3.625],"texture":"#0"},"south":{"uv":[0.5625,1.4375,0.625,1.9375],"texture":"#0"},"west":{"uv":[2.625,3.125,3.125,3.625],"texture":"#0"},"up":{"uv":[3.125,3.125,3.1875,3.625],"texture":"#0"},"down":{"uv":[3.125,3.125,3.1875,3.625],"texture":"#0"}}},{"from":[10,1.8,10],"to":[10,12.8,19],"rotation":{"angle":22.5,"axis":"y","origin":[10,2.8,11]},"faces":{"north":{"uv":[0,0,0,1],"texture":"#missing"},"east":{"uv":[4.625,0,3.5,1.375],"texture":"#0"},"south":{"uv":[0,0,0,1],"texture":"#missing"},"west":{"uv":[3.5,0,4.625,1.375],"texture":"#0"},"up":{"uv":[0,0,0,0.875],"texture":"#missing"},"down":{"uv":[0,0,0,0.875],"texture":"#missing"}}},{"from":[8,11,11.5],"to":[8,17,17.5],"rotation":{"angle":22.5,"axis":"y","origin":[8,14,11.5]},"faces":{"north":{"uv":[0,0,0,0.875],"texture":"#missing"},"east":{"uv":[5.375,0,4.625,0.75],"texture":"#0"},"south":{"uv":[0,0,0,0.875],"texture":"#missing"},"west":{"uv":[4.625,0,5.375,0.75],"texture":"#0"},"up":{"uv":[0,0,0,0.375],"texture":"#missing"},"down":{"uv":[0,0,0,0.375],"texture":"#missing"}}},{"from":[8,11,11.5],"to":[8,17,17.5],"rotation":{"angle":-22.5,"axis":"y","origin":[8,14,11.5]},"faces":{"north":{"uv":[0,0,0,0.875],"texture":"#missing"},"east":{"uv":[5.375,0,4.625,0.75],"texture":"#0"},"south":{"uv":[0,0,0,0.875],"texture":"#missing"},"west":{"uv":[4.625,0,5.375,0.75],"texture":"#0"},"up":{"uv":[0,0,0,0.375],"texture":"#missing"},"down":{"uv":[0,0,0,0.375],"texture":"#missing"}}},{"from":[8,-15.81371,3.81371],"to":[8,-9.81371,9.81371],"rotation":{"angle":-22.5,"axis":"x","origin":[6,1.5,19.5]},"faces":{"north":{"uv":[0,0,0,0.375],"rotation":180,"texture":"#missing"},"east":{"uv":[5.375,0,4.625,0.75],"rotation":270,"texture":"#0"},"south":{"uv":[0,0,0,0.375],"texture":"#missing"},"west":{"uv":[4.625,0,5.375,0.75],"rotation":90,"texture":"#0"},"up":{"uv":[0,0,0,0.875],"rotation":180,"texture":"#missing"},"down":{"uv":[0,0,0,0.875],"texture":"#missing"}}},{"from":[7.55,12.95,-7.05],"to":[8.45,19.45,-0.05],"rotation":{"angle":45,"axis":"x","origin":[7.7,13,-7]},"faces":{"north":{"uv":[1.1875,4.5,1.3125,5.3125],"texture":"#0"},"east":{"uv":[1,5.1875,0.125,6],"texture":"#0"},"south":{"uv":[1.3125,4.5,1.4375,5.3125],"texture":"#0"},"west":{"uv":[0.125,5.1875,1,6],"texture":"#0"},"up":{"uv":[1,5.1875,1.125,6.0625],"texture":"#0"},"down":{"uv":[1,5.1875,1.125,6.0625],"texture":"#0"}}},{"from":[7.5,7.5,-7.1],"to":[8.5,13,0.4],"rotation":{"angle":0,"axis":"y","origin":[-0.3,-4,-3.5]},"faces":{"north":{"uv":[1.0625,4.5,0.9375,5.1875],"texture":"#0"},"east":{"uv":[0,4.5,0.9375,5.1875],"texture":"#0"},"south":{"uv":[1.1875,4.5,1.0625,5.1875],"texture":"#0"},"west":{"uv":[0.9375,4.5,0,5.1875],"texture":"#0"},"up":{"uv":[0.125,5.1875,0,6.125],"texture":"#0"},"down":{"uv":[0.125,5.1875,0,6.125],"texture":"#0"}}},{"from":[7.55,2,-7.1],"to":[8.45,7.5,-0.1],"rotation":{"angle":-22.5,"axis":"x","origin":[7.7,7.5,-7]},"faces":{"north":{"uv":[2.5625,4.5,2.675,5.1875],"texture":"#0"},"east":{"uv":[2.3125,4.5,1.4375,5.1875],"texture":"#0"},"south":{"uv":[2.4375,4.5,2.5625,5.1875],"texture":"#0"},"west":{"uv":[1.4375,4.5,2.3125,5.1875],"texture":"#0"},"up":{"uv":[1.125,5.3125,1.25,6.1875],"texture":"#0"},"down":{"uv":[1.125,5.3125,1.25,6.1875],"texture":"#0"}}},{"from":[7.6,1.15,-3.65],"to":[8.4,7.65,2.35],"rotation":{"angle":45,"axis":"x","origin":[7.7,3.32398,-2.79825]},"faces":{"north":{"uv":[1.4375,5.1875,2.25,5.3125],"rotation":270,"texture":"#0"},"east":{"uv":[1.25,6.0625,2.0625,5.3125],"rotation":270,"texture":"#0"},"south":{"uv":[1.4375,5.1875,2.25,5.3125],"rotation":270,"texture":"#0"},"west":{"uv":[1.25,5.3125,2.0625,6.0625],"rotation":270,"texture":"#0"},"up":{"uv":[1.875,4.375,2.625,4.5],"rotation":270,"texture":"#0"},"down":{"uv":[1.875,4.25,2.625,4.375],"rotation":270,"texture":"#0"}}},{"from":[5,8,1.5],"to":[5,18,14.5],"rotation":{"angle":0,"axis":"y","origin":[4,9,-11]},"faces":{"north":{"uv":[0,0,0,5],"texture":"#missing"},"east":{"uv":[0,0,13,10],"texture":"#1"},"south":{"uv":[0,0,0,5],"texture":"#missing"},"west":{"uv":[0,0,13,10],"texture":"#1"},"up":{"uv":[0,10,0,0],"texture":"#missing"},"down":{"uv":[0,0,0,10],"texture":"#missing"}}},{"from":[11,8,1.5],"to":[11,18,14.5],"rotation":{"angle":0,"axis":"y","origin":[12,9,-11]},"faces":{"north":{"uv":[0,0,0,5],"texture":"#missing"},"east":{"uv":[13,0,0,10],"texture":"#1"},"south":{"uv":[0,0,0,5],"texture":"#missing"},"west":{"uv":[13,0,0,10],"texture":"#1"},"up":{"uv":[0,10,0,0],"texture":"#missing"},"down":{"uv":[0,0,0,10],"texture":"#missing"}}}],"gui_light":"front","display":{"thirdperson_righthand":{"translation":[0,7.5,1.5],"scale":[0.6,0.6,0.6]},"thirdperson_lefthand":{"translation":[0,7.5,1.5],"scale":[0.6,0.6,0.6]},"firstperson_righthand":{"rotation":[-10,7,2],"translation":[5,8,-4.25],"scale":[0.6,0.6,0.6]},"firstperson_lefthand":{"rotation":[-10,7,2],"translation":[5,8,-4.25],"scale":[0.6,0.6,0.6]},"ground":{"rotation":[0,0,90],"translation":[-4.25,3,0],"scale":[0.45,0.45,0.45]},"gui":{"rotation":[-90,-135,-90],"translation":[-2,1.5,-1.5],"scale":[0.43945,0.43945,0.43945]},"head":{"rotation":[-180,0,0],"scale":[0,0,0]},"fixed":{"rotation":[-90,-90,-90],"translation":[0,12,-2.5],"scale":[1.2,1.2,1.2]}}}