{"credit":"Made with Blockbench","textures":{"0":"elitecreatures:valkyrie_animated_v2/valkyrie_texture","1":"elitecreatures:valkyrie_animated_v2/valkyrie_animation","particle":"elitecreatures:valkyrie_animated_v2/valkyrie_texture"},"elements":[{"from":[3.5,4,6],"to":[12.5,8,13],"rotation":{"angle":0,"axis":"y","origin":[16.5,-6,19]},"faces":{"north":{"uv":[4.25,11.75,3.125,12.25],"texture":"#0"},"east":{"uv":[1.125,11.75,2,12.25],"texture":"#0"},"south":{"uv":[3.125,11.75,2,12.25],"texture":"#0"},"west":{"uv":[2,11.75,1.125,12.25],"texture":"#0"},"up":{"uv":[1.125,11.75,0,12.625],"texture":"#0"},"down":{"uv":[1.125,11.75,0,12.625],"texture":"#0"}}},{"from":[2,4,6],"to":[3.5,8,10],"rotation":{"angle":0,"axis":"y","origin":[-2.5,-6,19]},"faces":{"north":{"uv":[4.6875,10.5,4.875,11],"texture":"#0"},"east":{"uv":[4.5,10.5,4,11],"texture":"#0"},"south":{"uv":[4.5,10.5,4.6875,11],"texture":"#0"},"west":{"uv":[4.5,10.5,4,11],"texture":"#0"},"up":{"uv":[4.1875,11,4,11.5],"texture":"#0"},"down":{"uv":[4.375,11,4.1875,11.5],"texture":"#0"}}},{"from":[12.5,4,6],"to":[14,8,10],"rotation":{"angle":0,"axis":"y","origin":[18.5,-6,19]},"faces":{"north":{"uv":[4.875,10.5,4.6875,11],"texture":"#0"},"east":{"uv":[4,10.5,4.5,11],"texture":"#0"},"south":{"uv":[4.6875,10.5,4.5,11],"texture":"#0"},"west":{"uv":[4,10.5,4.5,11],"texture":"#0"},"up":{"uv":[4,11,4.1875,11.5],"texture":"#0"},"down":{"uv":[4.1875,11,4.375,11.5],"texture":"#0"}}},{"from":[2.5,7.8,11],"to":[13.5,10.8,14],"rotation":{"angle":22.5,"axis":"x","origin":[8,9.3,12.5]},"faces":{"north":{"uv":[6.25,10.5,4.875,10.875],"texture":"#0"},"east":{"uv":[4.75,11,4.375,11.375],"texture":"#0"},"south":{"uv":[6.25,10.5,4.875,10.875],"texture":"#0"},"west":{"uv":[4.75,11,4.375,11.375],"texture":"#0"},"up":{"uv":[6.25,10.875,4.875,11.25],"texture":"#0"},"down":{"uv":[6.25,10.875,4.875,11.25],"texture":"#0"}}},{"from":[10,10.8,10],"to":[11.5,10.8,14],"rotation":{"angle":22.5,"axis":"x","origin":[8,9.3,12.5]},"faces":{"north":{"uv":[6.25,10.5,4.875,10.875],"texture":"#0"},"east":{"uv":[4.75,11,4.375,11.375],"texture":"#0"},"south":{"uv":[6.25,10.5,4.875,10.875],"texture":"#0"},"west":{"uv":[4.75,11,4.375,11.375],"texture":"#0"},"up":{"uv":[3.9375,2.0625,3.75,2.5625],"texture":"#0"},"down":{"uv":[3.9375,2.0625,3.75,2.5625],"texture":"#0"}}},{"from":[4.5,10.8,10],"to":[6,10.8,14],"rotation":{"angle":22.5,"axis":"x","origin":[8,9.3,12.5]},"faces":{"north":{"uv":[4.875,10.5,6.25,10.875],"texture":"#0"},"east":{"uv":[4.375,11,4.75,11.375],"texture":"#0"},"south":{"uv":[4.875,10.5,6.25,10.875],"texture":"#0"},"west":{"uv":[4.375,11,4.75,11.375],"texture":"#0"},"up":{"uv":[3.75,2.0625,3.9375,2.5625],"texture":"#0"},"down":{"uv":[3.75,2.0625,3.9375,2.5625],"texture":"#0"}}},{"from":[4.5,5.11179,14.45984],"to":[6,10.11179,14.45984],"rotation":{"angle":0,"axis":"y","origin":[5.25,10.11179,14.45984]},"faces":{"north":{"uv":[7.125,6.3125,7.3125,6.9375],"texture":"#0"},"east":{"uv":[4.375,11,4.75,11.375],"texture":"#0"},"south":{"uv":[7.125,6.3125,7.3125,6.9375],"texture":"#0"},"west":{"uv":[4.375,11,4.75,11.375],"texture":"#0"},"up":{"uv":[3.75,2.0625,3.9375,2.5625],"texture":"#0"},"down":{"uv":[3.75,2.0625,3.9375,2.5625],"texture":"#0"}}},{"from":[9.5,-2.89505,8.73565],"to":[12.5,0.10495,8.73565],"rotation":{"angle":-45,"axis":"x","origin":[10.5,7.4,13]},"faces":{"north":{"uv":[3.4375,1.125,3.0625,1.5],"texture":"#0"},"east":{"uv":[0,0,0,1.5],"texture":"#missing"},"south":{"uv":[3.4375,1.125,3.0625,1.5],"texture":"#0"},"west":{"uv":[0,0,0,1.5],"texture":"#missing"},"up":{"uv":[0,0,0.375,0],"texture":"#missing"},"down":{"uv":[0,0,0.375,0],"texture":"#missing"}}},{"from":[9.5,-0.97164,11.85195],"to":[12.5,2.02836,11.85195],"rotation":{"angle":-22.5,"axis":"x","origin":[10.5,7.4,13]},"faces":{"north":{"uv":[3.4375,0.75,3.0625,1.125],"texture":"#0"},"east":{"uv":[0,0,0,0.375],"texture":"#missing"},"south":{"uv":[3.4375,0.75,3.0625,1.125],"texture":"#0"},"west":{"uv":[0,0,0,0.375],"texture":"#missing"},"up":{"uv":[0,0,0.375,0],"texture":"#missing"},"down":{"uv":[0,0,0.375,0],"texture":"#missing"}}},{"from":[9.5,1.99791,13.99498],"to":[12.5,4.99791,13.99498],"rotation":{"angle":0,"axis":"y","origin":[10.5,7.4,13]},"faces":{"north":{"uv":[3.4375,0.375,3.0625,0.75],"texture":"#0"},"east":{"uv":[0,0,0,0.375],"texture":"#missing"},"south":{"uv":[3.4375,0.375,3.0625,0.75],"texture":"#0"},"west":{"uv":[0,0,0,0.375],"texture":"#missing"},"up":{"uv":[0,0,0.375,0],"texture":"#missing"},"down":{"uv":[0,0,0.375,0],"texture":"#missing"}}},{"from":[9.5,4.8,13],"to":[12.5,7.8,13],"rotation":{"angle":-22.5,"axis":"x","origin":[10.5,7.4,13]},"faces":{"north":{"uv":[3.4375,0,3.0625,0.375],"texture":"#0"},"east":{"uv":[0,0,0,0.375],"texture":"#missing"},"south":{"uv":[3.4375,0,3.0625,0.375],"texture":"#0"},"west":{"uv":[0,0,0,0.375],"texture":"#missing"},"up":{"uv":[0,0,0.375,0],"texture":"#missing"},"down":{"uv":[0,0,0.375,0],"texture":"#missing"}}},{"from":[10,5.11179,14.45984],"to":[11.5,10.11179,14.45984],"rotation":{"angle":0,"axis":"y","origin":[10.75,10.11179,14.45984]},"faces":{"north":{"uv":[7.3125,6.3125,7.125,6.9375],"texture":"#0"},"east":{"uv":[4.75,11,4.375,11.375],"texture":"#0"},"south":{"uv":[7.3125,6.3125,7.125,6.9375],"texture":"#0"},"west":{"uv":[4.75,11,4.375,11.375],"texture":"#0"},"up":{"uv":[3.9375,2.0625,3.75,2.5625],"texture":"#0"},"down":{"uv":[3.9375,2.0625,3.75,2.5625],"texture":"#0"}}},{"from":[3.5,8,6],"to":[12.5,15,11],"rotation":{"angle":0,"axis":"y","origin":[16.5,1,19]},"faces":{"north":{"uv":[2.25,10.875,1.125,11.75],"texture":"#0"},"east":{"uv":[2.875,10.875,2.25,11.75],"texture":"#0"},"south":{"uv":[1.125,10.875,0,11.75],"texture":"#0"},"west":{"uv":[2.25,10.875,2.875,11.75],"texture":"#0"},"up":{"uv":[2.875,10.875,4,11.5],"texture":"#0"},"down":{"uv":[2.875,10.875,4,11.5],"texture":"#0"}}},{"from":[12.8,5.9,7],"to":[12.8,16.9,16],"rotation":{"angle":45,"axis":"y","origin":[12.8,6.9,8]},"faces":{"north":{"uv":[0,0,0,1],"texture":"#missing"},"east":{"uv":[4.625,0,3.5,1.375],"texture":"#0"},"south":{"uv":[0,0,0,1],"texture":"#missing"},"west":{"uv":[3.5,0,4.625,1.375],"texture":"#0"},"up":{"uv":[0,0.875,0,0],"rotation":180,"texture":"#missing"},"down":{"uv":[0,0.875,0,0],"rotation":180,"texture":"#missing"}}},{"from":[9.93934,15,11.21098],"to":[15.93934,21,11.21098],"rotation":{"angle":-22.5,"axis":"y","origin":[12.5,18,12.27164]},"faces":{"north":{"uv":[5.375,0,4.625,0.75],"texture":"#0"},"east":{"uv":[0,0,0,0.875],"texture":"#missing"},"south":{"uv":[4.625,0,5.375,0.75],"texture":"#0"},"west":{"uv":[0,0,0,0.875],"texture":"#missing"},"up":{"uv":[0,0,0,0.375],"rotation":270,"texture":"#missing"},"down":{"uv":[0,0,0,0.375],"rotation":90,"texture":"#missing"}}},{"from":[11.43934,14.5,9.71098],"to":[11.43934,20.5,15.71098],"rotation":{"angle":22.5,"axis":"y","origin":[12.5,17.5,12.27164]},"faces":{"north":{"uv":[0,0,0,0.875],"texture":"#missing"},"east":{"uv":[5.375,0,4.625,0.75],"texture":"#0"},"south":{"uv":[0,0,0,0.875],"texture":"#missing"},"west":{"uv":[4.625,0,5.375,0.75],"texture":"#0"},"up":{"uv":[0,0,0,0.375],"texture":"#missing"},"down":{"uv":[0,0,0,0.375],"texture":"#missing"}}},{"from":[3.2,5.9,7],"to":[3.2,16.9,16],"rotation":{"angle":-45,"axis":"y","origin":[3.2,6.9,8]},"faces":{"north":{"uv":[0,0,0,1],"texture":"#missing"},"east":{"uv":[4.625,0,3.5,1.375],"texture":"#0"},"south":{"uv":[0,0,0,1],"texture":"#missing"},"west":{"uv":[3.5,0,4.625,1.375],"texture":"#0"},"up":{"uv":[0,0.875,0,0],"rotation":180,"texture":"#missing"},"down":{"uv":[0,0.875,0,0],"rotation":180,"texture":"#missing"}}},{"from":[-3.5,15,10],"to":[9.5,25,10],"rotation":{"angle":-22.5,"axis":"y","origin":[3,20,10]},"faces":{"north":{"uv":[0,0,13,10],"texture":"#1"},"east":{"uv":[0,0,0,0.625],"texture":"#missing"},"south":{"uv":[0,0,13,10],"texture":"#1"},"west":{"uv":[0,0,0,0.625],"texture":"#missing"},"up":{"uv":[0,1.25,0,0],"rotation":90,"texture":"#missing"},"down":{"uv":[0,0,0,1.25],"rotation":270,"texture":"#missing"}}}],"gui_light":"front","display":{"thirdperson_righthand":{"rotation":[75,45,0],"translation":[0,3,-0.25],"scale":[0.41797,0.41797,0.41797]},"thirdperson_lefthand":{"rotation":[68,0,0],"translation":[-6,-7.5,7]},"firstperson_righthand":{"rotation":[0,135,0],"translation":[1.75,3.5,0],"scale":[0.48984,0.48984,0.48984]},"firstperson_lefthand":{"translation":[1.25,6,0],"scale":[0,0,0]},"ground":{"translation":[0,6,-1.5],"scale":[0.8,0.8,0.8]},"gui":{"rotation":[14,166,0],"translation":[-0.75,-2.75,-1.5],"scale":[0.61328,0.61328,0.61328]},"head":{"rotation":[-180,0,0],"translation":[0,15.5,0],"scale":[0.6,0.6,0.6]},"fixed":{"rotation":[0,180,0],"translation":[0.75,-3.5,-4.5],"scale":[2.2,2.2,2.2]}}}