{"credit":"Made with Blockbench","textures":{"0":"elitecreatures:valkyrie_animated_v2/valkyrie_texture","1":"elitecreatures:valkyrie_animated_v2/valkyrie_animation","particle":"elitecreatures:valkyrie_animated_v2/valkyrie_texture"},"elements":[{"from":[6.75,12.85323,9.9488],"to":[9.25,19.85323,12.9488],"rotation":{"angle":22.5,"axis":"x","origin":[8,23.38685,13.79982]},"faces":{"north":{"uv":[7.125,7,6.25,6.6875],"rotation":90,"texture":"#0"},"east":{"uv":[7.0625,6,6.1875,6.375],"rotation":90,"texture":"#0"},"south":{"uv":[7.0625,6.6875,6.1875,6.375],"rotation":90,"texture":"#0"},"west":{"uv":[7.0625,6.375,6.1875,6],"rotation":90,"texture":"#0"},"up":{"uv":[6.625,7.3125,6.25,7],"rotation":90,"texture":"#0"},"down":{"uv":[6.625,7.3125,6.25,7],"rotation":90,"texture":"#0"}}},{"from":[7,22.04445,9.6505],"to":[9,24.04445,14.6505],"rotation":{"angle":-45,"axis":"x","origin":[8,22.38685,13.09982]},"faces":{"east":{"uv":[6.6875,7.625,6.9375,7],"rotation":90,"texture":"#0"},"west":{"uv":[6.6875,7.625,6.9375,7],"rotation":90,"texture":"#0"},"up":{"uv":[6.625,8.4375,7.25,8.1875],"rotation":90,"texture":"#0"},"down":{"uv":[6.6875,8.1875,7.3125,7.9375],"rotation":90,"texture":"#0"}}},{"from":[7,-8.04445,9.6505],"to":[9,-6.04445,14.6505],"rotation":{"angle":45,"axis":"x","origin":[8,-6.38685,13.09982]},"faces":{"east":{"uv":[6.9375,7.625,6.6875,7],"rotation":90,"texture":"#0"},"west":{"uv":[6.9375,7.625,6.6875,7],"rotation":90,"texture":"#0"},"up":{"uv":[7.3125,8.1875,6.6875,7.9375],"rotation":90,"texture":"#0"},"down":{"uv":[7.25,8.4375,6.625,8.1875],"rotation":90,"texture":"#0"}}},{"from":[6.75,-3.85323,9.9488],"to":[9.25,3.14677,12.9488],"rotation":{"angle":-22.5,"axis":"x","origin":[8,-7.38685,13.79982]},"faces":{"north":{"uv":[6.25,7,7.125,6.6875],"rotation":90,"texture":"#0"},"east":{"uv":[6.1875,6,7.0625,6.375],"rotation":90,"texture":"#0"},"south":{"uv":[6.1875,6.6875,7.0625,6.375],"rotation":90,"texture":"#0"},"west":{"uv":[6.1875,6.375,7.0625,6],"rotation":90,"texture":"#0"},"up":{"uv":[6.25,7.3125,6.625,7],"rotation":90,"texture":"#0"},"down":{"uv":[6.25,7.3125,6.625,7],"rotation":90,"texture":"#0"}}},{"from":[5.75,12,7.5],"to":[10.25,16,11.5],"rotation":{"angle":-45,"axis":"x","origin":[8.7,12,7.5]},"faces":{"north":{"uv":[2.375,2.625,1.875,3.1875],"rotation":90,"texture":"#0"},"east":{"uv":[1,3.5,1.5,4],"rotation":90,"texture":"#0"},"south":{"uv":[2,3.5,1.5,4.0625],"rotation":90,"texture":"#0"},"west":{"uv":[1,4,1.5,3.5],"rotation":90,"texture":"#0"},"up":{"uv":[1.5,4.0625,2,3.5],"rotation":90,"texture":"#0"},"down":{"uv":[2.375,2.625,1.875,3.1875],"rotation":90,"texture":"#0"}}},{"from":[5.25,13.20711,8],"to":[10.75,15.20711,10],"rotation":{"angle":-45,"axis":"x","origin":[8.7,12.70711,7.5]},"faces":{"north":{"uv":[1.3125,4.25,0.625,4.5],"texture":"#0"},"east":{"uv":[2,3.625,2.25,3.875],"texture":"#0"},"south":{"uv":[1.3125,4.25,0.625,4],"texture":"#0"},"west":{"uv":[2.25,3.625,2,3.875],"texture":"#0"},"up":{"uv":[1.3125,4,0.625,4.25],"texture":"#0"},"down":{"uv":[1.3125,4.25,0.625,4.5],"texture":"#0"}}},{"from":[5.85,18.20711,4.5],"to":[4.85,15.20711,1.5],"rotation":{"angle":-45,"axis":"x","origin":[18.3,21.20711,7.5]},"faces":{"north":{"uv":[15.875,0,15.75,0.375],"texture":"#0"},"east":{"uv":[16,0,15.625,0.375],"texture":"#0"},"south":{"uv":[15.875,0,15.75,0.375],"texture":"#0"},"west":{"uv":[16,0,15.625,0.375],"texture":"#0"},"up":{"uv":[15.875,0,15.75,0.375],"texture":"#0"},"down":{"uv":[15.875,0,15.75,0.375],"texture":"#0"}}},{"from":[11.15,18.20711,4.5],"to":[10.15,15.20711,1.5],"rotation":{"angle":-45,"axis":"x","origin":[-2.3,21.20711,7.5]},"faces":{"north":{"uv":[15.75,0,15.875,0.375],"texture":"#0"},"east":{"uv":[15.625,0,16,0.375],"texture":"#0"},"south":{"uv":[15.75,0,15.875,0.375],"texture":"#0"},"west":{"uv":[15.625,0,16,0.375],"texture":"#0"},"up":{"uv":[15.75,0,15.875,0.375],"texture":"#0"},"down":{"uv":[15.75,0,15.875,0.375],"texture":"#0"}}},{"from":[5.25,0.79289,8],"to":[10.75,2.79289,10],"rotation":{"angle":45,"axis":"x","origin":[8.7,3.29289,7.5]},"faces":{"north":{"uv":[1.3125,4.5,0.625,4.25],"texture":"#0"},"east":{"uv":[2,3.875,2.25,3.625],"texture":"#0"},"south":{"uv":[1.3125,4,0.625,4.25],"texture":"#0"},"west":{"uv":[2.25,3.875,2,3.625],"texture":"#0"},"up":{"uv":[1.3125,4.5,0.625,4.25],"texture":"#0"},"down":{"uv":[1.3125,4.25,0.625,4],"texture":"#0"}}},{"from":[5.75,0,7.5],"to":[10.25,4,11.5],"rotation":{"angle":45,"axis":"x","origin":[8.7,4,7.5]},"faces":{"north":{"uv":[1.875,2.625,2.375,3.1875],"rotation":90,"texture":"#0"},"east":{"uv":[1.5,3.5,1,4],"rotation":90,"texture":"#0"},"south":{"uv":[1.5,3.5,2,4.0625],"rotation":90,"texture":"#0"},"west":{"uv":[1.5,4,1,3.5],"rotation":90,"texture":"#0"},"up":{"uv":[1.875,2.625,2.375,3.1875],"rotation":90,"texture":"#0"},"down":{"uv":[2,4.0625,1.5,3.5],"rotation":90,"texture":"#0"}}},{"from":[5.85,0.79289,4.5],"to":[4.85,-2.20711,1.5],"rotation":{"angle":45,"axis":"x","origin":[18.3,-5.20711,7.5]},"faces":{"north":{"uv":[15.875,0.375,15.75,0],"texture":"#0"},"east":{"uv":[16,0.375,15.625,0],"texture":"#0"},"south":{"uv":[15.875,0.375,15.75,0],"texture":"#0"},"west":{"uv":[16,0.375,15.625,0],"texture":"#0"},"up":{"uv":[15.875,0.375,15.75,0],"texture":"#0"},"down":{"uv":[15.875,0.375,15.75,0],"texture":"#0"}}},{"from":[11.15,0.79289,4.5],"to":[10.15,-2.20711,1.5],"rotation":{"angle":45,"axis":"x","origin":[-2.3,-5.20711,7.5]},"faces":{"north":{"uv":[15.75,0.375,15.875,0],"texture":"#0"},"east":{"uv":[15.625,0.375,16,0],"texture":"#0"},"south":{"uv":[15.75,0.375,15.875,0],"texture":"#0"},"west":{"uv":[15.625,0.375,16,0],"texture":"#0"},"up":{"uv":[15.75,0.375,15.875,0],"texture":"#0"},"down":{"uv":[15.75,0.375,15.875,0],"texture":"#0"}}},{"from":[6.5,2.5,6],"to":[9.5,4.5,9],"rotation":{"angle":45,"axis":"y","origin":[8,3.5,7.5]},"faces":{"north":{"uv":[1.9375,1.5625,2.3125,1.8125],"texture":"#0"},"east":{"uv":[2.3125,1.5625,1.9375,1.8125],"texture":"#0"},"south":{"uv":[1.9375,1.5625,2.3125,1.8125],"texture":"#0"},"west":{"uv":[2.3125,1.5625,1.9375,1.8125],"texture":"#0"},"up":{"uv":[1.9375,1.8125,2.3125,2.1875],"texture":"#0"},"down":{"uv":[1.5,4.0625,1.875,4.4375],"texture":"#0"}}},{"from":[6.5,12,6],"to":[9.5,14,9],"rotation":{"angle":45,"axis":"y","origin":[8,13,7.5]},"faces":{"north":{"uv":[1.9375,1.5625,2.3125,1.8125],"texture":"#0"},"east":{"uv":[2.3125,1.5625,1.9375,1.8125],"texture":"#0"},"south":{"uv":[1.9375,1.5625,2.3125,1.8125],"texture":"#0"},"west":{"uv":[2.3125,1.5625,1.9375,1.8125],"texture":"#0"},"up":{"uv":[1.9375,1.8125,2.3125,2.1875],"texture":"#0"},"down":{"uv":[1.5,4.0625,1.875,4.4375],"texture":"#0"}}},{"from":[6.5,13,3.5],"to":[9.5,17,7.5],"rotation":{"angle":45,"axis":"x","origin":[7.8,15,5.5]},"faces":{"north":{"uv":[0.625,4,1,3.5],"texture":"#0"},"east":{"uv":[1.125,3.5,0.625,3],"texture":"#0"},"south":{"uv":[1.125,3,1.5,3.5],"texture":"#0"},"west":{"uv":[0.625,3.5,1.125,3],"texture":"#0"},"up":{"uv":[2.75,2.625,2.375,3.125],"texture":"#0"},"down":{"uv":[1.125,3.5,1.5,3],"texture":"#0"}}},{"from":[6.5,13,7.5],"to":[9.5,17,11.5],"rotation":{"angle":-45,"axis":"x","origin":[7.8,15,9.5]},"faces":{"north":{"uv":[1.5,3,1.125,3.5],"texture":"#0"},"east":{"uv":[0.625,3.5,1.125,3],"texture":"#0"},"south":{"uv":[1,4,0.625,3.5],"texture":"#0"},"west":{"uv":[1.125,3.5,0.625,3],"texture":"#0"},"up":{"uv":[2.75,3.125,2.375,2.625],"texture":"#0"},"down":{"uv":[1.125,3,1.5,3.5],"texture":"#0"}}},{"from":[6.5,23,12.5],"to":[9.5,27,16.5],"rotation":{"angle":-45,"axis":"x","origin":[7.8,25,14.5]},"faces":{"north":{"uv":[1.5,3,1.125,3.5],"texture":"#0"},"east":{"uv":[0.625,3.5,1.125,3],"texture":"#0"},"south":{"uv":[1,4,0.625,3.5],"texture":"#0"},"west":{"uv":[1.125,3.5,0.625,3],"texture":"#0"},"up":{"uv":[2.75,3.125,2.375,2.625],"texture":"#0"},"down":{"uv":[1.125,3,1.5,3.5],"texture":"#0"}}},{"from":[6.5,-1,7.5],"to":[9.5,3,11.5],"rotation":{"angle":-45,"axis":"x","origin":[7.8,1,9.5]},"faces":{"north":{"uv":[1.5,3,1.125,3.5],"texture":"#0"},"east":{"uv":[0.625,3.5,1.125,3],"texture":"#0"},"south":{"uv":[1,4,0.625,3.5],"texture":"#0"},"west":{"uv":[1.125,3.5,0.625,3],"texture":"#0"},"up":{"uv":[2.75,3.125,2.375,2.625],"texture":"#0"},"down":{"uv":[1.125,3,1.5,3.5],"texture":"#0"}}},{"from":[6.5,-1,3.5],"to":[9.5,3,7.5],"rotation":{"angle":45,"axis":"x","origin":[7.8,1,5.5]},"faces":{"north":{"uv":[0.625,4,1,3.5],"texture":"#0"},"east":{"uv":[1.125,3.5,0.625,3],"texture":"#0"},"south":{"uv":[1.125,3,1.5,3.5],"texture":"#0"},"west":{"uv":[0.625,3.5,1.125,3],"texture":"#0"},"up":{"uv":[2.75,2.625,2.375,3.125],"texture":"#0"},"down":{"uv":[1.125,3.5,1.5,3],"texture":"#0"}}},{"from":[6.5,-7.97164,4.64805],"to":[9.5,-4.97164,4.64805],"rotation":{"angle":22.5,"axis":"x","origin":[7.5,0.4,3.5]},"faces":{"north":{"uv":[3.0625,0.75,3.4375,1.125],"texture":"#0"},"east":{"uv":[0,0,0,0.375],"texture":"#missing"},"south":{"uv":[3.0625,0.75,3.4375,1.125],"texture":"#0"},"west":{"uv":[0,0,0,0.375],"texture":"#missing"},"up":{"uv":[0,0,0.375,0],"texture":"#missing"},"down":{"uv":[0,0,0.375,0],"texture":"#missing"}}},{"from":[6.5,-9.89505,7.76435],"to":[9.5,-6.89505,7.76435],"rotation":{"angle":45,"axis":"x","origin":[7.5,0.4,3.5]},"faces":{"north":{"uv":[3.0625,1.125,3.4375,1.5],"texture":"#0"},"east":{"uv":[0,0,0,1.5],"texture":"#missing"},"south":{"uv":[3.0625,1.125,3.4375,1.5],"texture":"#0"},"west":{"uv":[0,0,0,1.5],"texture":"#missing"},"up":{"uv":[0,0,0.375,0],"texture":"#missing"},"down":{"uv":[0,0,0.375,0],"texture":"#missing"}}},{"from":[6.5,-5.00209,2.50502],"to":[9.5,-2.00209,2.50502],"rotation":{"angle":0,"axis":"y","origin":[7.5,0.4,3.5]},"faces":{"north":{"uv":[3.0625,0.375,3.4375,0.75],"texture":"#0"},"east":{"uv":[0,0,0,0.375],"texture":"#missing"},"south":{"uv":[3.0625,0.375,3.4375,0.75],"texture":"#0"},"west":{"uv":[0,0,0,0.375],"texture":"#missing"},"up":{"uv":[0,0,0.375,0],"texture":"#missing"},"down":{"uv":[0,0,0.375,0],"texture":"#missing"}}},{"from":[6.5,-2.2,3.5],"to":[9.5,0.8,3.5],"rotation":{"angle":22.5,"axis":"x","origin":[7.5,0.4,3.5]},"faces":{"north":{"uv":[3.0625,0,3.4375,0.375],"texture":"#0"},"east":{"uv":[0,0,0,0.375],"texture":"#missing"},"south":{"uv":[3.0625,0,3.4375,0.375],"texture":"#0"},"west":{"uv":[0,0,0,0.375],"texture":"#missing"},"up":{"uv":[0,0,0.375,0],"texture":"#missing"},"down":{"uv":[0,0,0.375,0],"texture":"#missing"}}},{"from":[8,16,-1],"to":[8,22,5],"rotation":{"angle":-22.5,"axis":"y","origin":[8,19,5]},"faces":{"north":{"uv":[0,0,0,0.875],"texture":"#missing"},"east":{"uv":[4.625,0,5.375,0.75],"texture":"#0"},"south":{"uv":[0,0,0,0.875],"texture":"#missing"},"west":{"uv":[5.375,0,4.625,0.75],"texture":"#0"},"up":{"uv":[0,0.375,0,0],"texture":"#missing"},"down":{"uv":[0,0.375,0,0],"texture":"#missing"}}},{"from":[8,16,-1],"to":[8,22,5],"rotation":{"angle":22.5,"axis":"y","origin":[8,19,5]},"faces":{"north":{"uv":[0,0,0,0.875],"texture":"#missing"},"east":{"uv":[4.625,0,5.375,0.75],"texture":"#0"},"south":{"uv":[0,0,0,0.875],"texture":"#missing"},"west":{"uv":[5.375,0,4.625,0.75],"texture":"#0"},"up":{"uv":[0,0.375,0,0],"texture":"#missing"},"down":{"uv":[0,0.375,0,0],"texture":"#missing"}}},{"from":[7.75,8,14.5],"to":[8.25,23,15],"rotation":{"angle":0,"axis":"y","origin":[8,22.5,14.75]},"faces":{"north":{"uv":[7.3125,6.3125,7.375,8.1875],"texture":"#0"},"east":{"uv":[7.3125,6.3125,7.375,8.1875],"texture":"#0"},"south":{"uv":[7.3125,6.3125,7.375,8.1875],"texture":"#0"},"west":{"uv":[7.3125,6.3125,7.375,8.1875],"texture":"#0"},"up":{"uv":[7.3125,8.0625,7.375,8.125],"texture":"#0"},"down":{"uv":[7.3125,8.0625,7.375,8.125],"texture":"#0"}}},{"from":[7.75,-7,14.5],"to":[8.25,8,15],"rotation":{"angle":0,"axis":"y","origin":[8,-6.5,14.75]},"faces":{"north":{"uv":[7.3125,8.1875,7.375,6.3125],"texture":"#0"},"east":{"uv":[7.3125,8.1875,7.375,6.3125],"texture":"#0"},"south":{"uv":[7.3125,8.1875,7.375,6.3125],"texture":"#0"},"west":{"uv":[7.3125,8.1875,7.375,6.3125],"texture":"#0"},"up":{"uv":[7.3125,8.125,7.375,8.0625],"texture":"#0"},"down":{"uv":[7.3125,8.125,7.375,8.0625],"texture":"#0"}}},{"from":[6.75,24.21585,13.55003],"to":[9.25,28.21585,15.55003],"rotation":{"angle":-22.5,"axis":"x","origin":[8.2,24.38685,10.79982]},"faces":{"north":{"uv":[7.625,6,7.125,6.3125],"rotation":270,"texture":"#0"},"east":{"uv":[7.1875,7.6875,6.6875,7.9375],"rotation":270,"texture":"#0"},"south":{"uv":[7.625,6,7.125,6.3125],"rotation":270,"texture":"#0"},"west":{"uv":[7.1875,7.6875,6.6875,7.9375],"rotation":270,"texture":"#0"},"up":{"uv":[7.1875,7,6.9375,7.3125],"rotation":270,"texture":"#0"},"down":{"uv":[7.1875,7,6.9375,7.3125],"rotation":270,"texture":"#0"}}},{"from":[6.75,-12.21585,13.55003],"to":[9.25,-8.21585,15.55003],"rotation":{"angle":22.5,"axis":"x","origin":[8.2,-8.38685,10.79982]},"faces":{"north":{"uv":[7.125,6,7.625,6.3125],"rotation":270,"texture":"#0"},"east":{"uv":[6.6875,7.6875,7.1875,7.9375],"rotation":270,"texture":"#0"},"south":{"uv":[7.125,6,7.625,6.3125],"rotation":270,"texture":"#0"},"west":{"uv":[6.6875,7.6875,7.1875,7.9375],"rotation":270,"texture":"#0"},"up":{"uv":[6.9375,7,7.1875,7.3125],"rotation":270,"texture":"#0"},"down":{"uv":[6.9375,7,7.1875,7.3125],"rotation":270,"texture":"#0"}}},{"from":[6.5,-11,12.5],"to":[9.5,-7,16.5],"rotation":{"angle":45,"axis":"x","origin":[7.8,-9,14.5]},"faces":{"north":{"uv":[1.5,3.5,1.125,3],"texture":"#0"},"east":{"uv":[0.625,3,1.125,3.5],"texture":"#0"},"south":{"uv":[1,3.5,0.625,4],"texture":"#0"},"west":{"uv":[1.125,3,0.625,3.5],"texture":"#0"},"up":{"uv":[1.125,3.5,1.5,3],"texture":"#0"},"down":{"uv":[2.75,2.625,2.375,3.125],"texture":"#0"}}},{"from":[7.9,15.8,13],"to":[7.9,23.8,20],"rotation":{"angle":-22.5,"axis":"x","origin":[7.9,22.38685,12.79982]},"faces":{"north":{"uv":[0,0,0,1],"texture":"#missing"},"east":{"uv":[4.625,0.3125,3.75,1.3125],"texture":"#0"},"south":{"uv":[0,0,0,1],"texture":"#missing"},"west":{"uv":[3.75,0.3125,4.625,1.3125],"texture":"#0"},"up":{"uv":[0,0,0,0.875],"texture":"#missing"},"down":{"uv":[0,0,0,0.875],"texture":"#missing"}}},{"from":[8,13.3,8],"to":[8,24.3,15],"rotation":{"angle":-22.5,"axis":"x","origin":[8,22.38685,13.29982]},"faces":{"north":{"uv":[0,0,0,1],"texture":"#missing"},"east":{"uv":[4.625,0,3.75,1.375],"texture":"#0"},"south":{"uv":[0,0,0,1],"texture":"#missing"},"west":{"uv":[3.75,0,4.625,1.375],"texture":"#0"},"up":{"uv":[0,0,0,0.875],"texture":"#missing"},"down":{"uv":[0,0,0,0.875],"texture":"#missing"}}},{"from":[7.8,15.35047,14.38691],"to":[7.8,26.35047,23.38691],"rotation":{"angle":-45,"axis":"x","origin":[8,22.38685,12.79982]},"faces":{"north":{"uv":[0,0,0,1],"texture":"#missing"},"east":{"uv":[4.625,0,3.5,1.375],"texture":"#0"},"south":{"uv":[0,0,0,1],"texture":"#missing"},"west":{"uv":[3.5,0,4.625,1.375],"texture":"#0"},"up":{"uv":[0,0,0,0.875],"texture":"#missing"},"down":{"uv":[0,0,0,0.875],"texture":"#missing"}}},{"from":[8.2,15.35047,14.38691],"to":[8.2,26.35047,23.38691],"rotation":{"angle":-45,"axis":"x","origin":[8,22.38685,12.79982]},"faces":{"north":{"uv":[0,0,0,1],"texture":"#missing"},"east":{"uv":[4.625,0,3.5,1.375],"texture":"#0"},"south":{"uv":[0,0,0,1],"texture":"#missing"},"west":{"uv":[3.5,0,4.625,1.375],"texture":"#0"},"up":{"uv":[0,0,0,0.875],"texture":"#missing"},"down":{"uv":[0,0,0,0.875],"texture":"#missing"}}},{"from":[8,-8.3,8],"to":[8,2.7,15],"rotation":{"angle":22.5,"axis":"x","origin":[8,-6.38685,13.29982]},"faces":{"north":{"uv":[0,1,0,0],"texture":"#missing"},"east":{"uv":[4.625,1.375,3.75,0],"texture":"#0"},"south":{"uv":[0,1,0,0],"texture":"#missing"},"west":{"uv":[3.75,1.375,4.625,0],"texture":"#0"},"up":{"uv":[0,0.875,0,0],"texture":"#missing"},"down":{"uv":[0,0.875,0,0],"texture":"#missing"}}},{"from":[7.9,-7.8,13],"to":[7.9,0.2,20],"rotation":{"angle":22.5,"axis":"x","origin":[7.9,-6.38685,12.79982]},"faces":{"north":{"uv":[0,1,0,0],"texture":"#missing"},"east":{"uv":[4.625,1.3125,3.75,0.3125],"texture":"#0"},"south":{"uv":[0,1,0,0],"texture":"#missing"},"west":{"uv":[3.75,1.3125,4.625,0.3125],"texture":"#0"},"up":{"uv":[0,0.875,0,0],"texture":"#missing"},"down":{"uv":[0,0.875,0,0],"texture":"#missing"}}},{"from":[7.8,-10.35047,14.38691],"to":[7.8,0.64953,23.38691],"rotation":{"angle":45,"axis":"x","origin":[8,-6.38685,12.79982]},"faces":{"north":{"uv":[0,1,0,0],"texture":"#missing"},"east":{"uv":[4.625,1.375,3.5,0],"texture":"#0"},"south":{"uv":[0,1,0,0],"texture":"#missing"},"west":{"uv":[3.5,1.375,4.625,0],"texture":"#0"},"up":{"uv":[0,0.875,0,0],"texture":"#missing"},"down":{"uv":[0,0.875,0,0],"texture":"#missing"}}},{"from":[8.2,-10.35047,14.38691],"to":[8.2,0.64953,23.38691],"rotation":{"angle":45,"axis":"x","origin":[8,-6.38685,12.79982]},"faces":{"north":{"uv":[0,1,0,0],"texture":"#missing"},"east":{"uv":[4.625,1.375,3.5,0],"texture":"#0"},"south":{"uv":[0,1,0,0],"texture":"#missing"},"west":{"uv":[3.5,1.375,4.625,0],"texture":"#0"},"up":{"uv":[0,0.875,0,0],"texture":"#missing"},"down":{"uv":[0,0.875,0,0],"texture":"#missing"}}},{"from":[7,4.5,6.5],"to":[9,12,8.5],"rotation":{"angle":45,"axis":"y","origin":[8,8,7.5]},"faces":{"north":{"uv":[7.5,3.8125,7.25,4.75],"texture":"#0"},"east":{"uv":[7.25,3.8125,7.5,4.75],"texture":"#0"},"south":{"uv":[7.5,3.8125,7.25,4.75],"texture":"#0"},"west":{"uv":[7.25,3.8125,7.5,4.75],"texture":"#0"},"up":{"uv":[7.5,3.8125,7.25,4.0625],"texture":"#0"},"down":{"uv":[7.5,3.8125,7.25,4.0625],"texture":"#0"}}},{"from":[9.5,16,3],"to":[22.5,26,3],"rotation":{"angle":22.5,"axis":"y","origin":[16,21,3]},"faces":{"north":{"uv":[13,0,0,10],"texture":"#1"},"east":{"uv":[0,0,0,0.00122],"texture":"#missing"},"south":{"uv":[13,0,0,10],"texture":"#1"},"west":{"uv":[0,0,0,0.00122],"texture":"#missing"},"up":{"uv":[0,0,0,0.00244],"rotation":90,"texture":"#missing"},"down":{"uv":[0,0.00244,0,0],"rotation":270,"texture":"#missing"}}},{"from":[-7.5,-2,5],"to":[5.5,8,5],"rotation":{"angle":-22.5,"axis":"y","origin":[-1,3,5]},"faces":{"north":{"uv":[0,0,13,10],"texture":"#1"},"east":{"uv":[0,0,0,0.00122],"texture":"#missing"},"south":{"uv":[0,0,13,10],"texture":"#1"},"west":{"uv":[0,0,0,0.00122],"texture":"#missing"},"up":{"uv":[0,0.00244,0,0],"rotation":90,"texture":"#missing"},"down":{"uv":[0,0,0,0.00244],"rotation":270,"texture":"#missing"}}}],"gui_light":"front","display":{"thirdperson_righthand":{"rotation":[0,-3,0],"translation":[-0.75,-2.25,1.75],"scale":[0.6,0.6,0.6]},"thirdperson_lefthand":{"rotation":[0,-3,0],"translation":[-0.75,-2.25,1.75],"scale":[0.6,0.6,0.6]},"firstperson_righthand":{"rotation":[10,-9.23,-9],"translation":[9,7,-5.75],"scale":[0.54883,0.54883,0.54883]},"firstperson_lefthand":{"rotation":[10,-9.23,-9],"translation":[9,7,-5.75],"scale":[0.54883,0.54883,0.54883]},"ground":{"rotation":[0,0,90],"translation":[-0.25,2.5,-4],"scale":[0.45,0.45,0.45]},"gui":{"rotation":[-57,135,71],"translation":[-1,0.5,-1.5],"scale":[0.4043,0.4043,0.4043]},"head":{"scale":[0,0,0]},"fixed":{"rotation":[-90,-90,-90],"translation":[5.75,1,-3.75],"scale":[1.2,1.2,1.2]}}}