{"credit":"154056 / 10210W","textures":{"0":"elitecreatures:valkyrie_animated_v2/valkyrie_texture","1":"elitecreatures:valkyrie_animated_v2/valkyrie_animation","particle":"elitecreatures:valkyrie_animated_v2/valkyrie_texture"},"elements":[{"from":[1,0,2],"to":[15,9,14],"rotation":{"angle":0,"axis":"y","origin":[7,0,2]},"faces":{"north":{"uv":[6.875,13.0625,8.625,14.1875],"texture":"#0"},"east":{"uv":[0,0,1.5,1.125],"texture":"#0"},"south":{"uv":[6.875,13.0625,8.625,14.1875],"texture":"#0"},"west":{"uv":[0,0,1.5,1.125],"texture":"#0"},"up":{"uv":[6.875,11.9375,8.625,13.0625],"texture":"#0"},"down":{"uv":[6.875,11.9375,8.625,13.0625],"texture":"#0"}}},{"from":[0,0.6,0.5],"to":[16,3.6,3.5],"rotation":{"angle":45,"axis":"x","origin":[8,2.1,2]},"faces":{"north":{"uv":[1.125,15.625,3.125,16],"texture":"#0"},"south":{"uv":[1.125,15.625,3.125,16],"texture":"#0"},"up":{"uv":[1.125,15.25,3.125,15.625],"texture":"#0"},"down":{"uv":[1.125,15.25,3.125,15.625],"texture":"#0"}}},{"from":[0,0.6,12.5],"to":[16,3.6,15.5],"rotation":{"angle":-45,"axis":"x","origin":[8,2.1,14]},"faces":{"north":{"uv":[3.125,15.625,1.125,16],"texture":"#0"},"south":{"uv":[3.125,15.625,1.125,16],"texture":"#0"},"up":{"uv":[1.125,15.625,3.125,15.25],"texture":"#0"},"down":{"uv":[1.125,15.625,3.125,15.25],"texture":"#0"}}},{"from":[6.6,21.6,0.55],"to":[9.4,24.4,15.45],"rotation":{"angle":45,"axis":"z","origin":[8,23,8.05]},"faces":{"north":{"uv":[5.55625,15.50625,5.075,15.9875],"texture":"#0"},"east":{"uv":[6.3125,14.5625,8.1875,14.1875],"texture":"#0"},"south":{"uv":[5.0625,15.5,5.54375,15.98125],"texture":"#0"},"west":{"uv":[6.3125,14.5625,8.1875,14.1875],"texture":"#0"},"up":{"uv":[9.1875,16,9.5625,14.125],"texture":"#0"},"down":{"uv":[9.1875,16,9.5625,14.125],"texture":"#0"}}},{"from":[6,11.5,0.5],"to":[10,23,15.5],"rotation":{"angle":0,"axis":"y","origin":[8.3,21.24142,3]},"faces":{"north":{"uv":[6.8125,14.5625,6.3125,16],"texture":"#0"},"east":{"uv":[6.8125,14.5625,8.6875,16],"texture":"#0"},"south":{"uv":[6.8125,14.5625,6.3125,16],"texture":"#0"},"west":{"uv":[6.8125,14.5625,8.6875,16],"texture":"#0"},"up":{"uv":[8.6875,14.125,9.1875,16],"texture":"#0"},"down":{"uv":[8.6875,14.125,9.1875,16],"texture":"#0"}}},{"from":[4,9,-0.95],"to":[8,13,3.55],"rotation":{"angle":-45,"axis":"z","origin":[8,9,2]},"faces":{"north":{"uv":[1,4,1.5,3.5],"rotation":90,"texture":"#0"},"east":{"uv":[2.375,2.625,1.875,3.1875],"rotation":90,"texture":"#0"},"south":{"uv":[1,3.5,1.5,4],"rotation":90,"texture":"#0"},"west":{"uv":[2,3.5,1.5,4.0625],"rotation":90,"texture":"#0"},"up":{"uv":[1.5,4.0625,2,3.5],"rotation":180,"texture":"#0"},"down":{"uv":[2.375,2.625,1.875,3.1875],"texture":"#0"}}},{"from":[14,15.20711,-0.85],"to":[11,12.20711,-1.85],"rotation":{"angle":-45,"axis":"z","origin":[8,18.20711,11.6]},"faces":{"north":{"uv":[16,0,15.625,0.375],"texture":"#0"},"east":{"uv":[15.875,0,15.75,0.375],"texture":"#0"},"south":{"uv":[16,0,15.625,0.375],"texture":"#0"},"west":{"uv":[15.875,0,15.75,0.375],"texture":"#0"},"up":{"uv":[15.875,0,15.75,0.375],"rotation":90,"texture":"#0"},"down":{"uv":[15.875,0,15.75,0.375],"rotation":270,"texture":"#0"}}},{"from":[5.5,10.20711,-1.45],"to":[7.5,12.20711,4.05],"rotation":{"angle":-45,"axis":"z","origin":[8,9.70711,2]},"faces":{"north":{"uv":[2.25,3.625,2,3.875],"texture":"#0"},"east":{"uv":[1.3125,4.25,0.625,4.5],"texture":"#0"},"south":{"uv":[2,3.625,2.25,3.875],"texture":"#0"},"west":{"uv":[1.3125,4.25,0.625,4],"texture":"#0"},"up":{"uv":[1.3125,4,0.625,4.25],"rotation":90,"texture":"#0"},"down":{"uv":[1.3125,4.25,0.625,4.5],"rotation":270,"texture":"#0"}}},{"from":[-3.5,0,3.5],"to":[1,3.5,12.5],"rotation":{"angle":0,"axis":"y","origin":[8.5,1.5,2.5]},"faces":{"east":{"uv":[1.125,15.5625,0,16],"texture":"#0"},"west":{"uv":[1.125,15.5625,0,16],"texture":"#0"},"up":{"uv":[9.1875,13,8.625,14.125],"texture":"#0"},"down":{"uv":[9.1875,13,8.625,14.125],"texture":"#0"}}},{"from":[15,0,3.5],"to":[19.5,3.5,12.5],"rotation":{"angle":0,"axis":"y","origin":[7.5,1.5,2.5]},"faces":{"east":{"uv":[0,15.5625,1.125,16],"texture":"#0"},"west":{"uv":[0,15.5625,1.125,16],"texture":"#0"},"up":{"uv":[8.625,13,9.1875,14.125],"texture":"#0"},"down":{"uv":[8.625,13,9.1875,14.125],"texture":"#0"}}},{"from":[17,-1.5,0.5],"to":[21,7,15.5],"rotation":{"angle":22.5,"axis":"z","origin":[8,-3,6.5]},"faces":{"north":{"uv":[5,13.3125,5.5,14.375],"texture":"#0"},"east":{"uv":[5,12.25,6.875,13.3125],"texture":"#0"},"south":{"uv":[5.5,13.3125,5,14.375],"texture":"#0"},"west":{"uv":[7.625,8.75,9.5,9.8125],"texture":"#0"},"up":{"uv":[6.375,6.5625,6.875,8.4375],"texture":"#0"},"down":{"uv":[6.375,6.5625,6.875,8.4375],"texture":"#0"}}},{"from":[-5,-1.5,0.5],"to":[-1,7,15.5],"rotation":{"angle":-22.5,"axis":"z","origin":[8,-3,6.5]},"faces":{"north":{"uv":[5.5,13.3125,5,14.375],"texture":"#0"},"east":{"uv":[9.5,8.75,7.625,9.8125],"texture":"#0"},"south":{"uv":[5,13.3125,5.5,14.375],"texture":"#0"},"west":{"uv":[6.875,12.25,5,13.3125],"texture":"#0"},"up":{"uv":[6.875,6.5625,6.375,8.4375],"texture":"#0"},"down":{"uv":[6.875,6.5625,6.375,8.4375],"texture":"#0"}}},{"from":[15,0,-0.5],"to":[21.5,3.5,3.5],"rotation":{"angle":0,"axis":"y","origin":[7.5,1.5,9.5]},"faces":{"north":{"uv":[6.3125,13.8125,5.5,14.25],"texture":"#0"},"east":{"uv":[6.8125,13.3125,6.3125,13.75],"texture":"#0"},"south":{"uv":[6.3125,13.8125,5.5,14.25],"texture":"#0"},"west":{"uv":[6.8125,13.75,6.3125,14.1875],"texture":"#0"},"up":{"uv":[5.5625,11.375,4.75,11.875],"texture":"#0"},"down":{"uv":[6.3125,13.3125,5.5,13.8125],"texture":"#0"}}},{"from":[-5.5,0,-0.5],"to":[1,3.5,3.5],"rotation":{"angle":0,"axis":"y","origin":[8.5,1.5,9.5]},"faces":{"north":{"uv":[5.5,13.8125,6.3125,14.25],"texture":"#0"},"east":{"uv":[6.3125,13.75,6.8125,14.1875],"texture":"#0"},"south":{"uv":[5.5,13.8125,6.3125,14.25],"texture":"#0"},"west":{"uv":[6.3125,13.3125,6.8125,13.75],"texture":"#0"},"up":{"uv":[4.75,11.375,5.5625,11.875],"texture":"#0"},"down":{"uv":[5.5,13.3125,6.3125,13.8125],"texture":"#0"}}},{"from":[14.93934,21.5,11.21098],"to":[20.93934,27.5,11.21098],"rotation":{"angle":-22.5,"axis":"y","origin":[17.5,24.5,12.27164]},"faces":{"north":{"uv":[5.375,0,4.625,0.75],"texture":"#0"},"east":{"uv":[0,0,0,0.875],"texture":"#missing"},"south":{"uv":[4.625,0,5.375,0.75],"texture":"#0"},"west":{"uv":[0,0,0,0.875],"texture":"#missing"},"up":{"uv":[0,0,0,0.375],"rotation":270,"texture":"#missing"},"down":{"uv":[0,0,0,0.375],"rotation":90,"texture":"#missing"}}},{"from":[16.43934,21,9.71098],"to":[16.43934,27,15.71098],"rotation":{"angle":22.5,"axis":"y","origin":[17.5,24,12.27164]},"faces":{"north":{"uv":[0,0,0,0.875],"texture":"#missing"},"east":{"uv":[5.375,0,4.625,0.75],"texture":"#0"},"south":{"uv":[0,0,0,0.875],"texture":"#missing"},"west":{"uv":[4.625,0,5.375,0.75],"texture":"#0"},"up":{"uv":[0,0,0,0.375],"texture":"#missing"},"down":{"uv":[0,0,0,0.375],"texture":"#missing"}}},{"from":[-5.5,0,12.5],"to":[1,3.5,16.5],"rotation":{"angle":0,"axis":"y","origin":[8.5,1.5,6.5]},"faces":{"north":{"uv":[6.3125,13.8125,5.5,14.25],"texture":"#0"},"east":{"uv":[6.8125,13.75,6.3125,14.1875],"texture":"#0"},"south":{"uv":[6.3125,13.8125,5.5,14.25],"texture":"#0"},"west":{"uv":[6.8125,13.3125,6.3125,13.75],"texture":"#0"},"up":{"uv":[4.75,11.875,5.5625,11.375],"texture":"#0"},"down":{"uv":[5.5,13.8125,6.3125,13.3125],"texture":"#0"}}},{"from":[15,0,12.5],"to":[21.5,3.5,16.5],"rotation":{"angle":0,"axis":"y","origin":[7.5,1.5,6.5]},"faces":{"north":{"uv":[5.5,13.8125,6.3125,14.25],"texture":"#0"},"east":{"uv":[6.3125,13.3125,6.8125,13.75],"texture":"#0"},"south":{"uv":[5.5,13.8125,6.3125,14.25],"texture":"#0"},"west":{"uv":[6.3125,13.75,6.8125,14.1875],"texture":"#0"},"up":{"uv":[5.5625,11.875,4.75,11.375],"texture":"#0"},"down":{"uv":[6.3125,13.8125,5.5,13.3125],"texture":"#0"}}},{"from":[19,0.05,1.5],"to":[21.5,3.45,3.5],"rotation":{"angle":22.5,"axis":"y","origin":[21.5,1.75,3.5]},"faces":{"north":{"uv":[5.5625,14.375,5.25,14.8125],"texture":"#0"},"east":{"uv":[5.125,8.3125,4.875,8.75],"texture":"#0"},"south":{"uv":[5.5625,14.375,5.25,14.8125],"texture":"#0"},"west":{"uv":[6.5,8.3125,6.25,8.75],"texture":"#0"},"up":{"uv":[5.5625,15.0625,5.25,15.3125],"texture":"#0"},"down":{"uv":[5.5625,14.8125,5.25,15.0625],"texture":"#0"}}},{"from":[19,0.05,12.5],"to":[21.5,3.45,14.5],"rotation":{"angle":-22.5,"axis":"y","origin":[21.5,1.75,12.5]},"faces":{"north":{"uv":[5.25,14.375,5.5625,14.8125],"texture":"#0"},"east":{"uv":[4.875,8.3125,5.125,8.75],"texture":"#0"},"south":{"uv":[5.25,14.375,5.5625,14.8125],"texture":"#0"},"west":{"uv":[6.25,8.3125,6.5,8.75],"texture":"#0"},"up":{"uv":[5.5625,15.3125,5.25,15.0625],"texture":"#0"},"down":{"uv":[5.5625,15.0625,5.25,14.8125],"texture":"#0"}}},{"from":[-5.5,0.05,12.5],"to":[-3,3.45,14.5],"rotation":{"angle":22.5,"axis":"y","origin":[-5.5,1.75,12.5]},"faces":{"north":{"uv":[5.5625,14.375,5.25,14.8125],"texture":"#0"},"east":{"uv":[6.5,8.3125,6.25,8.75],"texture":"#0"},"south":{"uv":[5.5625,14.375,5.25,14.8125],"texture":"#0"},"west":{"uv":[5.125,8.3125,4.875,8.75],"texture":"#0"},"up":{"uv":[5.25,15.3125,5.5625,15.0625],"texture":"#0"},"down":{"uv":[5.25,15.0625,5.5625,14.8125],"texture":"#0"}}},{"from":[-5.5,0.05,1.5],"to":[-3,3.45,3.5],"rotation":{"angle":-22.5,"axis":"y","origin":[-5.5,1.75,3.5]},"faces":{"north":{"uv":[5.25,14.375,5.5625,14.8125],"texture":"#0"},"east":{"uv":[6.25,8.3125,6.5,8.75],"texture":"#0"},"south":{"uv":[5.25,14.375,5.5625,14.8125],"texture":"#0"},"west":{"uv":[4.875,8.3125,5.125,8.75],"texture":"#0"},"up":{"uv":[5.25,15.0625,5.5625,15.3125],"texture":"#0"},"down":{"uv":[5.25,14.8125,5.5625,15.0625],"texture":"#0"}}},{"from":[-1,13.5,0.99],"to":[8,23,0.99],"rotation":{"angle":22.5,"axis":"z","origin":[8,23,6.9]},"faces":{"north":{"uv":[3.6875,14.8125,4.8125,16],"texture":"#0"},"east":{"uv":[6.5,5.4375,8.25,6.5625],"texture":"#missing"},"south":{"uv":[4.8125,14.8125,3.6875,16],"texture":"#0"},"west":{"uv":[6.5,5.4375,8.25,6.5625],"texture":"#missing"},"up":{"uv":[6.9375,3.6875,8.0625,5.4375],"texture":"#missing"},"down":{"uv":[6.9375,3.6875,8.0625,5.4375],"texture":"#missing"}}},{"from":[8,13.5,0.99],"to":[17,23,0.99],"rotation":{"angle":-22.5,"axis":"z","origin":[8,23,6.9]},"faces":{"north":{"uv":[4.8125,14.8125,3.6875,16],"texture":"#0"},"east":{"uv":[8.25,5.4375,6.5,6.5625],"texture":"#missing"},"south":{"uv":[3.6875,14.8125,4.8125,16],"texture":"#0"},"west":{"uv":[8.25,5.4375,6.5,6.5625],"texture":"#missing"},"up":{"uv":[8.0625,3.6875,6.9375,5.4375],"texture":"#missing"},"down":{"uv":[8.0625,3.6875,6.9375,5.4375],"texture":"#missing"}}},{"from":[6,7.4,-0.3],"to":[10,11.4,2.7],"rotation":{"angle":-45,"axis":"z","origin":[8,9.4,1]},"faces":{"north":{"uv":[1.125,3.5,0.625,3],"texture":"#0"},"east":{"uv":[1.5,3,1.125,3.5],"texture":"#0"},"south":{"uv":[0.625,3.5,1.125,3],"texture":"#0"},"west":{"uv":[1,4,0.625,3.5],"texture":"#0"},"up":{"uv":[2.75,3.125,2.375,2.625],"rotation":90,"texture":"#0"},"down":{"uv":[1.125,3,1.5,3.5],"rotation":270,"texture":"#0"}}},{"from":[-1,13.5,15.01],"to":[8,23,15.01],"rotation":{"angle":22.5,"axis":"z","origin":[8,23,9.1]},"faces":{"north":{"uv":[3.6875,14.8125,4.8125,16],"texture":"#0"},"east":{"uv":[8.25,5.4375,6.5,6.5625],"texture":"#missing"},"south":{"uv":[4.8125,14.8125,3.6875,16],"texture":"#0"},"west":{"uv":[8.25,5.4375,6.5,6.5625],"texture":"#missing"},"up":{"uv":[6.9375,5.4375,8.0625,3.6875],"texture":"#missing"},"down":{"uv":[6.9375,5.4375,8.0625,3.6875],"texture":"#missing"}}},{"from":[8,13.5,15.01],"to":[17,23,15.01],"rotation":{"angle":-22.5,"axis":"z","origin":[8,23,9.1]},"faces":{"north":{"uv":[4.8125,14.8125,3.6875,16],"texture":"#0"},"east":{"uv":[6.5,5.4375,8.25,6.5625],"texture":"#missing"},"south":{"uv":[3.6875,14.8125,4.8125,16],"texture":"#0"},"west":{"uv":[6.5,5.4375,8.25,6.5625],"texture":"#missing"},"up":{"uv":[8.0625,5.4375,6.9375,3.6875],"texture":"#missing"},"down":{"uv":[8.0625,5.4375,6.9375,3.6875],"texture":"#missing"}}},{"from":[2,23,1],"to":[8,23,15],"rotation":{"angle":22.5,"axis":"z","origin":[8,23,7]},"faces":{"north":{"uv":[6.9375,2.5625,8.0625,3.6875],"texture":"#missing"},"east":{"uv":[6.5,5.4375,8.25,6.5625],"texture":"#missing"},"south":{"uv":[8.0625,2.5625,6.9375,3.6875],"texture":"#missing"},"west":{"uv":[6.5,5.4375,8.25,6.5625],"texture":"#missing"},"up":{"uv":[5.5625,14.25,6.3125,16],"texture":"#0"},"down":{"uv":[5.5625,14.25,6.3125,16],"texture":"#0"}}},{"from":[8,23,1],"to":[14,23,15],"rotation":{"angle":-22.5,"axis":"z","origin":[8,23,7]},"faces":{"north":{"uv":[8.0625,2.5625,6.9375,3.6875],"texture":"#missing"},"east":{"uv":[8.25,5.4375,6.5,6.5625],"texture":"#missing"},"south":{"uv":[6.9375,2.5625,8.0625,3.6875],"texture":"#missing"},"west":{"uv":[8.25,5.4375,6.5,6.5625],"texture":"#missing"},"up":{"uv":[6.3125,14.25,5.5625,16],"texture":"#0"},"down":{"uv":[6.3125,14.25,5.5625,16],"texture":"#0"}}},{"from":[13.5,20,0],"to":[16.5,25,16],"rotation":{"angle":-22.5,"axis":"z","origin":[7.5,23,7]},"faces":{"north":{"uv":[2,14,2.375,14.625],"texture":"#0"},"east":{"uv":[0,14,2,14.625],"texture":"#0"},"south":{"uv":[2.375,14,2,14.625],"texture":"#0"},"west":{"uv":[0,14,2,14.625],"texture":"#0"},"up":{"uv":[3.25,12.25,3.625,14.25],"texture":"#0"},"down":{"uv":[9.5,7.8125,9.875,9.8125],"texture":"#0"}}},{"from":[-0.5,20,0],"to":[2.5,25,16],"rotation":{"angle":22.5,"axis":"z","origin":[8.5,23,7]},"faces":{"north":{"uv":[2.375,14,2,14.625],"texture":"#0"},"east":{"uv":[2,14,0,14.625],"texture":"#0"},"south":{"uv":[2,14,2.375,14.625],"texture":"#0"},"west":{"uv":[2,14,0,14.625],"texture":"#0"},"up":{"uv":[3.625,12.25,3.25,14.25],"texture":"#0"},"down":{"uv":[9.875,7.8125,9.5,9.8125],"texture":"#0"}}},{"from":[16.5,14,0],"to":[21.5,25,16],"rotation":{"angle":-22.5,"axis":"z","origin":[7.5,23,7]},"faces":{"north":{"uv":[2,12.625,2.625,14],"texture":"#0"},"east":{"uv":[0,12.625,2,14],"texture":"#0"},"south":{"uv":[2.625,12.625,2,14],"texture":"#0"},"west":{"uv":[7.5,7.375,9.5,8.75],"texture":"#0"},"up":{"uv":[2.625,12.25,3.25,14.25],"texture":"#0"},"down":{"uv":[2.625,12.25,3.25,14.25],"texture":"#0"}}},{"from":[-5.5,14,0],"to":[-0.5,25,16],"rotation":{"angle":22.5,"axis":"z","origin":[8.5,23,7]},"faces":{"north":{"uv":[2.625,12.625,2,14],"texture":"#0"},"east":{"uv":[9.5,7.375,7.5,8.75],"texture":"#0"},"south":{"uv":[2,12.625,2.625,14],"texture":"#0"},"west":{"uv":[2,12.625,0,14],"texture":"#0"},"up":{"uv":[3.25,12.25,2.625,14.25],"texture":"#0"},"down":{"uv":[3.25,12.25,2.625,14.25],"texture":"#0"}}},{"from":[-2.5,9,-0.5],"to":[18.5,12,16.5],"rotation":{"angle":0,"axis":"y","origin":[7.5,12,6.5]},"faces":{"north":{"uv":[2.625,14.625,0,15],"texture":"#0"},"east":{"uv":[6.375,11.875,4.25,12.25],"texture":"#0"},"south":{"uv":[2.625,14.625,0,15],"texture":"#0"},"west":{"uv":[6.375,11.875,4.25,12.25],"texture":"#0"},"up":{"uv":[10.25,9.8125,7.625,11.9375],"texture":"#0"},"down":{"uv":[12.875,9.8125,10.25,11.9375],"texture":"#0"}}},{"from":[6,8.5,15.5],"to":[10,14,17],"rotation":{"angle":0,"axis":"y","origin":[7,11.5,6.5]},"faces":{"north":{"uv":[7.625,10.5,7.125,11.1875],"texture":"#0"},"east":{"uv":[6.9375,10.5,7.125,11.1875],"texture":"#0"},"south":{"uv":[7.625,10.5,7.125,11.1875],"texture":"#0"},"west":{"uv":[7.125,10.5,6.9375,11.1875],"texture":"#0"},"up":{"uv":[7.625,11.375,7.125,11.5625],"texture":"#0"},"down":{"uv":[7.625,11.1875,7.125,11.375],"texture":"#0"}}},{"from":[13.5,5.09791,-1.49498],"to":[16.5,8.09791,-1.49498],"rotation":{"angle":0,"axis":"y","origin":[14.5,10.5,-0.5]},"faces":{"north":{"uv":[3.0625,0.375,3.4375,0.75],"texture":"#0"},"east":{"uv":[0,0,0,0.375],"texture":"#missing"},"south":{"uv":[3.0625,0.375,3.4375,0.75],"texture":"#0"},"west":{"uv":[0,0,0,0.375],"texture":"#missing"},"up":{"uv":[0,0,0.375,0],"texture":"#missing"},"down":{"uv":[0,0,0.375,0],"texture":"#missing"}}},{"from":[13.5,7.9,-0.5],"to":[16.5,10.9,-0.5],"rotation":{"angle":22.5,"axis":"x","origin":[14.5,10.5,-0.5]},"faces":{"north":{"uv":[3.0625,0,3.4375,0.375],"texture":"#0"},"east":{"uv":[0,0,0,0.375],"texture":"#missing"},"south":{"uv":[3.0625,0,3.4375,0.375],"texture":"#0"},"west":{"uv":[0,0,0,0.375],"texture":"#missing"},"up":{"uv":[0,0,0.375,0],"texture":"#missing"},"down":{"uv":[0,0,0.375,0],"texture":"#missing"}}},{"from":[13.5,2.12836,0.64805],"to":[16.5,5.12836,0.64805],"rotation":{"angle":22.5,"axis":"x","origin":[14.5,10.5,-0.5]},"faces":{"north":{"uv":[3.0625,0.75,3.4375,1.125],"texture":"#0"},"east":{"uv":[0,0,0,0.375],"texture":"#missing"},"south":{"uv":[3.0625,0.75,3.4375,1.125],"texture":"#0"},"west":{"uv":[0,0,0,0.375],"texture":"#missing"},"up":{"uv":[0,0,0.375,0],"texture":"#missing"},"down":{"uv":[0,0,0.375,0],"texture":"#missing"}}},{"from":[13.5,0.20495,3.76435],"to":[16.5,3.20495,3.76435],"rotation":{"angle":45,"axis":"x","origin":[14.5,10.5,-0.5]},"faces":{"north":{"uv":[3.0625,1.125,3.4375,1.5],"texture":"#0"},"east":{"uv":[0,0,0,1.5],"texture":"#missing"},"south":{"uv":[3.0625,1.125,3.4375,1.5],"texture":"#0"},"west":{"uv":[0,0,0,1.5],"texture":"#missing"},"up":{"uv":[0,0,0.375,0],"texture":"#missing"},"down":{"uv":[0,0,0.375,0],"texture":"#missing"}}},{"from":[-0.5,5.09791,-1.49498],"to":[2.5,8.09791,-1.49498],"rotation":{"angle":0,"axis":"y","origin":[1.5,10.5,-0.5]},"faces":{"north":{"uv":[3.4375,0.375,3.0625,0.75],"texture":"#0"},"east":{"uv":[0,0,0,0.375],"texture":"#missing"},"south":{"uv":[3.4375,0.375,3.0625,0.75],"texture":"#0"},"west":{"uv":[0,0,0,0.375],"texture":"#missing"},"up":{"uv":[0.375,0,0,0],"texture":"#missing"},"down":{"uv":[0.375,0,0,0],"texture":"#missing"}}},{"from":[-0.5,7.9,-0.5],"to":[2.5,10.9,-0.5],"rotation":{"angle":22.5,"axis":"x","origin":[1.5,10.5,-0.5]},"faces":{"north":{"uv":[3.4375,0,3.0625,0.375],"texture":"#0"},"east":{"uv":[0,0,0,0.375],"texture":"#missing"},"south":{"uv":[3.4375,0,3.0625,0.375],"texture":"#0"},"west":{"uv":[0,0,0,0.375],"texture":"#missing"},"up":{"uv":[0.375,0,0,0],"texture":"#missing"},"down":{"uv":[0.375,0,0,0],"texture":"#missing"}}},{"from":[-0.5,2.12836,0.64805],"to":[2.5,5.12836,0.64805],"rotation":{"angle":22.5,"axis":"x","origin":[1.5,10.5,-0.5]},"faces":{"north":{"uv":[3.4375,0.75,3.0625,1.125],"texture":"#0"},"east":{"uv":[0,0,0,0.375],"texture":"#missing"},"south":{"uv":[3.4375,0.75,3.0625,1.125],"texture":"#0"},"west":{"uv":[0,0,0,0.375],"texture":"#missing"},"up":{"uv":[0.375,0,0,0],"texture":"#missing"},"down":{"uv":[0.375,0,0,0],"texture":"#missing"}}},{"from":[-0.5,0.20495,3.76435],"to":[2.5,3.20495,3.76435],"rotation":{"angle":45,"axis":"x","origin":[1.5,10.5,-0.5]},"faces":{"north":{"uv":[3.4375,1.125,3.0625,1.5],"texture":"#0"},"east":{"uv":[0,0,0,1.5],"texture":"#missing"},"south":{"uv":[3.4375,1.125,3.0625,1.5],"texture":"#0"},"west":{"uv":[0,0,0,1.5],"texture":"#missing"},"up":{"uv":[0.375,0,0,0],"texture":"#missing"},"down":{"uv":[0.375,0,0,0],"texture":"#missing"}}},{"from":[11.8,20.9,-3],"to":[11.8,31.9,6],"rotation":{"angle":45,"axis":"y","origin":[11.8,21.9,-2]},"faces":{"north":{"uv":[0,0,0,1],"texture":"#missing"},"east":{"uv":[4.625,0,3.5,1.375],"texture":"#0"},"south":{"uv":[0,0,0,1],"texture":"#missing"},"west":{"uv":[3.5,0,4.625,1.375],"texture":"#0"},"up":{"uv":[0,0.875,0,0],"rotation":180,"texture":"#missing"},"down":{"uv":[0,0.875,0,0],"rotation":180,"texture":"#missing"}}},{"from":[6.33049,29.49458,-0.05],"to":[2.83049,25.99458,-4.95],"rotation":{"angle":45,"axis":"z","origin":[9,30.74987,-2]},"faces":{"north":{"uv":[15.875,0,15.4375,0.4375],"rotation":180,"texture":"#0"},"east":{"uv":[16,0,15.375,0.4375],"rotation":180,"texture":"#0"},"south":{"uv":[15.875,0,15.4375,0.4375],"rotation":180,"texture":"#0"},"up":{"uv":[16,0,15.375,0.4375],"rotation":90,"texture":"#0"}}},{"from":[10.57296,31.2627,-0.05],"to":[7.07296,27.7627,-4.95],"rotation":{"angle":-45,"axis":"z","origin":[9,30.74987,-2]},"faces":{"north":{"uv":[15.875,0.4375,15.4375,0],"rotation":180,"texture":"#0"},"east":{"uv":[16,0.4375,15.375,0],"rotation":180,"texture":"#0"},"south":{"uv":[15.875,0.4375,15.4375,0],"rotation":180,"texture":"#0"},"down":{"uv":[16,0.4375,15.375,0],"rotation":270,"texture":"#0"}}},{"from":[10.5,30,0],"to":[5.5,25.5,-5],"rotation":{"angle":0,"axis":"y","origin":[9,30.74987,-2]},"faces":{"north":{"uv":[16,0.625,15.4375,0],"rotation":90,"texture":"#0"},"east":{"uv":[16,0.5625,15.375,0],"rotation":180,"texture":"#0"},"south":{"uv":[16,0.625,15.4375,0],"rotation":270,"texture":"#0"},"west":{"uv":[16,0.5625,15.375,0],"texture":"#0"},"up":{"uv":[16,0.625,15.375,0],"rotation":270,"texture":"#0"}}},{"from":[10.739,25.10923,-4.45],"to":[13.239,27.60923,-0.55],"rotation":{"angle":-45,"axis":"z","origin":[9,30.74987,-2]},"faces":{"north":{"uv":[4.4375,5.75,4.125,6.0625],"texture":"#0"},"east":{"uv":[4.9375,6.6875,5.4375,6.375],"texture":"#0"},"south":{"uv":[4.125,5.75,4.4375,6.0625],"texture":"#0"},"west":{"uv":[4.4375,6.6875,4.9375,6.375],"texture":"#0"},"up":{"uv":[4.4375,6.6875,4.9375,6.375],"rotation":90,"texture":"#0"},"down":{"uv":[4.9375,6.6875,5.4375,6.375],"rotation":270,"texture":"#0"}}},{"from":[6.25,25.5,-4.5],"to":[9.75,30,-0.5],"rotation":{"angle":0,"axis":"y","origin":[9,30.74987,-2]},"faces":{"north":{"uv":[5.375,4.6875,4.9375,5.25],"texture":"#0"},"east":{"uv":[5.5625,5.75,5.0625,6.3125],"texture":"#0"},"south":{"uv":[5.375,4.6875,4.9375,5.25],"texture":"#0"},"west":{"uv":[5.5625,5.75,5.0625,6.3125],"texture":"#0"},"up":{"uv":[5.4375,5.25,4.9375,5.6875],"rotation":90,"texture":"#0"},"down":{"uv":[5.4375,5.25,4.9375,5.6875],"rotation":270,"texture":"#0"}}},{"from":[7.55702,28.29121,-4.45],"to":[10.05702,30.79121,-0.55],"rotation":{"angle":-45,"axis":"z","origin":[9,30.74987,-2]},"faces":{"north":{"uv":[5.5625,4.3125,5.25,4.625],"texture":"#0"},"east":{"uv":[4.4375,6.6875,4.9375,6.375],"texture":"#0"},"south":{"uv":[5.25,4.3125,5.5625,4.625],"texture":"#0"},"west":{"uv":[4.4375,6.6875,4.9375,6.375],"texture":"#0"},"up":{"uv":[4.4375,6.375,4.9375,6.6875],"rotation":90,"texture":"#0"},"down":{"uv":[4.4375,6.6875,4.9375,6.375],"rotation":270,"texture":"#0"}}},{"from":[16.91951,31.95517,0],"to":[13.91951,28.95517,-3],"rotation":{"angle":45,"axis":"z","origin":[11,27.44987,-2]},"faces":{"north":{"uv":[15.625,0,16,0.375],"texture":"#0"},"east":{"uv":[15.625,0,16,0.375],"texture":"#0"},"south":{"uv":[15.625,0,16,0.375],"texture":"#0"},"west":{"uv":[15.625,0,16,0.375],"texture":"#0"},"up":{"uv":[15.625,0,16,0.375],"rotation":90,"texture":"#0"},"down":{"uv":[15.625,0,16,0.375],"rotation":270,"texture":"#0"}}},{"from":[14.41951,29.45517,-2.5],"to":[16.41951,31.45517,-0.5],"rotation":{"angle":45,"axis":"z","origin":[11,27.44987,-2]},"faces":{"north":{"uv":[5.375,4.6875,5.625,4.9375],"texture":"#0"},"east":{"uv":[5.375,4.6875,5.625,4.9375],"texture":"#0"},"south":{"uv":[5.375,4.6875,5.625,4.9375],"texture":"#0"},"west":{"uv":[5.375,4.6875,5.625,4.9375],"texture":"#0"},"up":{"uv":[5.375,4.6875,5.625,4.9375],"rotation":90,"texture":"#0"},"down":{"uv":[5.375,4.6875,5.625,4.9375],"rotation":270,"texture":"#0"}}},{"from":[5.5,23.5,-4.5],"to":[3.5,21.5,-6.5],"rotation":{"angle":45,"axis":"z","origin":[4.5,22.5,-5.5]},"faces":{"north":{"uv":[15.625,0,16,0.375],"texture":"#0"},"east":{"uv":[15.625,0,16,0.375],"texture":"#0"},"south":{"uv":[15.625,0,16,0.375],"texture":"#0"},"west":{"uv":[15.625,0,16,0.375],"texture":"#0"},"up":{"uv":[15.625,0,16,0.375],"rotation":90,"texture":"#0"},"down":{"uv":[15.625,0,16,0.375],"rotation":270,"texture":"#0"}}},{"from":[4,22,-6],"to":[5,23,-5],"rotation":{"angle":45,"axis":"z","origin":[4.5,22.5,-5.5]},"faces":{"north":{"uv":[5.4375,4.625,5.5625,4.75],"texture":"#0"},"east":{"uv":[5.4375,4.625,5.5625,4.75],"texture":"#0"},"south":{"uv":[5.4375,4.625,5.5625,4.75],"texture":"#0"},"west":{"uv":[5.4375,4.625,5.5625,4.75],"texture":"#0"},"up":{"uv":[5.4375,4.625,5.5625,4.75],"rotation":90,"texture":"#0"},"down":{"uv":[5.4375,4.625,5.5625,4.75],"rotation":270,"texture":"#0"}}},{"from":[4.2,20.9,-3],"to":[4.2,31.9,6],"rotation":{"angle":-45,"axis":"y","origin":[4.2,21.9,-2]},"faces":{"north":{"uv":[0,0,0,1],"texture":"#missing"},"east":{"uv":[4.625,0,3.5,1.375],"texture":"#0"},"south":{"uv":[0,0,0,1],"texture":"#missing"},"west":{"uv":[3.5,0,4.625,1.375],"texture":"#0"},"up":{"uv":[0,0.875,0,0],"rotation":180,"texture":"#missing"},"down":{"uv":[0,0.875,0,0],"rotation":180,"texture":"#missing"}}},{"from":[-8.5,13,-4],"to":[4.5,23,-4],"rotation":{"angle":-22.5,"axis":"y","origin":[-2,18,-4]},"faces":{"north":{"uv":[0,0,13,10],"texture":"#1"},"east":{"uv":[0,0,0,0.07813],"texture":"#missing"},"south":{"uv":[0,0,13,10],"texture":"#1"},"west":{"uv":[0,0,0,0.07813],"texture":"#missing"},"up":{"uv":[0,0.15625,0,0],"rotation":90,"texture":"#missing"},"down":{"uv":[0,0,0,0.15625],"rotation":270,"texture":"#missing"}}},{"from":[11.5,17,-4],"to":[24.5,27,-4],"rotation":{"angle":22.5,"axis":"y","origin":[18,22,-4]},"faces":{"north":{"uv":[13,0,0,10],"texture":"#1"},"east":{"uv":[0,0,0,0.07813],"texture":"#missing"},"south":{"uv":[13,0,0,10],"texture":"#1"},"west":{"uv":[0,0,0,0.07813],"texture":"#missing"},"up":{"uv":[0,0,0,0.15625],"rotation":90,"texture":"#missing"},"down":{"uv":[0,0.15625,0,0],"rotation":270,"texture":"#missing"}}}],"gui_light":"front","display":{"thirdperson_righthand":{"rotation":[75,45,0],"translation":[0,3.25,-0.25],"scale":[0.25781,0.25781,0.25781]},"thirdperson_lefthand":{"rotation":[75,45,0],"translation":[0,3.25,-0.25],"scale":[0.25781,0.25781,0.25781]},"firstperson_righthand":{"rotation":[0,135,0],"translation":[1.5,4,0],"scale":[0.25547,0.25547,0.25547]},"firstperson_lefthand":{"rotation":[0,135,0],"translation":[1.5,4,0],"scale":[0.25547,0.25547,0.25547]},"ground":{"translation":[0,6,0],"scale":[0.4,0.4,0.4]},"gui":{"rotation":[16,159,0],"translation":[0.75,-2.75,-1.5],"scale":[0.42773,0.42773,0.42773]},"head":{"rotation":[0,180,0],"translation":[0,-30.4,0],"scale":[1.6,1.6,1.6]},"fixed":{"rotation":[-90,0,0],"translation":[0,0,-16],"scale":[2,2,2]}}}