{"credit":"Made with Blockbench","textures":{"0":"elitecreatures:valkyrie_animated_v2/valkyrie_texture","1":"elitecreatures:valkyrie_animated_v2/valkyrie_animation","particle":"elitecreatures:valkyrie_animated_v2/valkyrie_texture"},"elements":[{"from":[6.5,4.6,-2],"to":[11,8.6,2.5],"rotation":{"angle":45,"axis":"y","origin":[8,6.6,1]},"faces":{"north":{"uv":[8.625,12.4375,9.1875,11.9375],"rotation":180,"texture":"#0"},"east":{"uv":[9.1875,12.4375,8.625,11.9375],"rotation":180,"texture":"#0"},"south":{"uv":[8.625,12.9375,9.1875,12.4375],"rotation":180,"texture":"#0"},"west":{"uv":[9.1875,12.9375,8.625,12.4375],"rotation":180,"texture":"#0"},"up":{"uv":[5.5625,11.875,6.125,11.3125],"rotation":180,"texture":"#0"},"down":{"uv":[5.5625,11.875,6.125,11.3125],"rotation":180,"texture":"#0"}}},{"from":[6,1.5,13],"to":[10,8.5,16],"rotation":{"angle":-45,"axis":"x","origin":[8,8.5,16]},"faces":{"north":{"uv":[10.375,8.0625,10.875,7.1875],"rotation":180,"texture":"#0"},"east":{"uv":[11.25,8.9375,10.875,8.0625],"rotation":180,"texture":"#0"},"south":{"uv":[9.875,8.0625,10.375,7.1875],"rotation":180,"texture":"#0"},"west":{"uv":[10.875,8.9375,11.25,8.0625],"rotation":180,"texture":"#0"}}},{"from":[5.5,0.05025,17.82843],"to":[10.5,4.05025,21.82843],"rotation":{"angle":-22.5,"axis":"x","origin":[8.5,2.55025,19.32843]},"faces":{"north":{"uv":[8.625,6.1875,9.25,5.6875],"rotation":180,"texture":"#0"},"east":{"uv":[8.625,6.1875,8.125,5.6875],"rotation":180,"texture":"#0"},"south":{"uv":[8.125,5.6875,8.75,5.1875],"rotation":180,"texture":"#0"},"west":{"uv":[8.125,6.1875,8.625,5.6875],"rotation":180,"texture":"#0"},"up":{"uv":[8.125,5.1875,8.75,5.6875],"rotation":180,"texture":"#0"},"down":{"uv":[8.625,6.1875,9.25,5.6875],"rotation":180,"texture":"#0"}}},{"from":[5.5,4.5,0],"to":[10.5,8.5,16],"rotation":{"angle":0,"axis":"y","origin":[7,22,13.28682]},"faces":{"north":{"uv":[9.0625,6.875,9.6875,7.375],"rotation":180,"texture":"#0"},"east":{"uv":[7.625,4.1875,8.125,6.1875],"rotation":270,"texture":"#0"},"south":{"uv":[9.0625,6.875,9.6875,7.375],"rotation":180,"texture":"#0"},"west":{"uv":[7.625,4.1875,8.125,6.1875],"rotation":270,"texture":"#0"},"up":{"uv":[7.625,6.1875,9.625,6.8125],"rotation":270,"texture":"#0"},"down":{"uv":[6.4375,2.5,8.4375,3.125],"rotation":270,"texture":"#0"}}},{"from":[4.1,5.1,-0.05],"to":[6.9,7.9,15.95],"rotation":{"angle":-45,"axis":"z","origin":[5.5,6.5,7.9]},"faces":{"north":{"uv":[8.4375,3.875,8.0625,3.5],"rotation":180,"texture":"#0"},"east":{"uv":[8.4375,3.5,6.4375,3.125],"rotation":180,"texture":"#0"},"south":{"uv":[8.4375,3.875,8.0625,3.5],"rotation":180,"texture":"#0"},"west":{"uv":[8.4375,3.5,6.4375,3.125],"rotation":180,"texture":"#0"},"up":{"uv":[0,11.625,2,12],"rotation":270,"texture":"#0"},"down":{"uv":[8.8125,5.125,8.4375,3.125],"rotation":180,"texture":"#0"}}},{"from":[9.1,5.1,-0.05],"to":[11.9,7.9,15.95],"rotation":{"angle":45,"axis":"z","origin":[10.5,6.5,7.9]},"faces":{"north":{"uv":[8.0625,3.875,8.4375,3.5],"rotation":180,"texture":"#0"},"east":{"uv":[6.4375,3.5,8.4375,3.125],"rotation":180,"texture":"#0"},"south":{"uv":[8.0625,3.875,8.4375,3.5],"rotation":180,"texture":"#0"},"west":{"uv":[6.4375,3.5,8.4375,3.125],"rotation":180,"texture":"#0"},"up":{"uv":[0,12,2,11.625],"rotation":270,"texture":"#0"},"down":{"uv":[8.4375,5.125,8.8125,3.125],"rotation":180,"texture":"#0"}}},{"from":[8,8.75,8.5],"to":[19,9.25,9],"rotation":{"angle":0,"axis":"y","origin":[8,9,2.22914]},"faces":{"north":{"uv":[7.3125,7.8125,7.375,6.4375],"rotation":270,"texture":"#0"},"east":{"uv":[7.3125,7.6875,7.375,7.625],"rotation":270,"texture":"#0"},"south":{"uv":[7.3125,7.8125,7.375,6.4375],"rotation":270,"texture":"#0"},"west":{"uv":[7.3125,7.6875,7.375,7.625],"rotation":270,"texture":"#0"},"up":{"uv":[7.3125,7.8125,7.375,6.4375],"rotation":270,"texture":"#0"},"down":{"uv":[7.3125,7.8125,7.375,6.4375],"rotation":270,"texture":"#0"}}},{"from":[-3,8.75,8.5],"to":[8,9.25,9],"rotation":{"angle":0,"axis":"y","origin":[8,9,2.22914]},"faces":{"north":{"uv":[7.3125,6.4375,7.375,7.8125],"rotation":270,"texture":"#0"},"east":{"uv":[7.3125,7.625,7.375,7.6875],"rotation":270,"texture":"#0"},"south":{"uv":[7.3125,6.4375,7.375,7.8125],"rotation":270,"texture":"#0"},"west":{"uv":[7.3125,7.625,7.375,7.6875],"rotation":270,"texture":"#0"},"up":{"uv":[7.3125,6.4375,7.375,7.8125],"rotation":270,"texture":"#0"},"down":{"uv":[7.3125,6.4375,7.375,7.8125],"rotation":270,"texture":"#0"}}},{"from":[-4.88058,8,3.36356],"to":[-2.88058,10,8.36356],"rotation":{"angle":-22.5,"axis":"y","origin":[-3.88058,9,5.86356]},"faces":{"east":{"uv":[6.6875,8.1875,7.3125,7.9375],"texture":"#0"},"west":{"uv":[6.625,8.4375,7.25,8.1875],"texture":"#0"},"up":{"uv":[6.6875,7.625,6.9375,7],"texture":"#0"},"down":{"uv":[6.6875,7.625,6.9375,7],"texture":"#0"}}},{"from":[2.21335,7.5,16.58412],"to":[6.21335,10.5,20.58412],"rotation":{"angle":-45,"axis":"y","origin":[11.8,9,2.12914]},"faces":{"north":{"uv":[1.5,3,1.125,3.5],"rotation":90,"texture":"#0"},"east":{"uv":[1.125,3,1.5,3.5],"rotation":270,"texture":"#0"},"south":{"uv":[1,4,0.625,3.5],"rotation":270,"texture":"#0"},"west":{"uv":[1,3.5,0.625,4],"rotation":270,"texture":"#0"},"up":{"uv":[0.625,3.5,1.125,3],"rotation":270,"texture":"#0"},"down":{"uv":[1.125,3.5,0.625,3],"rotation":270,"texture":"#0"}}},{"from":[-6.18472,7.75,13.52532],"to":[-2.18472,10.25,15.52532],"rotation":{"angle":-22.5,"axis":"y","origin":[11.8,9,2.12914]},"faces":{"north":{"uv":[7.625,6,7.125,6.3125],"texture":"#0"},"east":{"uv":[7.1875,7,6.9375,7.3125],"rotation":180,"texture":"#0"},"south":{"uv":[7.625,6,7.125,6.3125],"rotation":180,"texture":"#0"},"west":{"uv":[7.1875,7,6.9375,7.3125],"rotation":180,"texture":"#0"},"up":{"uv":[7.1875,7.6875,6.6875,7.9375],"rotation":180,"texture":"#0"},"down":{"uv":[7.1875,7.6875,6.6875,7.9375],"rotation":180,"texture":"#0"}}},{"from":[9.78665,7.5,16.58412],"to":[13.78665,10.5,20.58412],"rotation":{"angle":45,"axis":"y","origin":[4.2,9,2.12914]},"faces":{"north":{"uv":[1.5,3.5,1.125,3],"rotation":90,"texture":"#0"},"east":{"uv":[1,4,0.625,3.5],"rotation":270,"texture":"#0"},"south":{"uv":[1,3.5,0.625,4],"rotation":270,"texture":"#0"},"west":{"uv":[1.125,3.5,1.5,3],"rotation":270,"texture":"#0"},"up":{"uv":[0.625,3,1.125,3.5],"rotation":270,"texture":"#0"},"down":{"uv":[1.125,3,0.625,3.5],"rotation":270,"texture":"#0"}}},{"from":[18.88058,8,3.36356],"to":[20.88058,10,8.36356],"rotation":{"angle":22.5,"axis":"y","origin":[19.88058,9,5.86356]},"faces":{"east":{"uv":[7.25,8.4375,6.625,8.1875],"texture":"#0"},"west":{"uv":[7.3125,8.1875,6.6875,7.9375],"texture":"#0"},"up":{"uv":[6.9375,7.625,6.6875,7],"texture":"#0"},"down":{"uv":[6.9375,7.625,6.6875,7],"texture":"#0"}}},{"from":[18.18472,7.75,13.52532],"to":[22.18472,10.25,15.52532],"rotation":{"angle":22.5,"axis":"y","origin":[4.2,9,2.12914]},"faces":{"north":{"uv":[7.125,6,7.625,6.3125],"texture":"#0"},"east":{"uv":[6.9375,7,7.1875,7.3125],"rotation":180,"texture":"#0"},"south":{"uv":[7.125,6,7.625,6.3125],"rotation":180,"texture":"#0"},"west":{"uv":[6.9375,7,7.1875,7.3125],"rotation":180,"texture":"#0"},"up":{"uv":[6.6875,7.6875,7.1875,7.9375],"rotation":180,"texture":"#0"},"down":{"uv":[6.6875,7.6875,7.1875,7.9375],"rotation":180,"texture":"#0"}}},{"from":[-1.67086,9,0],"to":[5.32914,9,8],"rotation":{"angle":0,"axis":"y","origin":[10.1,9,10.22914]},"faces":{"north":{"uv":[0,0,0,0.875],"rotation":270,"texture":"#missing"},"east":{"uv":[0,0,0,1],"rotation":90,"texture":"#missing"},"south":{"uv":[0,0,0,0.875],"rotation":270,"texture":"#missing"},"west":{"uv":[0,0,0,1],"rotation":270,"texture":"#missing"},"up":{"uv":[4.625,0.3125,3.75,1.3125],"texture":"#0"},"down":{"uv":[4.625,1.3125,3.75,0.3125],"texture":"#0"}}},{"from":[-3.67086,8.9,0.5],"to":[3.32914,8.9,7.5],"rotation":{"angle":22.5,"axis":"y","origin":[8.1,8.9,9.72914]},"faces":{"north":{"uv":[0,0,0,0.875],"rotation":270,"texture":"#missing"},"east":{"uv":[0,0,0,0.875],"rotation":90,"texture":"#missing"},"south":{"uv":[0,0,0,0.875],"rotation":270,"texture":"#missing"},"west":{"uv":[0,0,0,0.875],"rotation":270,"texture":"#missing"},"up":{"uv":[4.625,0.4375,3.75,1.3125],"texture":"#0"},"down":{"uv":[4.625,1.3125,3.75,0.4375],"texture":"#0"}}},{"from":[10.67086,9,0],"to":[17.67086,9,8],"rotation":{"angle":0,"axis":"y","origin":[5.9,9,10.22914]},"faces":{"north":{"uv":[0,0.875,0,0],"rotation":270,"texture":"#missing"},"east":{"uv":[0,1,0,0],"rotation":270,"texture":"#missing"},"south":{"uv":[0,0.875,0,0],"rotation":270,"texture":"#missing"},"west":{"uv":[0,1,0,0],"rotation":90,"texture":"#missing"},"up":{"uv":[3.75,0.3125,4.625,1.3125],"texture":"#0"},"down":{"uv":[3.75,1.3125,4.625,0.3125],"texture":"#0"}}},{"from":[12.67086,8.9,0.5],"to":[19.67086,8.9,7.5],"rotation":{"angle":-22.5,"axis":"y","origin":[7.9,8.9,9.72914]},"faces":{"north":{"uv":[0,0.875,0,0],"rotation":270,"texture":"#missing"},"east":{"uv":[0,0.875,0,0],"rotation":270,"texture":"#missing"},"south":{"uv":[0,0.875,0,0],"rotation":270,"texture":"#missing"},"west":{"uv":[0,0.875,0,0],"rotation":90,"texture":"#missing"},"up":{"uv":[3.75,0.4375,4.625,1.3125],"texture":"#0"},"down":{"uv":[3.75,1.3125,4.625,0.4375],"texture":"#0"}}},{"from":[2.5,3.5,-2.5],"to":[9.5,11.5,1],"rotation":{"angle":22.5,"axis":"y","origin":[6,9.8,8.5]},"faces":{"north":{"uv":[9.875,8.9375,10.875,9.8125],"rotation":90,"texture":"#0"},"east":{"uv":[9.875,8.0625,10.875,8.5],"rotation":90,"texture":"#0"},"south":{"uv":[11.3125,8.9375,12.3125,9.8125],"rotation":90,"texture":"#0"},"west":{"uv":[9.875,8.5,10.875,8.9375],"rotation":90,"texture":"#0"},"up":{"uv":[12.3125,8.9375,12.75,9.8125],"rotation":90,"texture":"#0"},"down":{"uv":[10.875,8.9375,11.3125,9.8125],"rotation":90,"texture":"#0"}}},{"from":[6.5,3.5,-2.5],"to":[13.5,11.5,1],"rotation":{"angle":-22.5,"axis":"y","origin":[10,9.8,8.5]},"faces":{"north":{"uv":[9.875,9.8125,10.875,8.9375],"rotation":90,"texture":"#0"},"east":{"uv":[9.875,8.9375,10.875,8.5],"rotation":90,"texture":"#0"},"south":{"uv":[11.3125,9.8125,12.3125,8.9375],"rotation":90,"texture":"#0"},"west":{"uv":[9.875,8.5,10.875,8.0625],"rotation":90,"texture":"#0"},"up":{"uv":[12.3125,9.8125,12.75,8.9375],"rotation":90,"texture":"#0"},"down":{"uv":[10.875,9.8125,11.3125,8.9375],"rotation":90,"texture":"#0"}}},{"from":[0.39609,5.5,-3.5],"to":[4.89609,10.5,-1],"rotation":{"angle":45,"axis":"y","origin":[6.39609,1.89609,5.5]},"faces":{"north":{"uv":[7.5,6.8125,8.125,7.375],"rotation":90,"texture":"#0"},"east":{"uv":[8.4375,7.0625,9.0625,7.375],"rotation":90,"texture":"#0"},"south":{"uv":[8.75,5.6875,9.375,5.125],"rotation":90,"texture":"#0"},"west":{"uv":[8.4375,7.0625,9.0625,7.375],"rotation":90,"texture":"#0"},"up":{"uv":[8.125,6.8125,8.4375,7.375],"rotation":90,"texture":"#0"},"down":{"uv":[8.125,6.8125,8.4375,7.375],"rotation":90,"texture":"#0"}}},{"from":[11.10391,5.5,-3.5],"to":[15.60391,10.5,-1],"rotation":{"angle":-45,"axis":"y","origin":[9.60391,1.89609,5.5]},"faces":{"north":{"uv":[7.5,7.375,8.125,6.8125],"rotation":90,"texture":"#0"},"east":{"uv":[8.4375,7.375,9.0625,7.0625],"rotation":90,"texture":"#0"},"south":{"uv":[8.75,5.125,9.375,5.6875],"rotation":90,"texture":"#0"},"west":{"uv":[8.4375,7.375,9.0625,7.0625],"rotation":90,"texture":"#0"},"up":{"uv":[8.125,7.375,8.4375,6.8125],"rotation":90,"texture":"#0"},"down":{"uv":[8.125,7.375,8.4375,6.8125],"rotation":90,"texture":"#0"}}},{"from":[7.03566,4.75355,-4.925],"to":[9.03566,6.75355,0.575],"rotation":{"angle":-45,"axis":"z","origin":[7.975,5.81421,-3.5]},"faces":{"north":{"uv":[2.25,3.625,2,3.875],"texture":"#0"},"east":{"uv":[1.3125,4.25,0.625,4.5],"texture":"#0"},"south":{"uv":[2,3.625,2.25,3.875],"texture":"#0"},"west":{"uv":[1.3125,4.25,0.625,4],"texture":"#0"},"up":{"uv":[1.3125,4,0.625,4.25],"rotation":90,"texture":"#0"},"down":{"uv":[1.3125,4.25,0.625,4.5],"rotation":270,"texture":"#0"}}},{"from":[6.03566,3.75355,-4.425],"to":[10.03566,7.75355,0.075],"rotation":{"angle":-45,"axis":"z","origin":[7.975,5.81421,-3.5]},"faces":{"north":{"uv":[1,4,1.5,3.5],"rotation":90,"texture":"#0"},"east":{"uv":[2.375,3.1875,1.875,2.625],"rotation":90,"texture":"#0"},"south":{"uv":[1,3.5,1.5,4],"rotation":90,"texture":"#0"},"west":{"uv":[2,3.5,1.5,4.0625],"rotation":90,"texture":"#0"},"up":{"uv":[1.5,4.0625,2,3.5],"rotation":180,"texture":"#0"},"down":{"uv":[2.375,2.625,1.875,3.1875],"texture":"#0"}}},{"from":[9.52525,7.26396,-4.325],"to":[6.52525,4.26396,-5.325],"rotation":{"angle":-45,"axis":"z","origin":[7.975,5.81421,-3.5]},"faces":{"north":{"uv":[16,0,15.625,0.375],"texture":"#0"},"east":{"uv":[15.875,0,15.75,0.375],"texture":"#0"},"south":{"uv":[16,0,15.625,0.375],"texture":"#0"},"west":{"uv":[15.875,0,15.75,0.375],"texture":"#0"},"up":{"uv":[15.875,0,15.75,0.375],"rotation":90,"texture":"#0"},"down":{"uv":[15.875,0,15.75,0.375],"rotation":270,"texture":"#0"}}},{"from":[3.60013,2.46066,-3.675],"to":[7.60013,6.46066,-0.675],"rotation":{"angle":-45,"axis":"z","origin":[7.075,5.81421,-3.5]},"faces":{"north":{"uv":[1.125,3.5,0.625,3],"texture":"#0"},"east":{"uv":[1.5,3,1.125,3.5],"texture":"#0"},"south":{"uv":[0.625,3.5,1.125,3],"texture":"#0"},"west":{"uv":[1,4,0.625,3.5],"texture":"#0"},"up":{"uv":[2.75,3.125,2.375,2.625],"rotation":90,"texture":"#0"},"down":{"uv":[1.125,3,1.5,3.5],"rotation":270,"texture":"#0"}}},{"from":[8.34987,2.46066,-3.675],"to":[12.34987,6.46066,-0.675],"rotation":{"angle":45,"axis":"z","origin":[8.875,5.81421,-3.5]},"faces":{"north":{"uv":[0.625,3.5,1.125,3],"texture":"#0"},"east":{"uv":[0.625,4,1,3.5],"texture":"#0"},"south":{"uv":[1.125,3.5,0.625,3],"texture":"#0"},"west":{"uv":[1.125,3,1.5,3.5],"texture":"#0"},"up":{"uv":[2.75,2.625,2.375,3.125],"rotation":90,"texture":"#0"},"down":{"uv":[1.125,3.5,1.5,3],"rotation":270,"texture":"#0"}}},{"from":[21.93934,10,8.21098],"to":[21.93934,16,14.21098],"rotation":{"angle":22.5,"axis":"y","origin":[23,13,10.77164]},"faces":{"north":{"uv":[0,0,0,0.875],"texture":"#missing"},"east":{"uv":[5.375,0,4.625,0.75],"texture":"#0"},"south":{"uv":[0,0,0,0.875],"texture":"#missing"},"west":{"uv":[4.625,0,5.375,0.75],"texture":"#0"},"up":{"uv":[0,0,0,0.375],"texture":"#missing"},"down":{"uv":[0,0,0,0.375],"texture":"#missing"}}},{"from":[20.43934,10,9.71098],"to":[26.43934,16,9.71098],"rotation":{"angle":-22.5,"axis":"y","origin":[23,13,10.77164]},"faces":{"north":{"uv":[5.375,0,4.625,0.75],"texture":"#0"},"east":{"uv":[0,0,0,0.875],"texture":"#missing"},"south":{"uv":[4.625,0,5.375,0.75],"texture":"#0"},"west":{"uv":[0,0,0,0.875],"texture":"#missing"},"up":{"uv":[0,0,0,0.375],"rotation":270,"texture":"#missing"},"down":{"uv":[0,0,0,0.375],"rotation":90,"texture":"#missing"}}},{"from":[-5.93934,10,8.21098],"to":[-5.93934,16,14.21098],"rotation":{"angle":-22.5,"axis":"y","origin":[-7,13,10.77164]},"faces":{"north":{"uv":[0,0,0,0.875],"texture":"#missing"},"east":{"uv":[5.375,0,4.625,0.75],"texture":"#0"},"south":{"uv":[0,0,0,0.875],"texture":"#missing"},"west":{"uv":[4.625,0,5.375,0.75],"texture":"#0"},"up":{"uv":[0,0,0,0.375],"texture":"#missing"},"down":{"uv":[0,0,0,0.375],"texture":"#missing"}}},{"from":[-10.43934,10,9.71098],"to":[-4.43934,16,9.71098],"rotation":{"angle":22.5,"axis":"y","origin":[-7,13,10.77164]},"faces":{"north":{"uv":[4.625,0,5.375,0.75],"texture":"#0"},"east":{"uv":[0,0,0,0.875],"texture":"#missing"},"south":{"uv":[5.375,0,4.625,0.75],"texture":"#0"},"west":{"uv":[0,0,0,0.875],"texture":"#missing"},"up":{"uv":[0,0.375,0,0],"rotation":270,"texture":"#missing"},"down":{"uv":[0,0.375,0,0],"rotation":90,"texture":"#missing"}}},{"from":[13.4,7.3,-1.5],"to":[16.4,10.3,-1.5],"rotation":{"angle":22.5,"axis":"x","origin":[14.4,9.9,-1.5]},"faces":{"north":{"uv":[3.0625,0,3.4375,0.375],"texture":"#0"},"east":{"uv":[0,0,0,0.375],"texture":"#missing"},"south":{"uv":[3.0625,0,3.4375,0.375],"texture":"#0"},"west":{"uv":[0,0,0,0.375],"texture":"#missing"},"up":{"uv":[0,0,0.375,0],"texture":"#missing"},"down":{"uv":[0,0,0.375,0],"texture":"#missing"}}},{"from":[13.4,4.49791,-2.49498],"to":[16.4,7.49791,-2.49498],"rotation":{"angle":0,"axis":"y","origin":[14.4,9.9,-1.5]},"faces":{"north":{"uv":[3.0625,0.375,3.4375,0.75],"texture":"#0"},"east":{"uv":[0,0,0,0.375],"texture":"#missing"},"south":{"uv":[3.0625,0.375,3.4375,0.75],"texture":"#0"},"west":{"uv":[0,0,0,0.375],"texture":"#missing"},"up":{"uv":[0,0,0.375,0],"texture":"#missing"},"down":{"uv":[0,0,0.375,0],"texture":"#missing"}}},{"from":[13.4,1.52836,-0.35195],"to":[16.4,4.52836,-0.35195],"rotation":{"angle":22.5,"axis":"x","origin":[14.4,9.9,-1.5]},"faces":{"north":{"uv":[3.0625,0.75,3.4375,1.125],"texture":"#0"},"east":{"uv":[0,0,0,0.375],"texture":"#missing"},"south":{"uv":[3.0625,0.75,3.4375,1.125],"texture":"#0"},"west":{"uv":[0,0,0,0.375],"texture":"#missing"},"up":{"uv":[0,0,0.375,0],"texture":"#missing"},"down":{"uv":[0,0,0.375,0],"texture":"#missing"}}},{"from":[13.4,-0.39505,2.76435],"to":[16.4,2.60495,2.76435],"rotation":{"angle":45,"axis":"x","origin":[14.4,9.9,-1.5]},"faces":{"north":{"uv":[3.0625,1.125,3.4375,1.5],"texture":"#0"},"east":{"uv":[0,0,0,1.5],"texture":"#missing"},"south":{"uv":[3.0625,1.125,3.4375,1.5],"texture":"#0"},"west":{"uv":[0,0,0,1.5],"texture":"#missing"},"up":{"uv":[0,0,0.375,0],"texture":"#missing"},"down":{"uv":[0,0,0.375,0],"texture":"#missing"}}},{"from":[-0.4,7.3,-1.5],"to":[2.6,10.3,-1.5],"rotation":{"angle":22.5,"axis":"x","origin":[1.6,9.9,-1.5]},"faces":{"north":{"uv":[3.4375,0,3.0625,0.375],"texture":"#0"},"east":{"uv":[0,0,0,0.375],"texture":"#missing"},"south":{"uv":[3.4375,0,3.0625,0.375],"texture":"#0"},"west":{"uv":[0,0,0,0.375],"texture":"#missing"},"up":{"uv":[0.375,0,0,0],"texture":"#missing"},"down":{"uv":[0.375,0,0,0],"texture":"#missing"}}},{"from":[-0.4,4.49791,-2.49498],"to":[2.6,7.49791,-2.49498],"rotation":{"angle":0,"axis":"y","origin":[1.6,9.9,-1.5]},"faces":{"north":{"uv":[3.4375,0.375,3.0625,0.75],"texture":"#0"},"east":{"uv":[0,0,0,0.375],"texture":"#missing"},"south":{"uv":[3.4375,0.375,3.0625,0.75],"texture":"#0"},"west":{"uv":[0,0,0,0.375],"texture":"#missing"},"up":{"uv":[0.375,0,0,0],"texture":"#missing"},"down":{"uv":[0.375,0,0,0],"texture":"#missing"}}},{"from":[-0.4,1.52836,-0.35195],"to":[2.6,4.52836,-0.35195],"rotation":{"angle":22.5,"axis":"x","origin":[1.6,9.9,-1.5]},"faces":{"north":{"uv":[3.4375,0.75,3.0625,1.125],"texture":"#0"},"east":{"uv":[0,0,0,0.375],"texture":"#missing"},"south":{"uv":[3.4375,0.75,3.0625,1.125],"texture":"#0"},"west":{"uv":[0,0,0,0.375],"texture":"#missing"},"up":{"uv":[0.375,0,0,0],"texture":"#missing"},"down":{"uv":[0.375,0,0,0],"texture":"#missing"}}},{"from":[-0.4,-0.39505,2.76435],"to":[2.6,2.60495,2.76435],"rotation":{"angle":45,"axis":"x","origin":[1.6,9.9,-1.5]},"faces":{"north":{"uv":[3.4375,1.125,3.0625,1.5],"texture":"#0"},"east":{"uv":[0,0,0,1.5],"texture":"#missing"},"south":{"uv":[3.4375,1.125,3.0625,1.5],"texture":"#0"},"west":{"uv":[0,0,0,1.5],"texture":"#missing"},"up":{"uv":[0.375,0,0,0],"texture":"#missing"},"down":{"uv":[0.375,0,0,0],"texture":"#missing"}}},{"from":[3.7,4.9,-6.5],"to":[3.7,15.9,2.5],"rotation":{"angle":-45,"axis":"y","origin":[3.7,5.9,-5.5]},"faces":{"north":{"uv":[0,0,0,1],"texture":"#missing"},"east":{"uv":[4.625,0,3.5,1.375],"texture":"#0"},"south":{"uv":[0,0,0,1],"texture":"#missing"},"west":{"uv":[3.5,0,4.625,1.375],"texture":"#0"},"up":{"uv":[0,0.875,0,0],"rotation":180,"texture":"#missing"},"down":{"uv":[0,0.875,0,0],"rotation":180,"texture":"#missing"}}},{"from":[12.5,4.9,-6.5],"to":[12.5,15.9,2.5],"rotation":{"angle":45,"axis":"y","origin":[12.5,5.9,-5.5]},"faces":{"north":{"uv":[0,0,0,1],"texture":"#missing"},"east":{"uv":[4.625,0,3.5,1.375],"texture":"#0"},"south":{"uv":[0,0,0,1],"texture":"#missing"},"west":{"uv":[3.5,0,4.625,1.375],"texture":"#0"},"up":{"uv":[0,0.875,0,0],"rotation":180,"texture":"#missing"},"down":{"uv":[0,0.875,0,0],"rotation":180,"texture":"#missing"}}},{"from":[8,15,0],"to":[8,15,2],"rotation":{"angle":0,"axis":"y","origin":[8,15,1]},"color":9,"faces":{"north":{"uv":[0,0,0,0],"texture":"#missing"},"east":{"uv":[0,0,0.25,0],"texture":"#missing"},"south":{"uv":[0,0,0,0],"texture":"#missing"},"west":{"uv":[0,0,0.25,0],"texture":"#missing"},"up":{"uv":[0,0,0,0.25],"texture":"#missing"},"down":{"uv":[0,0,0,0.25],"texture":"#missing"}}},{"from":[4,12,-2.7],"to":[8,13,0.3],"rotation":{"angle":22.5,"axis":"z","origin":[8,13,-0.7]},"faces":{"north":{"uv":[9.75,7.6875,9.875,7.1875],"rotation":90,"texture":"#0"},"east":{"uv":[9.5,7.375,9.625,7.75],"rotation":90,"texture":"#0"},"south":{"uv":[9.75,7.1875,9.875,7.6875],"rotation":90,"texture":"#0"},"west":{"uv":[9.5,7.375,9.625,7.75],"rotation":90,"texture":"#0"},"up":{"uv":[9.6875,6.6875,10.0625,7.1875],"rotation":90,"texture":"#0"},"down":{"uv":[10.0625,6.6875,10.4375,7.1875],"rotation":90,"texture":"#0"}}},{"from":[8,12,-2.65],"to":[12,13,0.25],"rotation":{"angle":-22.5,"axis":"z","origin":[8,13,-0.7]},"faces":{"north":{"uv":[9.75,7.1875,9.875,7.6875],"rotation":90,"texture":"#0"},"east":{"uv":[9.5,7.75,9.625,7.375],"rotation":90,"texture":"#0"},"south":{"uv":[9.75,7.6875,9.875,7.1875],"rotation":90,"texture":"#0"},"west":{"uv":[9.5,7.75,9.625,7.375],"rotation":90,"texture":"#0"},"up":{"uv":[9.6875,7.1875,10.0625,6.6875],"rotation":90,"texture":"#0"},"down":{"uv":[10.0625,7.1875,10.4375,6.6875],"rotation":90,"texture":"#0"}}},{"from":[11.5,15,-2],"to":[24.5,25,-2],"rotation":{"angle":22.5,"axis":"y","origin":[18,20,-2]},"faces":{"north":{"uv":[13,0,0,10],"texture":"#1"},"east":{"uv":[0,0,0,0.00002],"texture":"#missing"},"south":{"uv":[13,0,0,10],"texture":"#1"},"west":{"uv":[0,0,0,0.00002],"texture":"#missing"},"up":{"uv":[0,0,0,0.00004],"rotation":90,"texture":"#missing"},"down":{"uv":[0,0.00004,0,0],"rotation":270,"texture":"#missing"}}},{"from":[-9.5,11,0],"to":[3.5,21,0],"rotation":{"angle":-22.5,"axis":"y","origin":[-3,16,0]},"faces":{"north":{"uv":[0,0,13,10],"texture":"#1"},"east":{"uv":[0,0,0,0.00002],"texture":"#missing"},"south":{"uv":[0,0,13,10],"texture":"#1"},"west":{"uv":[0,0,0,0.00002],"texture":"#missing"},"up":{"uv":[0,0.00004,0,0],"rotation":90,"texture":"#missing"},"down":{"uv":[0,0,0,0.00004],"rotation":270,"texture":"#missing"}}}],"gui_light":"front","display":{"thirdperson_righthand":{"translation":[0,2,-2],"scale":[0.55,0.55,0.55]},"thirdperson_lefthand":{"translation":[0,2,-2],"scale":[0.55,0.55,0.55]},"firstperson_righthand":{"rotation":[0,-15,12],"translation":[2.5,1.75,-1.25],"scale":[0.56289,0.56289,0.56289]},"firstperson_lefthand":{"rotation":[0,-15,12],"translation":[2.5,1.75,-1.25],"scale":[0.56289,0.56289,0.56289]},"ground":{"translation":[-0.25,6,0],"scale":[0.45,0.45,0.45]},"gui":{"rotation":[48,128,0],"translation":[1.5,-0.25,-1.5],"scale":[0.5,0.5,0.5]},"head":{"scale":[0,0,0]},"fixed":{"rotation":[-90,0,0],"translation":[0.75,1,-11],"scale":[1.3,1.3,1.3]}}}