{"credit":"Made with Blockbench","texture_size":[128,128],"textures":{"0":"elitecreatures:valkyrie_animated_v2/valkyrie_texture","1":"elitecreatures:valkyrie_animated_v2/valkyrie_animation","particle":"elitecreatures:valkyrie_animated_v2/valkyrie_texture"},"elements":[{"from":[7,-14,7],"to":[9,-5,9],"rotation":{"angle":45,"axis":"y","origin":[8,-10,8]},"faces":{"north":{"uv":[2.4375,0,2.1875,1.125],"texture":"#0"},"east":{"uv":[2.1875,0,2.4375,1.125],"texture":"#0"},"south":{"uv":[2.4375,0,2.1875,1.125],"texture":"#0"},"west":{"uv":[2.1875,0,2.4375,1.125],"texture":"#0"},"up":{"uv":[2.1875,0,2.4375,0.25],"texture":"#0"},"down":{"uv":[2.1875,0,2.4375,0.25],"texture":"#0"}}},{"from":[5.75,-5,8],"to":[10.25,-1,12],"rotation":{"angle":-45,"axis":"x","origin":[8.7,-5,8]},"faces":{"north":{"uv":[2.375,2.625,1.875,3.1875],"rotation":90,"texture":"#0"},"east":{"uv":[1,3.5,1.5,4],"rotation":90,"texture":"#0"},"south":{"uv":[2,3.5,1.5,4.0625],"rotation":90,"texture":"#0"},"west":{"uv":[1,4,1.5,3.5],"rotation":90,"texture":"#0"},"up":{"uv":[1.5,4.0625,2,3.5],"rotation":90,"texture":"#0"},"down":{"uv":[2.375,2.625,1.875,3.1875],"rotation":90,"texture":"#0"}}},{"from":[5.25,-3.79289,8.5],"to":[10.75,-1.79289,10.5],"rotation":{"angle":-45,"axis":"x","origin":[8.7,-4.29289,8]},"faces":{"north":{"uv":[1.3125,4.25,0.625,4.5],"texture":"#0"},"east":{"uv":[2,3.625,2.25,3.875],"texture":"#0"},"south":{"uv":[1.3125,4.25,0.625,4],"texture":"#0"},"west":{"uv":[2.25,3.625,2,3.875],"texture":"#0"},"up":{"uv":[1.3125,4,0.625,4.25],"texture":"#0"},"down":{"uv":[1.3125,4.25,0.625,4.5],"texture":"#0"}}},{"from":[8,0.5,3.2],"to":[8,18.5,6.2],"rotation":{"angle":0,"axis":"y","origin":[7,5.5,3.2]},"faces":{"north":{"uv":[0,0,0,2.5],"texture":"#missing"},"east":{"uv":[5.875,0,5.5,2.25],"texture":"#0"},"south":{"uv":[0,0,0,2.5],"texture":"#missing"},"west":{"uv":[5.5,0,5.875,2.25],"texture":"#0"},"up":{"uv":[0,0,0,0.75],"texture":"#missing"},"down":{"uv":[0,0,0,0.75],"texture":"#missing"}}},{"from":[5.85,1.20711,5],"to":[4.85,-1.79289,2],"rotation":{"angle":-45,"axis":"x","origin":[18.3,4.20711,8]},"faces":{"north":{"uv":[15.875,0,15.75,0.375],"texture":"#0"},"east":{"uv":[16,0,15.625,0.375],"texture":"#0"},"south":{"uv":[15.875,0,15.75,0.375],"texture":"#0"},"west":{"uv":[16,0,15.625,0.375],"texture":"#0"},"up":{"uv":[15.875,0,15.75,0.375],"texture":"#0"},"down":{"uv":[15.875,0,15.75,0.375],"texture":"#0"}}},{"from":[11.15,1.20711,5],"to":[10.15,-1.79289,2],"rotation":{"angle":-45,"axis":"x","origin":[-2.3,4.20711,8]},"faces":{"north":{"uv":[15.75,0,15.875,0.375],"texture":"#0"},"east":{"uv":[15.625,0,16,0.375],"texture":"#0"},"south":{"uv":[15.75,0,15.875,0.375],"texture":"#0"},"west":{"uv":[15.625,0,16,0.375],"texture":"#0"},"up":{"uv":[15.75,0,15.875,0.375],"texture":"#0"},"down":{"uv":[15.75,0,15.875,0.375],"texture":"#0"}}},{"from":[7,-13.08922,-8.30421],"to":[9,-9.58922,-4.80421],"rotation":{"angle":-45,"axis":"x","origin":[7.7,3.21499,8]},"faces":{"north":{"uv":[2.4375,1.125,2.1875,1.5625],"texture":"#0"},"east":{"uv":[2,2.1875,2.4375,2.625],"texture":"#0"},"south":{"uv":[2.25,3.1875,2,3.625],"texture":"#0"},"west":{"uv":[2.4375,2.1875,2,2.625],"texture":"#0"},"up":{"uv":[2.25,3.1875,2,3.625],"texture":"#0"},"down":{"uv":[2.4375,1.125,2.1875,1.5625],"texture":"#0"}}},{"from":[9.5,-8.58922,-10.80421],"to":[6.5,-12.08922,-14.30421],"rotation":{"angle":-45,"axis":"x","origin":[10.2,10.21499,8]},"faces":{"north":{"uv":[15.9375,0,15.5625,0.4375],"texture":"#0"},"east":{"uv":[16,0,15.5625,0.4375],"texture":"#0"},"south":{"uv":[15.9375,0,15.5625,0.4375],"texture":"#0"},"west":{"uv":[16,0,15.5625,0.4375],"texture":"#0"},"up":{"uv":[15.9375,0,15.5625,0.4375],"texture":"#0"},"down":{"uv":[15.9375,0,15.5625,0.4375],"texture":"#0"}}},{"from":[6.5,-16,6.5],"to":[9.5,-14,9.5],"rotation":{"angle":45,"axis":"y","origin":[8,-15,8]},"faces":{"north":{"uv":[1.9375,1.5625,2.3125,1.8125],"texture":"#0"},"east":{"uv":[2.3125,1.5625,1.9375,1.8125],"texture":"#0"},"south":{"uv":[1.9375,1.5625,2.3125,1.8125],"texture":"#0"},"west":{"uv":[2.3125,1.5625,1.9375,1.8125],"texture":"#0"},"up":{"uv":[1.9375,1.8125,2.3125,2.1875],"texture":"#0"},"down":{"uv":[1.5,4.0625,1.875,4.4375],"texture":"#0"}}},{"from":[6.75,-5.5,6.75],"to":[9.25,-3.5,9.25],"rotation":{"angle":45,"axis":"y","origin":[8,-8.5,8]},"faces":{"north":{"uv":[1.6875,2.4375,1.375,2.1875],"texture":"#0"},"east":{"uv":[1.375,2.4375,1.6875,2.1875],"texture":"#0"},"south":{"uv":[1.6875,2.4375,1.375,2.1875],"texture":"#0"},"west":{"uv":[1.375,2.4375,1.6875,2.1875],"texture":"#0"},"up":{"uv":[2,2.5,1.6875,2.1875],"texture":"#0"},"down":{"uv":[2,2.5,1.6875,2.1875],"texture":"#0"}}},{"from":[6.5,-13.97164,5.14805],"to":[9.5,-10.97164,5.14805],"rotation":{"angle":22.5,"axis":"x","origin":[7.5,-5.6,4]},"faces":{"north":{"uv":[3.0625,0.75,3.4375,1.125],"texture":"#0"},"east":{"uv":[0,0,0,0.375],"texture":"#missing"},"south":{"uv":[3.0625,0.75,3.4375,1.125],"texture":"#0"},"west":{"uv":[0,0,0,0.375],"texture":"#missing"},"up":{"uv":[0,0,0.375,0],"texture":"#missing"},"down":{"uv":[0,0,0.375,0],"texture":"#missing"}}},{"from":[6.5,-15.89505,8.26435],"to":[9.5,-12.89505,8.26435],"rotation":{"angle":45,"axis":"x","origin":[7.5,-5.6,4]},"faces":{"north":{"uv":[3.0625,1.125,3.4375,1.5],"texture":"#0"},"east":{"uv":[0,0,0,1.5],"texture":"#missing"},"south":{"uv":[3.0625,1.125,3.4375,1.5],"texture":"#0"},"west":{"uv":[0,0,0,1.5],"texture":"#missing"},"up":{"uv":[0,0,0.375,0],"texture":"#missing"},"down":{"uv":[0,0,0.375,0],"texture":"#missing"}}},{"from":[6.5,-11.00209,3.00502],"to":[9.5,-8.00209,3.00502],"rotation":{"angle":0,"axis":"y","origin":[7.5,-5.6,4]},"faces":{"north":{"uv":[3.0625,0.375,3.4375,0.75],"texture":"#0"},"east":{"uv":[0,0,0,0.375],"texture":"#missing"},"south":{"uv":[3.0625,0.375,3.4375,0.75],"texture":"#0"},"west":{"uv":[0,0,0,0.375],"texture":"#missing"},"up":{"uv":[0,0,0.375,0],"texture":"#missing"},"down":{"uv":[0,0,0.375,0],"texture":"#missing"}}},{"from":[6.5,-8.2,4],"to":[9.5,-5.2,4],"rotation":{"angle":22.5,"axis":"x","origin":[7.5,-5.6,4]},"faces":{"north":{"uv":[3.0625,0,3.4375,0.375],"texture":"#0"},"east":{"uv":[0,0,0,0.375],"texture":"#missing"},"south":{"uv":[3.0625,0,3.4375,0.375],"texture":"#0"},"west":{"uv":[0,0,0,0.375],"texture":"#missing"},"up":{"uv":[0,0,0.375,0],"texture":"#missing"},"down":{"uv":[0,0,0.375,0],"texture":"#missing"}}},{"from":[8,0,-1.5],"to":[8,6,4.5],"rotation":{"angle":-22.5,"axis":"y","origin":[8,3,4.5]},"faces":{"north":{"uv":[0,0,0,0.875],"texture":"#missing"},"east":{"uv":[4.625,0,5.375,0.75],"texture":"#0"},"south":{"uv":[0,0,0,0.875],"texture":"#missing"},"west":{"uv":[5.375,0,4.625,0.75],"texture":"#0"},"up":{"uv":[0,0.375,0,0],"texture":"#missing"},"down":{"uv":[0,0.375,0,0],"texture":"#missing"}}},{"from":[8,0,-1.5],"to":[8,6,4.5],"rotation":{"angle":22.5,"axis":"y","origin":[8,3,4.5]},"faces":{"north":{"uv":[0,0,0,0.875],"texture":"#missing"},"east":{"uv":[4.625,0,5.375,0.75],"texture":"#0"},"south":{"uv":[0,0,0,0.875],"texture":"#missing"},"west":{"uv":[5.375,0,4.625,0.75],"texture":"#0"},"up":{"uv":[0,0.375,0,0],"texture":"#missing"},"down":{"uv":[0,0.375,0,0],"texture":"#missing"}}},{"from":[10,-6.2,9],"to":[10,4.8,18],"rotation":{"angle":22.5,"axis":"y","origin":[10,-5.2,10]},"faces":{"north":{"uv":[0,0,0,1],"texture":"#missing"},"east":{"uv":[4.625,0,3.5,1.375],"texture":"#0"},"south":{"uv":[0,0,0,1],"texture":"#missing"},"west":{"uv":[3.5,0,4.625,1.375],"texture":"#0"},"up":{"uv":[0,0,0,0.875],"texture":"#missing"},"down":{"uv":[0,0,0,0.875],"texture":"#missing"}}},{"from":[6,-6.2,9],"to":[6,4.8,18],"rotation":{"angle":-22.5,"axis":"y","origin":[6,-5.2,10]},"faces":{"north":{"uv":[0,0,0,1],"texture":"#missing"},"east":{"uv":[4.625,0,3.5,1.375],"texture":"#0"},"south":{"uv":[0,0,0,1],"texture":"#missing"},"west":{"uv":[3.5,0,4.625,1.375],"texture":"#0"},"up":{"uv":[0,0,0,0.875],"texture":"#missing"},"down":{"uv":[0,0,0,0.875],"texture":"#missing"}}},{"from":[8,-15.81371,3.81371],"to":[8,-9.81371,9.81371],"rotation":{"angle":-22.5,"axis":"x","origin":[6,1.5,19.5]},"faces":{"north":{"uv":[0,0,0,0.375],"rotation":180,"texture":"#missing"},"east":{"uv":[5.375,0,4.625,0.75],"rotation":270,"texture":"#0"},"south":{"uv":[0,0,0,0.375],"texture":"#missing"},"west":{"uv":[4.625,0,5.375,0.75],"rotation":90,"texture":"#0"},"up":{"uv":[0,0,0,0.875],"rotation":180,"texture":"#missing"},"down":{"uv":[0,0,0,0.875],"texture":"#missing"}}},{"from":[6.75,17,6.75],"to":[9.25,20.5,9.25],"rotation":{"angle":45,"axis":"y","origin":[8,18.75,8]},"faces":{"north":{"uv":[4.4375,7.125,4.75,6.6875],"texture":"#0"},"east":{"uv":[4.75,7.125,4.4375,6.6875],"texture":"#0"},"south":{"uv":[4.4375,7.125,4.75,6.6875],"texture":"#0"},"west":{"uv":[4.75,7.125,4.4375,6.6875],"texture":"#0"},"up":{"uv":[4.4375,7.4375,4.75,7.125],"texture":"#0"},"down":{"uv":[4.4375,7.4375,4.75,7.125],"texture":"#0"}}},{"from":[6.5,-0.5,6.5],"to":[9.5,3.5,9.5],"rotation":{"angle":45,"axis":"y","origin":[8,1.5,8]},"faces":{"north":{"uv":[5.4375,5.4375,5.8125,4.9375],"texture":"#0"},"east":{"uv":[5.8125,5.4375,5.4375,4.9375],"texture":"#0"},"south":{"uv":[5.4375,5.4375,5.8125,4.9375],"texture":"#0"},"west":{"uv":[5.8125,5.4375,5.4375,4.9375],"texture":"#0"},"up":{"uv":[4.1875,8.25,3.8125,7.875],"texture":"#0"},"down":{"uv":[4.1875,8.25,3.8125,7.875],"texture":"#0"}}},{"from":[7,-1,7],"to":[9,17,9],"rotation":{"angle":45,"axis":"y","origin":[8,3.5,8]},"faces":{"north":{"uv":[5.625,2.625,5.875,4.875],"texture":"#0"},"east":{"uv":[5.875,2.625,5.625,4.875],"texture":"#0"},"south":{"uv":[5.625,2.625,5.875,4.875],"texture":"#0"},"west":{"uv":[5.875,2.625,5.625,4.875],"texture":"#0"},"up":{"uv":[5.625,2.625,5.875,2.875],"texture":"#0"},"down":{"uv":[5.625,2.625,5.875,2.875],"texture":"#0"}}},{"from":[7,6.5,4.6],"to":[9,8,7.6],"rotation":{"angle":0,"axis":"y","origin":[7,6.5,4.6]},"faces":{"north":{"uv":[5.5625,6,5.8125,6.1875],"texture":"#0"},"east":{"uv":[5.4375,5.4375,5.8125,5.625],"texture":"#0"},"south":{"uv":[5.5625,6,5.8125,6.1875],"texture":"#0"},"west":{"uv":[5.4375,5.4375,5.8125,5.625],"texture":"#0"},"up":{"uv":[5.5625,5.625,5.8125,6],"texture":"#0"},"down":{"uv":[5.5625,5.625,5.8125,6],"texture":"#0"}}},{"from":[7,12.5,4.6],"to":[9,14,7.6],"rotation":{"angle":0,"axis":"y","origin":[7,12.5,4.6]},"faces":{"north":{"uv":[5.5625,6,5.8125,6.1875],"texture":"#0"},"east":{"uv":[5.4375,5.4375,5.8125,5.625],"texture":"#0"},"south":{"uv":[5.5625,6,5.8125,6.1875],"texture":"#0"},"west":{"uv":[5.4375,5.4375,5.8125,5.625],"texture":"#0"},"up":{"uv":[5.5625,5.625,5.8125,6],"texture":"#0"},"down":{"uv":[5.5625,5.625,5.8125,6],"texture":"#0"}}},{"from":[6.75,-3.5,4.5],"to":[9.25,-0.5,11.5],"rotation":{"angle":0,"axis":"y","origin":[8.3,-10.11142,8.0625]},"faces":{"north":{"uv":[2.6875,4.875,3,4.5],"texture":"#0"},"east":{"uv":[0.8125,3,1.6875,2.625],"texture":"#0"},"south":{"uv":[2.6875,4.875,3,4.5],"texture":"#0"},"west":{"uv":[0.8125,3,1.6875,2.625],"texture":"#0"},"up":{"uv":[0,4,0.3125,3.125],"texture":"#0"},"down":{"uv":[0.3125,4,0.625,3.125],"texture":"#0"}}},{"from":[8,19.9,-2.8],"to":[8,24.9,2.7],"rotation":{"angle":-22.5,"axis":"x","origin":[7.05313,5.34936,14.7]},"faces":{"north":{"uv":[10.0625,6.375,10.6875,6.375],"rotation":90,"texture":"#missing"},"east":{"uv":[3.625,1.9375,2.9375,2.5625],"texture":"#0"},"south":{"uv":[10.0625,6.375,10.6875,6.375],"rotation":90,"texture":"#missing"},"west":{"uv":[2.9375,1.9375,3.625,2.5625],"texture":"#0"},"up":{"uv":[2.5,6.375,3.1875,6.375],"rotation":270,"texture":"#missing"},"down":{"uv":[2.5,6.375,3.1875,6.375],"rotation":270,"texture":"#missing"}}},{"from":[7.25,17.11449,-4.10014],"to":[8.75,19.61449,-1.60014],"rotation":{"angle":22.5,"axis":"x","origin":[8,15.36449,-5.85014]},"faces":{"north":{"uv":[5.5,6.5,5.8125,6.6875],"rotation":90,"texture":"#0"},"east":{"uv":[5.375,6.9375,5.0625,7.25],"texture":"#0"},"south":{"uv":[5.5,6.3125,5.8125,6.5],"rotation":90,"texture":"#0"},"west":{"uv":[5.0625,6.9375,5.375,7.25],"texture":"#0"},"up":{"uv":[5.5,6.3125,5.8125,6.5],"rotation":90,"texture":"#0"},"down":{"uv":[5.5,6.5,5.8125,6.6875],"rotation":90,"texture":"#0"}}},{"from":[7,15.7,-0.8],"to":[9,18.2,1.7],"rotation":{"angle":-22.5,"axis":"x","origin":[8,16.8,-2.3]},"faces":{"north":{"uv":[5.0625,6.6875,5.375,6.9375],"rotation":90,"texture":"#0"},"east":{"uv":[4.75,7,5.0625,6.6875],"rotation":90,"texture":"#0"},"south":{"uv":[5.0625,6.6875,5.375,6.9375],"rotation":90,"texture":"#0"},"west":{"uv":[4.75,6.6875,5.0625,7],"rotation":90,"texture":"#0"},"up":{"uv":[4.75,7.25,5.0625,7.5],"rotation":90,"texture":"#0"},"down":{"uv":[4.75,7,5.0625,7.25],"rotation":90,"texture":"#0"}}},{"from":[8,19.24888,7.14411],"to":[8,20.24888,13.64411],"rotation":{"angle":-22.5,"axis":"x","origin":[7.05313,3.14936,7.7]},"faces":{"north":{"uv":[7.5625,0,7.6875,0],"rotation":90,"texture":"#0"},"east":{"uv":[2.75,2.5625,2.875,1.75],"rotation":90,"texture":"#0"},"south":{"uv":[7.5625,0,7.6875,0],"rotation":90,"texture":"#0"},"west":{"uv":[2.75,1.75,2.875,2.5625],"rotation":90,"texture":"#0"},"up":{"uv":[0,0,0.8125,0],"rotation":270,"texture":"#0"},"down":{"uv":[0,0,0.8125,0],"rotation":270,"texture":"#0"}}},{"from":[9.5,19.58922,-10.80421],"to":[6.5,16.08922,-14.30421],"rotation":{"angle":45,"axis":"x","origin":[10.2,-2.71499,8]},"faces":{"north":{"uv":[15.9375,0.4375,15.5625,0],"texture":"#0"},"east":{"uv":[16,0.4375,15.5625,0],"texture":"#0"},"south":{"uv":[15.9375,0.4375,15.5625,0],"texture":"#0"},"west":{"uv":[16,0.4375,15.5625,0],"texture":"#0"},"up":{"uv":[15.9375,0.4375,15.5625,0],"texture":"#0"},"down":{"uv":[15.9375,0.4375,15.5625,0],"texture":"#0"}}},{"from":[7,17.08922,-8.30421],"to":[9,20.58922,-4.80421],"rotation":{"angle":45,"axis":"x","origin":[7.7,4.28501,8]},"faces":{"north":{"uv":[2.4375,1.5625,2.1875,1.125],"texture":"#0"},"east":{"uv":[2,2.625,2.4375,2.1875],"texture":"#0"},"south":{"uv":[2.25,3.625,2,3.1875],"texture":"#0"},"west":{"uv":[2.4375,2.625,2,2.1875],"texture":"#0"},"up":{"uv":[2.4375,1.5625,2.1875,1.125],"texture":"#0"},"down":{"uv":[2.25,3.625,2,3.1875],"texture":"#0"}}},{"from":[6.5,21.5,6.5],"to":[9.5,23.5,9.5],"rotation":{"angle":45,"axis":"y","origin":[8,22.5,8]},"faces":{"north":{"uv":[1.9375,1.8125,2.3125,1.5625],"texture":"#0"},"east":{"uv":[2.3125,1.8125,1.9375,1.5625],"texture":"#0"},"south":{"uv":[1.9375,1.8125,2.3125,1.5625],"texture":"#0"},"west":{"uv":[2.3125,1.8125,1.9375,1.5625],"texture":"#0"},"up":{"uv":[1.5,4.4375,1.875,4.0625],"texture":"#0"},"down":{"uv":[1.9375,2.1875,2.3125,1.8125],"texture":"#0"}}},{"from":[7,19.5,7],"to":[9,21.5,9],"rotation":{"angle":45,"axis":"y","origin":[8,23.5,8]},"faces":{"north":{"uv":[3.625,2.75,3.375,3],"texture":"#0"},"east":{"uv":[3.375,2.75,3.625,3],"texture":"#0"},"south":{"uv":[3.625,2.75,3.375,3],"texture":"#0"},"west":{"uv":[3.375,2.75,3.625,3],"texture":"#0"},"up":{"uv":[3.625,2.75,3.375,3],"texture":"#0"},"down":{"uv":[2.1875,0,2.4375,0.25],"texture":"#0"}}},{"from":[6.5,-5,1],"to":[9.5,1,7],"rotation":{"angle":45,"axis":"x","origin":[7.8,-2,4]},"faces":{"north":{"uv":[5.1875,8.25,5.5625,7.5],"texture":"#0"},"east":{"uv":[5.1875,8.25,4.4375,7.5],"texture":"#0"},"south":{"uv":[5.375,7.5,5.75,6.75],"texture":"#0"},"west":{"uv":[4.4375,8.25,5.1875,7.5],"texture":"#0"},"up":{"uv":[5.5625,8.25,5.9375,7.5],"texture":"#0"},"down":{"uv":[5.375,6.75,5.75,7.5],"texture":"#0"}}},{"from":[6,-1,1.5],"to":[6,9,14.5],"rotation":{"angle":0,"axis":"y","origin":[5,0,-11]},"faces":{"north":{"uv":[0,0,0,0.07813],"texture":"#missing"},"east":{"uv":[0,0,13,10],"texture":"#1"},"south":{"uv":[0,0,0,0.07813],"texture":"#missing"},"west":{"uv":[0,0,13,10],"texture":"#1"},"up":{"uv":[0,0.15625,0,0],"texture":"#missing"},"down":{"uv":[0,0,0,0.15625],"texture":"#missing"}}},{"from":[10,-1,1.5],"to":[10,9,14.5],"rotation":{"angle":0,"axis":"y","origin":[11,0,-11]},"faces":{"north":{"uv":[0,0,0,0.07813],"texture":"#missing"},"east":{"uv":[13,0,0,10],"texture":"#1"},"south":{"uv":[0,0,0,0.07813],"texture":"#missing"},"west":{"uv":[13,0,0,10],"texture":"#1"},"up":{"uv":[0,0.15625,0,0],"texture":"#missing"},"down":{"uv":[0,0,0,0.15625],"texture":"#missing"}}}],"gui_light":"front","display":{"thirdperson_righthand":{"translation":[0,7.5,1.5],"scale":[0.55,0.55,0.55]},"thirdperson_lefthand":{"translation":[0,7.5,1.5],"scale":[0.55,0.55,0.55]},"firstperson_righthand":{"rotation":[-10,7,2],"translation":[5,8,-4.25],"scale":[0.55,0.55,0.55]},"firstperson_lefthand":{"rotation":[-10,7,2],"translation":[5,8,-4.25],"scale":[0.55,0.55,0.55]},"ground":{"rotation":[0,0,90],"translation":[-1.75,3,0],"scale":[0.45,0.45,0.45]},"gui":{"rotation":[-90,45,90],"translation":[-1.25,1.25,-1.5],"scale":[0.41602,0.41602,0.41602]},"head":{"scale":[0,0,0]},"fixed":{"rotation":[-90,-90,-90],"translation":[0,12,-2.5],"scale":[1.2,1.2,1.2]}}}