{"credit":"Made with Blockbench","textures":{"0":"elitecreatures:valkyrie_animated_v2/valkyrie_texture","1":"elitecreatures:valkyrie_animated_v2/valkyrie_animation","particle":"elitecreatures:valkyrie_animated_v2/valkyrie_texture"},"elements":[{"from":[7,-14,7],"to":[9,-5,9],"rotation":{"angle":45,"axis":"y","origin":[8,-10,8]},"faces":{"north":{"uv":[2.4375,0,2.1875,1.125],"texture":"#0"},"east":{"uv":[2.1875,0,2.4375,1.125],"texture":"#0"},"south":{"uv":[2.4375,0,2.1875,1.125],"texture":"#0"},"west":{"uv":[2.1875,0,2.4375,1.125],"texture":"#0"},"up":{"uv":[2.1875,0,2.4375,0.25],"texture":"#0"},"down":{"uv":[2.1875,0,2.4375,0.25],"texture":"#0"}}},{"from":[7.5,6,4.5],"to":[8.5,27,11.5],"rotation":{"angle":0,"axis":"y","origin":[-0.5,-3,3.5]},"faces":{"north":{"uv":[1.125,0,1,2.625],"texture":"#0"},"east":{"uv":[0.875,0,0,2.625],"texture":"#0"},"south":{"uv":[1,0,0.875,2.625],"texture":"#0"},"west":{"uv":[0,0,0.875,2.625],"texture":"#0"},"up":{"uv":[1.25,0,1.125,0.875],"texture":"#0"},"down":{"uv":[1.25,0,1.125,0.875],"texture":"#0"}}},{"from":[7.25,2,5.5],"to":[8.75,6,10.5],"rotation":{"angle":0,"axis":"y","origin":[-0.2,-6,3.5]},"faces":{"north":{"uv":[2.625,1.5625,2.4375,2.0625],"texture":"#0"},"east":{"uv":[1.375,0.6875,2,1.1875],"texture":"#0"},"south":{"uv":[2.1875,0.6875,2,1.1875],"texture":"#0"},"west":{"uv":[2,0.6875,1.375,1.1875],"texture":"#0"},"up":{"uv":[1.5625,1.1875,1.375,1.8125],"texture":"#0"},"down":{"uv":[1.75,1.1875,1.5625,1.8125],"texture":"#0"}}},{"from":[7.3,3,10],"to":[8.7,6,14.5],"rotation":{"angle":-45,"axis":"x","origin":[7.8,3,11.5]},"faces":{"north":{"uv":[1.9375,1.1875,2.125,1.5625],"texture":"#0"},"east":{"uv":[1.9375,1.8125,1.375,2.1875],"texture":"#0"},"south":{"uv":[1.9375,1.1875,2.125,1.5625],"texture":"#0"},"west":{"uv":[1.375,1.8125,1.9375,2.1875],"texture":"#0"},"up":{"uv":[2.625,3.6875,2.4375,3.125],"texture":"#0"},"down":{"uv":[1.9375,1.75,1.75,1.1875],"texture":"#0"}}},{"from":[7.3,3,1.5],"to":[8.7,6,6],"rotation":{"angle":45,"axis":"x","origin":[7.8,3,4.5]},"faces":{"north":{"uv":[1.5,4,1.3125,4.375],"texture":"#0"},"east":{"uv":[2.4375,0,3,0.375],"texture":"#0"},"south":{"uv":[2.125,1.1875,1.9375,1.5625],"texture":"#0"},"west":{"uv":[3,0,2.4375,0.375],"texture":"#0"},"up":{"uv":[2.625,2.0625,2.4375,2.625],"texture":"#0"},"down":{"uv":[2.4375,3.1875,2.25,3.75],"texture":"#0"}}},{"from":[7.55,23.4,3.3],"to":[8.45,29.1,9],"rotation":{"angle":45,"axis":"x","origin":[8.1,24.4,8]},"faces":{"north":{"uv":[1.125,1.5625,1.25,2.25],"texture":"#0"},"east":{"uv":[2.0625,0,1.375,0.6875],"texture":"#0"},"south":{"uv":[2.0625,0,2.1875,0.6875],"texture":"#0"},"west":{"uv":[1.375,0,2.0625,0.6875],"texture":"#0"},"up":{"uv":[1.125,0.875,1.25,1.5625],"texture":"#0"},"down":{"uv":[2.0625,0,2.1875,0.6875],"texture":"#0"}}},{"from":[5.75,-5,8],"to":[10.25,-1,12],"rotation":{"angle":-45,"axis":"x","origin":[8.7,-5,8]},"faces":{"north":{"uv":[2.375,2.625,1.875,3.1875],"rotation":90,"texture":"#0"},"east":{"uv":[1,3.5,1.5,4],"rotation":90,"texture":"#0"},"south":{"uv":[2,3.5,1.5,4.0625],"rotation":90,"texture":"#0"},"west":{"uv":[1,4,1.5,3.5],"rotation":90,"texture":"#0"},"up":{"uv":[1.5,4.0625,2,3.5],"rotation":90,"texture":"#0"},"down":{"uv":[2.375,2.625,1.875,3.1875],"rotation":90,"texture":"#0"}}},{"from":[5.25,-3.79289,8.5],"to":[10.75,-1.79289,10.5],"rotation":{"angle":-45,"axis":"x","origin":[8.7,-4.29289,8]},"faces":{"north":{"uv":[1.3125,4.25,0.625,4.5],"texture":"#0"},"east":{"uv":[2,3.625,2.25,3.875],"texture":"#0"},"south":{"uv":[1.3125,4.25,0.625,4],"texture":"#0"},"west":{"uv":[2.25,3.625,2,3.875],"texture":"#0"},"up":{"uv":[1.3125,4,0.625,4.25],"texture":"#0"},"down":{"uv":[1.3125,4.25,0.625,4.5],"texture":"#0"}}},{"from":[5.85,1.20711,5],"to":[4.85,-1.79289,2],"rotation":{"angle":-45,"axis":"x","origin":[18.3,4.20711,8]},"faces":{"north":{"uv":[15.875,0,15.75,0.375],"texture":"#0"},"east":{"uv":[16,0,15.625,0.375],"texture":"#0"},"south":{"uv":[15.875,0,15.75,0.375],"texture":"#0"},"west":{"uv":[16,0,15.625,0.375],"texture":"#0"},"up":{"uv":[15.875,0,15.75,0.375],"texture":"#0"},"down":{"uv":[15.875,0,15.75,0.375],"texture":"#0"}}},{"from":[11.15,1.20711,5],"to":[10.15,-1.79289,2],"rotation":{"angle":-45,"axis":"x","origin":[-2.3,4.20711,8]},"faces":{"north":{"uv":[15.75,0,15.875,0.375],"texture":"#0"},"east":{"uv":[15.625,0,16,0.375],"texture":"#0"},"south":{"uv":[15.75,0,15.875,0.375],"texture":"#0"},"west":{"uv":[15.625,0,16,0.375],"texture":"#0"},"up":{"uv":[15.75,0,15.875,0.375],"texture":"#0"},"down":{"uv":[15.75,0,15.875,0.375],"texture":"#0"}}},{"from":[7.5,-0.5,5.5],"to":[8.5,2,10.5],"rotation":{"angle":0,"axis":"y","origin":[7.8,-0.5,7.5]},"faces":{"north":{"uv":[1.125,2.25,1.25,2.5625],"texture":"#0"},"east":{"uv":[0.625,2.625,0,2.9375],"texture":"#0"},"south":{"uv":[2.3125,1.5625,2.4375,1.875],"texture":"#0"},"west":{"uv":[0,2.625,0.625,2.9375],"texture":"#0"}}},{"from":[7,-13.08922,-8.30421],"to":[9,-9.58922,-4.80421],"rotation":{"angle":-45,"axis":"x","origin":[7.7,3.21499,8]},"faces":{"north":{"uv":[2.4375,1.125,2.1875,1.5625],"texture":"#0"},"east":{"uv":[2,2.1875,2.4375,2.625],"texture":"#0"},"south":{"uv":[2.25,3.1875,2,3.625],"texture":"#0"},"west":{"uv":[2.4375,2.1875,2,2.625],"texture":"#0"},"up":{"uv":[2.25,3.1875,2,3.625],"texture":"#0"},"down":{"uv":[2.4375,1.125,2.1875,1.5625],"texture":"#0"}}},{"from":[9.5,-8.58922,-10.80421],"to":[6.5,-12.08922,-14.30421],"rotation":{"angle":-45,"axis":"x","origin":[10.2,10.21499,8]},"faces":{"north":{"uv":[15.9375,0,15.5625,0.4375],"texture":"#0"},"east":{"uv":[16,0,15.5625,0.4375],"texture":"#0"},"south":{"uv":[15.9375,0,15.5625,0.4375],"texture":"#0"},"west":{"uv":[16,0,15.5625,0.4375],"texture":"#0"},"up":{"uv":[15.9375,0,15.5625,0.4375],"texture":"#0"},"down":{"uv":[15.9375,0,15.5625,0.4375],"texture":"#0"}}},{"from":[7.55,6,11.2],"to":[8.25,27,11.9],"rotation":{"angle":-45,"axis":"y","origin":[8,14.5,11.65]},"faces":{"north":{"uv":[1.3125,0,1.25,2.625],"texture":"#0"},"east":{"uv":[1.3125,0,1.25,2.625],"texture":"#0"},"south":{"uv":[1.3125,0,1.25,2.625],"texture":"#0"},"west":{"uv":[1.3125,0,1.25,2.625],"texture":"#0"},"up":{"uv":[1.3125,0,1.25,0.0625],"texture":"#0"},"down":{"uv":[1.3125,0,1.25,0.0625],"texture":"#0"}}},{"from":[7.55,6,4.1],"to":[8.25,27,4.8],"rotation":{"angle":45,"axis":"y","origin":[8,14.5,4.35]},"faces":{"north":{"uv":[1.3125,0,1.375,2.625],"texture":"#0"},"east":{"uv":[1.3125,0,1.375,2.625],"texture":"#0"},"south":{"uv":[1.3125,0,1.375,2.625],"texture":"#0"},"west":{"uv":[1.3125,0,1.375,2.625],"texture":"#0"},"up":{"uv":[1.3125,0,1.375,2.625],"texture":"#0"},"down":{"uv":[1.3125,0,1.375,2.625],"texture":"#0"}}},{"from":[6.5,-16,6.5],"to":[9.5,-14,9.5],"rotation":{"angle":45,"axis":"y","origin":[8,-15,8]},"faces":{"north":{"uv":[1.9375,1.5625,2.3125,1.8125],"texture":"#0"},"east":{"uv":[2.3125,1.5625,1.9375,1.8125],"texture":"#0"},"south":{"uv":[1.9375,1.5625,2.3125,1.8125],"texture":"#0"},"west":{"uv":[2.3125,1.5625,1.9375,1.8125],"texture":"#0"},"up":{"uv":[1.9375,1.8125,2.3125,2.1875],"texture":"#0"},"down":{"uv":[1.5,4.0625,1.875,4.4375],"texture":"#0"}}},{"from":[6.75,-3.5,3],"to":[9.25,-0.5,13],"rotation":{"angle":0,"axis":"y","origin":[8.3,-10.11142,7.5625]},"faces":{"east":{"uv":[0.625,3,1.875,2.625],"texture":"#0"},"west":{"uv":[0.625,3,1.875,2.625],"texture":"#0"},"up":{"uv":[0,4.1875,0.3125,2.9375],"texture":"#0"},"down":{"uv":[0.3125,4.1875,0.625,2.9375],"texture":"#0"}}},{"from":[6.5,-4,0],"to":[9.5,0,4],"rotation":{"angle":45,"axis":"x","origin":[7.8,-2,2]},"faces":{"north":{"uv":[0.625,4,1,3.5],"texture":"#0"},"east":{"uv":[1.125,3.5,0.625,3],"texture":"#0"},"south":{"uv":[1.125,3,1.5,3.5],"texture":"#0"},"west":{"uv":[0.625,3.5,1.125,3],"texture":"#0"},"up":{"uv":[2.75,2.625,2.375,3.125],"texture":"#0"},"down":{"uv":[1.125,3.5,1.5,3],"texture":"#0"}}},{"from":[6.5,-4,12],"to":[9.5,0,16],"rotation":{"angle":-45,"axis":"x","origin":[7.8,-2,14]},"faces":{"north":{"uv":[1.5,3,1.125,3.5],"texture":"#0"},"east":{"uv":[0.625,3.5,1.125,3],"texture":"#0"},"south":{"uv":[1,4,0.625,3.5],"texture":"#0"},"west":{"uv":[1.125,3.5,0.625,3],"texture":"#0"},"up":{"uv":[2.75,3.125,2.375,2.625],"texture":"#0"},"down":{"uv":[1.125,3,1.5,3.5],"texture":"#0"}}},{"from":[6.75,-5.5,6.75],"to":[9.25,-3.5,9.25],"rotation":{"angle":45,"axis":"y","origin":[8,-8.5,8]},"faces":{"north":{"uv":[1.6875,2.4375,1.375,2.1875],"texture":"#0"},"east":{"uv":[1.375,2.4375,1.6875,2.1875],"texture":"#0"},"south":{"uv":[1.6875,2.4375,1.375,2.1875],"texture":"#0"},"west":{"uv":[1.375,2.4375,1.6875,2.1875],"texture":"#0"},"up":{"uv":[2,2.5,1.6875,2.1875],"texture":"#0"},"down":{"uv":[2,2.5,1.6875,2.1875],"texture":"#0"}}},{"from":[6.5,-12.97164,3.14805],"to":[9.5,-9.97164,3.14805],"rotation":{"angle":22.5,"axis":"x","origin":[7.5,-4.6,2]},"faces":{"north":{"uv":[3.0625,0.75,3.4375,1.125],"texture":"#0"},"east":{"uv":[0,0,0,3],"texture":"#missing"},"south":{"uv":[3.0625,0.75,3.4375,1.125],"texture":"#0"},"west":{"uv":[0,0,0,3],"texture":"#missing"},"up":{"uv":[0,0,3,0],"texture":"#missing"},"down":{"uv":[0,0,3,0],"texture":"#missing"}}},{"from":[6.5,-14.89505,6.26435],"to":[9.5,-11.89505,6.26435],"rotation":{"angle":45,"axis":"x","origin":[7.5,-4.6,2]},"faces":{"north":{"uv":[3.0625,1.125,3.4375,1.5],"texture":"#0"},"east":{"uv":[0,0,0,12],"texture":"#missing"},"south":{"uv":[3.0625,1.125,3.4375,1.5],"texture":"#0"},"west":{"uv":[0,0,0,12],"texture":"#missing"},"up":{"uv":[0,0,3,0],"texture":"#missing"},"down":{"uv":[0,0,3,0],"texture":"#missing"}}},{"from":[6.5,-10.00209,1.00502],"to":[9.5,-7.00209,1.00502],"rotation":{"angle":0,"axis":"y","origin":[7.5,-4.6,2]},"faces":{"north":{"uv":[3.0625,0.375,3.4375,0.75],"texture":"#0"},"east":{"uv":[0,0,0,3],"texture":"#missing"},"south":{"uv":[3.0625,0.375,3.4375,0.75],"texture":"#0"},"west":{"uv":[0,0,0,3],"texture":"#missing"},"up":{"uv":[0,0,3,0],"texture":"#missing"},"down":{"uv":[0,0,3,0],"texture":"#missing"}}},{"from":[6.5,-7.2,2],"to":[9.5,-4.2,2],"rotation":{"angle":22.5,"axis":"x","origin":[7.5,-4.6,2]},"faces":{"north":{"uv":[3.0625,0,3.4375,0.375],"texture":"#0"},"east":{"uv":[0,0,0,3],"texture":"#missing"},"south":{"uv":[3.0625,0,3.4375,0.375],"texture":"#0"},"west":{"uv":[0,0,0,3],"texture":"#missing"},"up":{"uv":[0,0,3,0],"texture":"#missing"},"down":{"uv":[0,0,3,0],"texture":"#missing"}}},{"from":[8,-8.2,-5],"to":[8,2.8,2],"rotation":{"angle":0,"axis":"y","origin":[8,-7.2,3]},"faces":{"north":{"uv":[0,0,0,8],"texture":"#missing"},"east":{"uv":[3.625,0,4.5,1.375],"texture":"#0"},"south":{"uv":[0,0,0,8],"texture":"#missing"},"west":{"uv":[4.5,0,3.625,1.375],"texture":"#0"},"up":{"uv":[0,7,0,0],"texture":"#missing"},"down":{"uv":[0,7,0,0],"texture":"#missing"}}},{"from":[8,-8.2,14],"to":[8,2.8,21],"rotation":{"angle":0,"axis":"y","origin":[8,-7.2,13]},"faces":{"north":{"uv":[0,0,0,8],"texture":"#missing"},"east":{"uv":[4.5,0,3.625,1.375],"texture":"#0"},"south":{"uv":[0,0,0,8],"texture":"#missing"},"west":{"uv":[3.625,0,4.5,1.375],"texture":"#0"},"up":{"uv":[0,0,0,7],"texture":"#missing"},"down":{"uv":[0,0,0,7],"texture":"#missing"}}},{"from":[8,0,-3.5],"to":[8,6,2.5],"rotation":{"angle":-22.5,"axis":"y","origin":[8,3,2.5]},"faces":{"north":{"uv":[0,0,0,7],"texture":"#missing"},"east":{"uv":[4.625,0,5.375,0.75],"texture":"#0"},"south":{"uv":[0,0,0,7],"texture":"#missing"},"west":{"uv":[5.375,0,4.625,0.75],"texture":"#0"},"up":{"uv":[0,3,0,0],"texture":"#missing"},"down":{"uv":[0,3,0,0],"texture":"#missing"}}},{"from":[8,0,-3.5],"to":[8,6,2.5],"rotation":{"angle":22.5,"axis":"y","origin":[8,3,2.5]},"faces":{"north":{"uv":[0,0,0,7],"texture":"#missing"},"east":{"uv":[4.625,0,5.375,0.75],"texture":"#0"},"south":{"uv":[0,0,0,7],"texture":"#missing"},"west":{"uv":[5.375,0,4.625,0.75],"texture":"#0"},"up":{"uv":[0,3,0,0],"texture":"#missing"},"down":{"uv":[0,3,0,0],"texture":"#missing"}}},{"from":[8,-15.81371,3.81371],"to":[8,-9.81371,9.81371],"rotation":{"angle":-22.5,"axis":"x","origin":[6,1.5,19.5]},"faces":{"north":{"uv":[0,0,0,3],"rotation":180,"texture":"#missing"},"east":{"uv":[5.375,0,4.625,0.75],"rotation":270,"texture":"#0"},"south":{"uv":[0,0,0,3],"texture":"#missing"},"west":{"uv":[4.625,0,5.375,0.75],"rotation":90,"texture":"#0"},"up":{"uv":[0,0,0,7],"rotation":180,"texture":"#missing"},"down":{"uv":[0,0,0,7],"texture":"#missing"}}},{"from":[6,-1,1.5],"to":[6,9,14.5],"rotation":{"angle":0,"axis":"y","origin":[5,0,-11]},"faces":{"north":{"uv":[0,0,0,5],"texture":"#1"},"east":{"uv":[0,0,13,10],"texture":"#1"},"south":{"uv":[0,0,0,5],"texture":"#1"},"west":{"uv":[0,0,13,10],"texture":"#1"},"up":{"uv":[0,10,0,0],"texture":"#1"},"down":{"uv":[0,0,0,10],"texture":"#1"}}},{"from":[10,-1,1.5],"to":[10,9,14.5],"rotation":{"angle":0,"axis":"y","origin":[11,0,-11]},"faces":{"north":{"uv":[0,0,0,5],"texture":"#1"},"east":{"uv":[13,0,0,10],"texture":"#1"},"south":{"uv":[0,0,0,5],"texture":"#1"},"west":{"uv":[13,0,0,10],"texture":"#1"},"up":{"uv":[0,10,0,0],"texture":"#1"},"down":{"uv":[0,0,0,10],"texture":"#1"}}}],"gui_light":"front","display":{"thirdperson_righthand":{"translation":[0,8.5,1.5],"scale":[0.6,0.6,0.6]},"thirdperson_lefthand":{"translation":[0,8.5,1.5],"scale":[0.6,0.6,0.6]},"firstperson_righthand":{"rotation":[-10,7,2],"translation":[5.5,5.5,-4.25],"scale":[0.49453,0.49453,0.49453]},"firstperson_lefthand":{"rotation":[-10,7,2],"translation":[5.5,5.5,-4.25],"scale":[0.49453,0.49453,0.49453]},"ground":{"rotation":[0,0,90],"translation":[-1.75,3,0],"scale":[0.45,0.45,0.45]},"gui":{"rotation":[-90,-135,-90],"translation":[-1,1,-1.5],"scale":[0.41797,0.41797,0.41797]},"head":{"scale":[0,0,0]},"fixed":{"rotation":[-90,-90,-90],"translation":[0,12,-2.5],"scale":[1.2,1.2,1.2]}}}