{"credit":"Made with Blockbench","textures":{"0":"elitecreatures:valkyrie_animated_v2/valkyrie_texture","1":"elitecreatures:valkyrie_animated_v2/valkyrie_animation","particle":"elitecreatures:valkyrie_animated_v2/valkyrie_texture"},"elements":[{"from":[7,-14,7],"to":[9,6,9],"rotation":{"angle":45,"axis":"y","origin":[8,-10,8]},"faces":{"north":{"uv":[3.625,2.625,3.375,5.125],"texture":"#0"},"east":{"uv":[3.375,2.625,3.625,5.125],"texture":"#0"},"south":{"uv":[3.625,2.625,3.375,5.125],"texture":"#0"},"west":{"uv":[3.375,2.625,3.625,5.125],"texture":"#0"},"up":{"uv":[2.1875,0,2.4375,0.25],"texture":"#0"},"down":{"uv":[2.1875,0,2.4375,0.25],"texture":"#0"}}},{"from":[7.45,7.7,8],"to":[11.95,11.7,12],"rotation":{"angle":-45,"axis":"x","origin":[10.4,7.7,8]},"faces":{"north":{"uv":[2.375,2.625,1.875,3.1875],"rotation":90,"texture":"#0"},"east":{"uv":[1,3.5,1.5,4],"rotation":90,"texture":"#0"},"south":{"uv":[2,3.5,1.5,4.0625],"rotation":90,"texture":"#0"},"west":{"uv":[1,4,1.5,3.5],"rotation":90,"texture":"#0"},"up":{"uv":[1.5,4.0625,2,3.5],"rotation":90,"texture":"#0"},"down":{"uv":[2.375,2.625,1.875,3.1875],"rotation":90,"texture":"#0"}}},{"from":[6.95,8.90711,8.5],"to":[12.45,10.90711,10.5],"rotation":{"angle":-45,"axis":"x","origin":[10.4,8.40711,8]},"faces":{"north":{"uv":[1.3125,4.25,0.625,4.5],"texture":"#0"},"east":{"uv":[2,3.625,2.25,3.875],"texture":"#0"},"south":{"uv":[1.3125,4.25,0.625,4],"texture":"#0"},"west":{"uv":[2.25,3.625,2,3.875],"texture":"#0"},"up":{"uv":[1.3125,4,0.625,4.25],"texture":"#0"},"down":{"uv":[1.3125,4.25,0.625,4.5],"texture":"#0"}}},{"from":[12.85,13.90711,5],"to":[11.85,10.90711,2],"rotation":{"angle":-45,"axis":"x","origin":[-0.6,16.90711,8]},"faces":{"north":{"uv":[15.75,0,15.875,0.375],"texture":"#0"},"east":{"uv":[15.625,0,16,0.375],"texture":"#0"},"south":{"uv":[15.75,0,15.875,0.375],"texture":"#0"},"west":{"uv":[15.625,0,16,0.375],"texture":"#0"},"up":{"uv":[15.75,0,15.875,0.375],"texture":"#0"},"down":{"uv":[15.75,0,15.875,0.375],"texture":"#0"}}},{"from":[4.05,7.7,8],"to":[8.55,11.7,12],"rotation":{"angle":-45,"axis":"x","origin":[5.6,7.7,8]},"faces":{"north":{"uv":[2.375,3.1875,1.875,2.625],"rotation":90,"texture":"#0"},"east":{"uv":[1,3.5,1.5,4],"rotation":90,"texture":"#0"},"south":{"uv":[2,4.0625,1.5,3.5],"rotation":90,"texture":"#0"},"west":{"uv":[1,4,1.5,3.5],"rotation":90,"texture":"#0"},"up":{"uv":[1.5,3.5,2,4.0625],"rotation":90,"texture":"#0"},"down":{"uv":[2.375,3.1875,1.875,2.625],"rotation":90,"texture":"#0"}}},{"from":[3.55,8.90711,8.5],"to":[9.05,10.90711,10.5],"rotation":{"angle":-45,"axis":"x","origin":[5.6,8.40711,8]},"faces":{"north":{"uv":[0.625,4.25,1.3125,4.5],"texture":"#0"},"east":{"uv":[2,3.625,2.25,3.875],"texture":"#0"},"south":{"uv":[0.625,4.25,1.3125,4],"texture":"#0"},"west":{"uv":[2.25,3.625,2,3.875],"texture":"#0"},"up":{"uv":[0.625,4,1.3125,4.25],"texture":"#0"},"down":{"uv":[0.625,4.25,1.3125,4.5],"texture":"#0"}}},{"from":[4.15,13.90711,5],"to":[3.15,10.90711,2],"rotation":{"angle":-45,"axis":"x","origin":[16.6,16.90711,8]},"faces":{"north":{"uv":[15.875,0,15.75,0.375],"texture":"#0"},"east":{"uv":[16,0,15.625,0.375],"texture":"#0"},"south":{"uv":[15.875,0,15.75,0.375],"texture":"#0"},"west":{"uv":[16,0,15.625,0.375],"texture":"#0"},"up":{"uv":[15.875,0,15.75,0.375],"texture":"#0"},"down":{"uv":[15.875,0,15.75,0.375],"texture":"#0"}}},{"from":[7,-13.08922,-8.30421],"to":[9,-9.58922,-4.80421],"rotation":{"angle":-45,"axis":"x","origin":[7.7,3.21499,8]},"faces":{"north":{"uv":[2.4375,1.125,2.1875,1.5625],"texture":"#0"},"east":{"uv":[2,2.1875,2.4375,2.625],"texture":"#0"},"south":{"uv":[2.25,3.1875,2,3.625],"texture":"#0"},"west":{"uv":[2.4375,2.1875,2,2.625],"texture":"#0"},"up":{"uv":[2.25,3.1875,2,3.625],"texture":"#0"},"down":{"uv":[2.4375,1.125,2.1875,1.5625],"texture":"#0"}}},{"from":[9.5,-8.58922,-10.80421],"to":[6.5,-12.08922,-14.30421],"rotation":{"angle":-45,"axis":"x","origin":[10.2,10.21499,8]},"faces":{"north":{"uv":[15.9375,0,15.5625,0.4375],"texture":"#0"},"east":{"uv":[16,0,15.5625,0.4375],"texture":"#0"},"south":{"uv":[15.9375,0,15.5625,0.4375],"texture":"#0"},"west":{"uv":[16,0,15.5625,0.4375],"texture":"#0"},"up":{"uv":[15.9375,0,15.5625,0.4375],"texture":"#0"},"down":{"uv":[15.9375,0,15.5625,0.4375],"texture":"#0"}}},{"from":[6.5,-16,6.5],"to":[9.5,-14,9.5],"rotation":{"angle":45,"axis":"y","origin":[8,-15,8]},"faces":{"north":{"uv":[1.9375,1.5625,2.3125,1.8125],"texture":"#0"},"east":{"uv":[2.3125,1.5625,1.9375,1.8125],"texture":"#0"},"south":{"uv":[1.9375,1.5625,2.3125,1.8125],"texture":"#0"},"west":{"uv":[2.3125,1.5625,1.9375,1.8125],"texture":"#0"},"up":{"uv":[1.9375,1.8125,2.3125,2.1875],"texture":"#0"},"down":{"uv":[1.5,4.0625,1.875,4.4375],"texture":"#0"}}},{"from":[6.5,-1,6.5],"to":[9.5,1,9.5],"rotation":{"angle":45,"axis":"y","origin":[8,0,8]},"faces":{"north":{"uv":[1.9375,1.5625,2.3125,1.8125],"texture":"#0"},"east":{"uv":[2.3125,1.5625,1.9375,1.8125],"texture":"#0"},"south":{"uv":[1.9375,1.5625,2.3125,1.8125],"texture":"#0"},"west":{"uv":[2.3125,1.5625,1.9375,1.8125],"texture":"#0"},"up":{"uv":[1.9375,1.8125,2.3125,2.1875],"texture":"#0"},"down":{"uv":[1.5,4.0625,1.875,4.4375],"texture":"#0"}}},{"from":[7,10.08922,-8.30421],"to":[9,13.58922,-4.80421],"rotation":{"angle":45,"axis":"x","origin":[7.7,-2.71499,8]},"faces":{"north":{"uv":[2.4375,1.5625,2.1875,1.125],"texture":"#0"},"east":{"uv":[2,2.625,2.4375,2.1875],"texture":"#0"},"south":{"uv":[2.25,3.625,2,3.1875],"texture":"#0"},"west":{"uv":[2.4375,2.625,2,2.1875],"texture":"#0"},"up":{"uv":[2.4375,1.5625,2.1875,1.125],"texture":"#0"},"down":{"uv":[2.25,3.625,2,3.1875],"texture":"#0"}}},{"from":[9.5,12.58922,-10.80421],"to":[6.5,9.08922,-14.30421],"rotation":{"angle":45,"axis":"x","origin":[10.2,-9.71499,8]},"faces":{"north":{"uv":[15.9375,0.4375,15.5625,0],"texture":"#0"},"east":{"uv":[16,0.4375,15.5625,0],"texture":"#0"},"south":{"uv":[15.9375,0.4375,15.5625,0],"texture":"#0"},"west":{"uv":[16,0.4375,15.5625,0],"texture":"#0"},"up":{"uv":[15.9375,0.4375,15.5625,0],"texture":"#0"},"down":{"uv":[15.9375,0.4375,15.5625,0],"texture":"#0"}}},{"from":[6.5,14.5,6.5],"to":[9.5,16.5,9.5],"rotation":{"angle":45,"axis":"y","origin":[8,15.5,8]},"faces":{"north":{"uv":[1.9375,1.8125,2.3125,1.5625],"texture":"#0"},"east":{"uv":[2.3125,1.8125,1.9375,1.5625],"texture":"#0"},"south":{"uv":[1.9375,1.8125,2.3125,1.5625],"texture":"#0"},"west":{"uv":[2.3125,1.8125,1.9375,1.5625],"texture":"#0"},"up":{"uv":[1.5,4.4375,1.875,4.0625],"texture":"#0"},"down":{"uv":[1.9375,2.1875,2.3125,1.8125],"texture":"#0"}}},{"from":[6.5,-4.47164,1.84805],"to":[9.5,-1.47164,1.84805],"rotation":{"angle":22.5,"axis":"x","origin":[7.5,3.9,0.7]},"faces":{"north":{"uv":[3.0625,0.75,3.4375,1.125],"texture":"#0"},"east":{"uv":[0,0,0,0.375],"texture":"#missing"},"south":{"uv":[3.0625,0.75,3.4375,1.125],"texture":"#0"},"west":{"uv":[0,0,0,0.375],"texture":"#missing"},"up":{"uv":[0,0,0.375,0],"texture":"#missing"},"down":{"uv":[0,0,0.375,0],"texture":"#missing"}}},{"from":[6.5,-6.39505,4.96435],"to":[9.5,-3.39505,4.96435],"rotation":{"angle":45,"axis":"x","origin":[7.5,3.9,0.7]},"faces":{"north":{"uv":[3.0625,1.125,3.4375,1.5],"texture":"#0"},"east":{"uv":[0,0,0,1.5],"texture":"#missing"},"south":{"uv":[3.0625,1.125,3.4375,1.5],"texture":"#0"},"west":{"uv":[0,0,0,1.5],"texture":"#missing"},"up":{"uv":[0,0,0.375,0],"texture":"#missing"},"down":{"uv":[0,0,0.375,0],"texture":"#missing"}}},{"from":[6.5,-1.50209,-0.29498],"to":[9.5,1.49791,-0.29498],"rotation":{"angle":0,"axis":"y","origin":[7.5,3.9,0.7]},"faces":{"north":{"uv":[3.0625,0.375,3.4375,0.75],"texture":"#0"},"east":{"uv":[0,0,0,0.375],"texture":"#missing"},"south":{"uv":[3.0625,0.375,3.4375,0.75],"texture":"#0"},"west":{"uv":[0,0,0,0.375],"texture":"#missing"},"up":{"uv":[0,0,0.375,0],"texture":"#missing"},"down":{"uv":[0,0,0.375,0],"texture":"#missing"}}},{"from":[6.5,1.3,0.7],"to":[9.5,4.3,0.7],"rotation":{"angle":22.5,"axis":"x","origin":[7.5,3.9,0.7]},"faces":{"north":{"uv":[3.0625,0,3.4375,0.375],"texture":"#0"},"east":{"uv":[0,0,0,0.375],"texture":"#missing"},"south":{"uv":[3.0625,0,3.4375,0.375],"texture":"#0"},"west":{"uv":[0,0,0,0.375],"texture":"#missing"},"up":{"uv":[0,0,0.375,0],"texture":"#missing"},"down":{"uv":[0,0,0.375,0],"texture":"#missing"}}},{"from":[3,5.8,13],"to":[3,16.8,22],"rotation":{"angle":-22.5,"axis":"y","origin":[3,6.8,14]},"faces":{"north":{"uv":[0,0,0,1],"texture":"#missing"},"east":{"uv":[4.625,0,3.5,1.375],"texture":"#0"},"south":{"uv":[0,0,0,1],"texture":"#missing"},"west":{"uv":[3.5,0,4.625,1.375],"texture":"#0"},"up":{"uv":[0,0,0,0.875],"texture":"#missing"},"down":{"uv":[0,0,0,0.875],"texture":"#missing"}}},{"from":[4,5,-2.5],"to":[12,16,4],"rotation":{"angle":0,"axis":"y","origin":[7.5,15,5.5]},"faces":{"north":{"uv":[0.8125,7.25,1.8125,8.625],"texture":"#0"},"east":{"uv":[0.8125,7.25,0,8.625],"texture":"#0"},"south":{"uv":[1.8125,7.25,2.8125,8.625],"texture":"#0"},"west":{"uv":[0,7.25,0.8125,8.625],"texture":"#0"},"up":{"uv":[3.0625,5.3125,4.0625,6.125],"texture":"#0"},"down":{"uv":[2.0625,5.3125,3.0625,6.125],"texture":"#0"}}},{"from":[7,3.5,0],"to":[9,5,1.5],"rotation":{"angle":0,"axis":"y","origin":[7.5,14,6]},"faces":{"north":{"uv":[2.625,4.1875,2.875,4.375],"texture":"#0"},"east":{"uv":[2.875,4.1875,3.0625,4.375],"texture":"#0"},"south":{"uv":[2.625,4.1875,2.875,4.375],"texture":"#0"},"west":{"uv":[2.875,4.1875,3.0625,4.375],"texture":"#0"},"up":{"uv":[3.0625,4.1875,3.3125,4.375],"texture":"#0"},"down":{"uv":[3.0625,4.1875,3.3125,4.375],"texture":"#0"}}},{"from":[4,5,12],"to":[12,16,18.5],"rotation":{"angle":0,"axis":"y","origin":[7.5,15,10.5]},"faces":{"north":{"uv":[2.8125,7.25,1.8125,8.625],"texture":"#0"},"east":{"uv":[0,7.25,0.8125,8.625],"texture":"#0"},"south":{"uv":[1.8125,7.25,0.8125,8.625],"texture":"#0"},"west":{"uv":[0.8125,7.25,0,8.625],"texture":"#0"},"up":{"uv":[3.0625,6.125,4.0625,5.3125],"texture":"#0"},"down":{"uv":[2.0625,6.125,3.0625,5.3125],"texture":"#0"}}},{"from":[5,6,4],"to":[11,15,12],"rotation":{"angle":0,"axis":"y","origin":[7.5,15,12]},"faces":{"east":{"uv":[0,6.125,1,7.25],"texture":"#0"},"west":{"uv":[0,6.125,1,7.25],"texture":"#0"},"up":{"uv":[1.75,6.1875,2.5,7.1875],"texture":"#0"},"down":{"uv":[1,6.1875,1.75,7.1875],"texture":"#0"}}},{"from":[14,5.8,13],"to":[14,16.8,22],"rotation":{"angle":22.5,"axis":"y","origin":[14,6.8,14]},"faces":{"north":{"uv":[0,0,0,1],"texture":"#missing"},"east":{"uv":[4.625,0,3.5,1.375],"texture":"#0"},"south":{"uv":[0,0,0,1],"texture":"#missing"},"west":{"uv":[3.5,0,4.625,1.375],"texture":"#0"},"up":{"uv":[0,0,0,0.875],"texture":"#missing"},"down":{"uv":[0,0,0,0.875],"texture":"#missing"}}},{"from":[8,17.5,9.5],"to":[8,23.5,15.5],"rotation":{"angle":22.5,"axis":"y","origin":[8,20.5,9.5]},"faces":{"north":{"uv":[0,0,0,0.875],"texture":"#missing"},"east":{"uv":[5.375,0,4.625,0.75],"texture":"#0"},"south":{"uv":[0,0,0,0.875],"texture":"#missing"},"west":{"uv":[4.625,0,5.375,0.75],"texture":"#0"},"up":{"uv":[0,0,0,0.375],"texture":"#missing"},"down":{"uv":[0,0,0,0.375],"texture":"#missing"}}},{"from":[8,17.5,9.5],"to":[8,23.5,15.5],"rotation":{"angle":-22.5,"axis":"y","origin":[8,20.5,9.5]},"faces":{"north":{"uv":[0,0,0,0.875],"texture":"#missing"},"east":{"uv":[5.375,0,4.625,0.75],"texture":"#0"},"south":{"uv":[0,0,0,0.875],"texture":"#missing"},"west":{"uv":[4.625,0,5.375,0.75],"texture":"#0"},"up":{"uv":[0,0,0,0.375],"texture":"#missing"},"down":{"uv":[0,0,0,0.375],"texture":"#missing"}}},{"from":[8,-15.81371,3.81371],"to":[8,-9.81371,9.81371],"rotation":{"angle":-22.5,"axis":"x","origin":[6,1.5,19.5]},"faces":{"north":{"uv":[0,0,0,0.375],"rotation":180,"texture":"#missing"},"east":{"uv":[5.375,0,4.625,0.75],"rotation":270,"texture":"#0"},"south":{"uv":[0,0,0,0.375],"texture":"#missing"},"west":{"uv":[4.625,0,5.375,0.75],"rotation":90,"texture":"#0"},"up":{"uv":[0,0,0,0.875],"rotation":180,"texture":"#missing"},"down":{"uv":[0,0,0,0.875],"texture":"#missing"}}},{"from":[5,8,-3.9],"to":[7,10,-1.9],"rotation":{"angle":45,"axis":"x","origin":[5,8,-3.9]},"faces":{"north":{"uv":[2.8125,3.9375,3.0625,4.1875],"texture":"#0"},"east":{"uv":[2.5625,3.9375,2.8125,4.1875],"texture":"#0"},"south":{"uv":[2.8125,3.9375,3.0625,4.1875],"texture":"#0"},"west":{"uv":[2.8125,3.9375,2.5625,4.1875],"texture":"#0"},"up":{"uv":[3.0625,3.9375,3.3125,4.1875],"texture":"#0"},"down":{"uv":[3.0625,3.9375,3.3125,4.1875],"texture":"#0"}}},{"from":[5,13,-3.9],"to":[7,15,-1.9],"rotation":{"angle":45,"axis":"x","origin":[5,13,-3.9]},"faces":{"north":{"uv":[2.8125,3.9375,3.0625,4.1875],"texture":"#0"},"east":{"uv":[2.5625,3.9375,2.8125,4.1875],"texture":"#0"},"south":{"uv":[2.8125,3.9375,3.0625,4.1875],"texture":"#0"},"west":{"uv":[2.8125,3.9375,2.5625,4.1875],"texture":"#0"},"up":{"uv":[3.0625,3.9375,3.3125,4.1875],"texture":"#0"},"down":{"uv":[3.0625,3.9375,3.3125,4.1875],"texture":"#0"}}},{"from":[9,13,-3.9],"to":[11,15,-1.9],"rotation":{"angle":45,"axis":"x","origin":[11,13,-3.9]},"faces":{"north":{"uv":[3.0625,3.9375,2.8125,4.1875],"texture":"#0"},"east":{"uv":[2.5625,3.9375,2.8125,4.1875],"texture":"#0"},"south":{"uv":[3.0625,3.9375,2.8125,4.1875],"texture":"#0"},"west":{"uv":[2.8125,3.9375,2.5625,4.1875],"texture":"#0"},"up":{"uv":[3.3125,3.9375,3.0625,4.1875],"texture":"#0"},"down":{"uv":[3.3125,3.9375,3.0625,4.1875],"texture":"#0"}}},{"from":[9,8,-3.9],"to":[11,10,-1.9],"rotation":{"angle":45,"axis":"x","origin":[11,8,-3.9]},"faces":{"north":{"uv":[3.0625,3.9375,2.8125,4.1875],"texture":"#0"},"east":{"uv":[2.5625,3.9375,2.8125,4.1875],"texture":"#0"},"south":{"uv":[3.0625,3.9375,2.8125,4.1875],"texture":"#0"},"west":{"uv":[2.8125,3.9375,2.5625,4.1875],"texture":"#0"},"up":{"uv":[3.3125,3.9375,3.0625,4.1875],"texture":"#0"},"down":{"uv":[3.3125,3.9375,3.0625,4.1875],"texture":"#0"}}},{"from":[9,13,17.9],"to":[11,15,19.9],"rotation":{"angle":-45,"axis":"x","origin":[11,13,19.9]},"faces":{"north":{"uv":[2.8125,3.9375,3.0625,4.1875],"texture":"#0"},"east":{"uv":[2.8125,3.9375,2.5625,4.1875],"texture":"#0"},"south":{"uv":[2.8125,3.9375,3.0625,4.1875],"texture":"#0"},"west":{"uv":[2.5625,3.9375,2.8125,4.1875],"texture":"#0"},"up":{"uv":[3.3125,4.1875,3.0625,3.9375],"texture":"#0"},"down":{"uv":[3.3125,4.1875,3.0625,3.9375],"texture":"#0"}}},{"from":[9,8,17.9],"to":[11,10,19.9],"rotation":{"angle":-45,"axis":"x","origin":[11,8,19.9]},"faces":{"north":{"uv":[2.8125,3.9375,3.0625,4.1875],"texture":"#0"},"east":{"uv":[2.8125,3.9375,2.5625,4.1875],"texture":"#0"},"south":{"uv":[2.8125,3.9375,3.0625,4.1875],"texture":"#0"},"west":{"uv":[2.5625,3.9375,2.8125,4.1875],"texture":"#0"},"up":{"uv":[3.3125,4.1875,3.0625,3.9375],"texture":"#0"},"down":{"uv":[3.3125,4.1875,3.0625,3.9375],"texture":"#0"}}},{"from":[5,8,17.9],"to":[7,10,19.9],"rotation":{"angle":-45,"axis":"x","origin":[5,8,19.9]},"faces":{"north":{"uv":[3.0625,3.9375,2.8125,4.1875],"texture":"#0"},"east":{"uv":[2.8125,3.9375,2.5625,4.1875],"texture":"#0"},"south":{"uv":[3.0625,3.9375,2.8125,4.1875],"texture":"#0"},"west":{"uv":[2.5625,3.9375,2.8125,4.1875],"texture":"#0"},"up":{"uv":[3.0625,4.1875,3.3125,3.9375],"texture":"#0"},"down":{"uv":[3.0625,4.1875,3.3125,3.9375],"texture":"#0"}}},{"from":[5,13,17.9],"to":[7,15,19.9],"rotation":{"angle":-45,"axis":"x","origin":[5,13,19.9]},"faces":{"north":{"uv":[3.0625,3.9375,2.8125,4.1875],"texture":"#0"},"east":{"uv":[2.8125,3.9375,2.5625,4.1875],"texture":"#0"},"south":{"uv":[3.0625,3.9375,2.8125,4.1875],"texture":"#0"},"west":{"uv":[2.5625,3.9375,2.8125,4.1875],"texture":"#0"},"up":{"uv":[3.0625,4.1875,3.3125,3.9375],"texture":"#0"},"down":{"uv":[3.0625,4.1875,3.3125,3.9375],"texture":"#0"}}},{"from":[3.5,11,1.5],"to":[3.5,21,14.5],"rotation":{"angle":0,"axis":"y","origin":[2.5,12,-11]},"faces":{"north":{"uv":[0,0,0,0.625],"texture":"#missing"},"east":{"uv":[0,0,13,10],"texture":"#1"},"south":{"uv":[0,0,0,0.625],"texture":"#missing"},"west":{"uv":[0,0,13,10],"texture":"#1"},"up":{"uv":[0,1.25,0,0],"texture":"#missing"},"down":{"uv":[0,0,0,1.25],"texture":"#missing"}}},{"from":[12.5,11,1.5],"to":[12.5,21,14.5],"rotation":{"angle":0,"axis":"y","origin":[13.5,12,-11]},"faces":{"north":{"uv":[0,0,0,0.625],"texture":"#missing"},"east":{"uv":[13,0,0,10],"texture":"#1"},"south":{"uv":[0,0,0,0.625],"texture":"#missing"},"west":{"uv":[13,0,0,10],"texture":"#1"},"up":{"uv":[0,1.25,0,0],"texture":"#missing"},"down":{"uv":[0,0,0,1.25],"texture":"#missing"}}}],"gui_light":"front","display":{"thirdperson_righthand":{"translation":[0,8,1.5],"scale":[0.6,0.6,0.6]},"thirdperson_lefthand":{"translation":[0,8,1.5],"scale":[0.6,0.6,0.6]},"firstperson_righthand":{"rotation":[-10,7,2],"translation":[5.5,5.5,-4.25],"scale":[0.49453,0.49453,0.49453]},"firstperson_lefthand":{"rotation":[-10,7,2],"translation":[5.5,5.5,-4.25],"scale":[0.49453,0.49453,0.49453]},"ground":{"rotation":[0,0,90],"translation":[-3.25,3,0],"scale":[0.45,0.45,0.45]},"gui":{"rotation":[-90,-135,-90],"translation":[-2,2,-1.5],"scale":[0.45117,0.45117,0.45117]},"head":{"scale":[0,0,0]},"fixed":{"rotation":[-90,-90,-90],"translation":[0,12,-2.5],"scale":[1.2,1.2,1.2]}}}