{"credit":"Made with Blockbench","texture_size":[128,128],"textures":{"0":"elitecreatures:valkyrie_animated_v2/valkyrie_texture","particle":"elitecreatures:valkyrie_animated_v2/valkyrie_texture"},"elements":[{"from":[7.9,7,0.5],"to":[13.9,9,2],"rotation":{"angle":-22.5,"axis":"y","origin":[8,9,0.5]},"faces":{"north":{"uv":[5.9375,7.75,6.6875,8],"texture":"#0"},"east":{"uv":[5.75,7.25,5.9375,7.5],"texture":"#0"},"south":{"uv":[5.9375,7.5,6.6875,7.75],"texture":"#0"},"west":{"uv":[5.75,7.25,5.9375,7.5],"texture":"#0"},"up":{"uv":[6.625,8.4375,7.375,8.625],"texture":"#0"},"down":{"uv":[6.625,8.625,7.375,8.4375],"texture":"#0"}}},{"from":[2.1,7,0.5],"to":[8.1,9,2],"rotation":{"angle":22.5,"axis":"y","origin":[8,9,0.5]},"faces":{"north":{"uv":[6.6875,7.75,5.9375,8],"texture":"#0"},"east":{"uv":[5.9375,7.25,5.75,7.5],"texture":"#0"},"south":{"uv":[6.6875,7.5,5.9375,7.75],"texture":"#0"},"west":{"uv":[5.9375,7.25,5.75,7.5],"texture":"#0"},"up":{"uv":[7.375,8.4375,6.625,8.625],"texture":"#0"},"down":{"uv":[7.375,8.625,6.625,8.4375],"texture":"#0"}}},{"from":[2.1,9,0.5],"to":[8,15,0.5],"rotation":{"angle":22.5,"axis":"y","origin":[8,9,0.5]},"faces":{"north":{"uv":[5.1125,1.625,4.375,2.375],"texture":"#0"},"east":{"uv":[7,5.6875,6.8125,5.9375],"texture":"#missing"},"south":{"uv":[4.375,1.625,5.1125,2.375],"texture":"#0"},"west":{"uv":[5.1125,1.625,4.375,2.375],"texture":"#0"},"up":{"uv":[7.4875,5.9375,6.8125,6.125],"texture":"#missing"},"down":{"uv":[7.4875,5.6875,6.8125,5.875],"texture":"#missing"}}},{"from":[8,3.5,0.5],"to":[13.9,7,0.5],"rotation":{"angle":-22.5,"axis":"y","origin":[8,1,0.5]},"faces":{"north":{"uv":[4.6875,0.9375,5.425,1.375],"texture":"#0"},"east":{"uv":[4.375,1.625,5.1125,2.375],"texture":"#0"},"south":{"uv":[5.425,0.9375,4.6875,1.375],"texture":"#0"},"west":{"uv":[6.8125,5.6875,7,5.9375],"texture":"#missing"},"up":{"uv":[6.8125,5.9375,7.4875,6.125],"texture":"#missing"},"down":{"uv":[6.8125,5.6875,7.4875,5.875],"texture":"#missing"}}},{"from":[2.1,3.5,0.5],"to":[8,7,0.5],"rotation":{"angle":22.5,"axis":"y","origin":[8,1,0.5]},"faces":{"north":{"uv":[5.425,0.9375,4.6875,1.375],"texture":"#0"},"east":{"uv":[7,5.6875,6.8125,5.9375],"texture":"#missing"},"south":{"uv":[4.6875,0.9375,5.425,1.375],"texture":"#0"},"west":{"uv":[5.1125,1.625,4.375,2.375],"texture":"#0"},"up":{"uv":[7.4875,5.9375,6.8125,6.125],"texture":"#missing"},"down":{"uv":[7.4875,5.6875,6.8125,5.875],"texture":"#missing"}}},{"from":[8,9,0.5],"to":[13.9,15,0.5],"rotation":{"angle":-22.5,"axis":"y","origin":[8,9,0.5]},"faces":{"north":{"uv":[6.3125,1.5625,7.05,2.3125],"texture":"#0"},"east":{"uv":[4.375,1.625,5.1125,2.375],"texture":"#0"},"south":{"uv":[7.05,1.5625,6.3125,2.3125],"texture":"#0"},"west":{"uv":[6.8125,5.6875,7,5.9375],"texture":"#missing"},"up":{"uv":[6.8125,5.9375,7.4875,6.125],"texture":"#missing"},"down":{"uv":[6.8125,5.6875,7.4875,5.875],"texture":"#missing"}}},{"from":[5.5,6.20711,-0.45],"to":[7.5,8.20711,1.05],"rotation":{"angle":-45,"axis":"z","origin":[8,5.70711,3]},"faces":{"north":{"uv":[2.25,3.625,2,3.875],"texture":"#0"},"east":{"uv":[0.8125,4.25,0.625,4.5],"texture":"#0"},"south":{"uv":[2,3.625,2.25,3.875],"texture":"#0"},"west":{"uv":[0.8125,4.25,0.625,4],"texture":"#0"},"up":{"uv":[0.8125,4,0.625,4.25],"rotation":90,"texture":"#0"},"down":{"uv":[0.8125,4.25,0.625,4.5],"rotation":270,"texture":"#0"}}},{"from":[3.3,2.6,6.4],"to":[3.3,13.6,13.4],"rotation":{"angle":-22.5,"axis":"y","origin":[3.3,8.1,3.7]},"faces":{"north":{"uv":[0,0,0,1],"texture":"#missing"},"east":{"uv":[4.5,0,3.625,1.375],"texture":"#0"},"south":{"uv":[0,0,0,1],"texture":"#missing"},"west":{"uv":[3.625,0,4.5,1.375],"texture":"#0"},"up":{"uv":[0,0.875,0,0],"rotation":180,"texture":"#missing"},"down":{"uv":[0,0.875,0,0],"rotation":180,"texture":"#missing"}}},{"from":[12.7,2.6,6.4],"to":[12.7,13.6,13.4],"rotation":{"angle":22.5,"axis":"y","origin":[12.7,8.1,3.7]},"faces":{"north":{"uv":[0,0,0,1],"texture":"#missing"},"east":{"uv":[4.5,0,3.625,1.375],"texture":"#0"},"south":{"uv":[0,0,0,1],"texture":"#missing"},"west":{"uv":[3.625,0,4.5,1.375],"texture":"#0"},"up":{"uv":[0,0.875,0,0],"rotation":180,"texture":"#missing"},"down":{"uv":[0,0.875,0,0],"rotation":180,"texture":"#missing"}}},{"from":[14,11.20711,0.15],"to":[11,8.20711,-0.85],"rotation":{"angle":-45,"axis":"z","origin":[8,14.20711,12.6]},"faces":{"north":{"uv":[16,0,15.625,0.375],"texture":"#0"},"east":{"uv":[15.875,0,15.75,0.375],"texture":"#0"},"south":{"uv":[16,0,15.625,0.375],"texture":"#0"},"west":{"uv":[15.875,0,15.75,0.375],"texture":"#0"},"up":{"uv":[15.875,0,15.75,0.375],"rotation":90,"texture":"#0"},"down":{"uv":[15.875,0,15.75,0.375],"rotation":270,"texture":"#0"}}},{"from":[4,5,0.05],"to":[8,9,2.05],"rotation":{"angle":-45,"axis":"z","origin":[8,5,3]},"faces":{"north":{"uv":[1,4,1.5,3.5],"rotation":90,"texture":"#0"},"east":{"uv":[2.375,2.625,1.875,2.875],"rotation":90,"texture":"#0"},"south":{"uv":[1,3.5,1.5,4],"rotation":90,"texture":"#0"},"west":{"uv":[2,3.75,1.5,3.5],"rotation":90,"texture":"#0"},"up":{"uv":[1.5,3.75,2,3.5],"rotation":180,"texture":"#0"},"down":{"uv":[2.375,2.875,1.875,2.625],"texture":"#0"}}},{"from":[12,6,3.6],"to":[14,10,7.6],"rotation":{"angle":-45,"axis":"x","origin":[12.7,8,5.6]},"faces":{"north":{"uv":[6.25,6.75,6,7.25],"texture":"#0"},"east":{"uv":[0.625,3.5,1.125,3],"texture":"#0"},"south":{"uv":[6,6.75,5.75,7.25],"texture":"#0"},"west":{"uv":[1.125,3.5,0.625,3],"texture":"#0"},"up":{"uv":[6,7.25,5.75,6.75],"texture":"#0"},"down":{"uv":[6.25,6.75,6,7.25],"texture":"#0"}}},{"from":[2,6,3.6],"to":[4,10,7.6],"rotation":{"angle":-45,"axis":"x","origin":[3.3,8,5.6]},"faces":{"north":{"uv":[6,6.75,6.25,7.25],"texture":"#0"},"east":{"uv":[0.625,3.5,1.125,3],"texture":"#0"},"south":{"uv":[5.75,6.75,6,7.25],"texture":"#0"},"west":{"uv":[1.125,3.5,0.625,3],"texture":"#0"},"up":{"uv":[5.75,7.25,6,6.75],"texture":"#0"},"down":{"uv":[6,6.75,6.25,7.25],"texture":"#0"}}},{"from":[3.7,2,2.5],"to":[3.7,8,5.5],"rotation":{"angle":-22.5,"axis":"y","origin":[3.7,5.5,2.5]},"faces":{"north":{"uv":[0,0,0,0.625],"texture":"#0"},"east":{"uv":[6.6875,0,6.3125,0.75],"texture":"#0"},"south":{"uv":[0,0,0,0.625],"texture":"#0"},"west":{"uv":[6.3125,0,6.6875,0.75],"texture":"#0"},"up":{"uv":[0,0,0,0.375],"texture":"#0"},"down":{"uv":[0,0,0,0.375],"texture":"#0"}}},{"from":[3.7,1,-0.5],"to":[3.7,5,2.5],"rotation":{"angle":-45,"axis":"y","origin":[3.7,5.5,2.5]},"faces":{"north":{"uv":[0,0,0,0.5],"texture":"#missing"},"east":{"uv":[6.6875,0.75,6.3125,1.25],"texture":"#0"},"south":{"uv":[0,0,0,0.5],"texture":"#missing"},"west":{"uv":[6.3125,0.75,6.6875,1.25],"texture":"#0"},"up":{"uv":[0,0,0,0.375],"texture":"#missing"},"down":{"uv":[0,0,0,0.375],"texture":"#missing"}}},{"from":[12.3,1,-0.5],"to":[12.3,5,2.5],"rotation":{"angle":45,"axis":"y","origin":[12.3,5.5,2.5]},"faces":{"north":{"uv":[0,0,0,0.5],"texture":"#missing"},"east":{"uv":[6.6875,0.75,6.3125,1.25],"texture":"#0"},"south":{"uv":[0,0,0,0.5],"texture":"#missing"},"west":{"uv":[6.3125,0.75,6.6875,1.25],"texture":"#0"},"up":{"uv":[0,0,0,0.375],"texture":"#missing"},"down":{"uv":[0,0,0,0.375],"texture":"#missing"}}},{"from":[12.3,2,2.5],"to":[12.3,8,5.5],"rotation":{"angle":22.5,"axis":"y","origin":[12.3,5.5,2.5]},"faces":{"north":{"uv":[0,0,0,0.625],"texture":"#0"},"east":{"uv":[6.6875,0,6.3125,0.75],"texture":"#0"},"south":{"uv":[0,0,0,0.625],"texture":"#0"},"west":{"uv":[6.3125,0,6.6875,0.75],"texture":"#0"},"up":{"uv":[0,0,0,0.375],"texture":"#0"},"down":{"uv":[0,0,0,0.375],"texture":"#0"}}},{"from":[12.5,10.5,5.5],"to":[12.5,16.5,11.5],"rotation":{"angle":22.5,"axis":"y","origin":[12.5,13.5,5.5]},"faces":{"north":{"uv":[0,0,0,0.875],"texture":"#missing"},"east":{"uv":[5.375,0,4.625,0.75],"texture":"#0"},"south":{"uv":[0,0,0,0.875],"texture":"#missing"},"west":{"uv":[4.625,0,5.375,0.75],"texture":"#0"},"up":{"uv":[0,0,0,0.375],"texture":"#missing"},"down":{"uv":[0,0,0,0.375],"texture":"#missing"}}},{"from":[12.5,9.5,5.4],"to":[18.5,15.5,5.4],"rotation":{"angle":-22.5,"axis":"y","origin":[12.5,12.5,5.4]},"faces":{"north":{"uv":[5.375,0,4.625,0.75],"texture":"#0"},"east":{"uv":[0,0,0,0.875],"texture":"#missing"},"south":{"uv":[4.625,0,5.375,0.75],"texture":"#0"},"west":{"uv":[0,0,0,0.875],"texture":"#missing"},"up":{"uv":[0,0,0,0.375],"rotation":270,"texture":"#missing"},"down":{"uv":[0,0,0,0.375],"rotation":90,"texture":"#missing"}}},{"from":[3.5,10.5,5.5],"to":[3.5,16.5,11.5],"rotation":{"angle":-22.5,"axis":"y","origin":[3.5,13.5,5.5]},"faces":{"north":{"uv":[0,0,0,0.875],"texture":"#missing"},"east":{"uv":[5.375,0,4.625,0.75],"texture":"#0"},"south":{"uv":[0,0,0,0.875],"texture":"#missing"},"west":{"uv":[4.625,0,5.375,0.75],"texture":"#0"},"up":{"uv":[0,0,0,0.375],"texture":"#missing"},"down":{"uv":[0,0,0,0.375],"texture":"#missing"}}},{"from":[-2.5,9.5,5.4],"to":[3.5,15.5,5.4],"rotation":{"angle":22.5,"axis":"y","origin":[3.5,12.5,5.4]},"faces":{"north":{"uv":[4.625,0,5.375,0.75],"texture":"#0"},"east":{"uv":[0,0,0,0.875],"texture":"#missing"},"south":{"uv":[5.375,0,4.625,0.75],"texture":"#0"},"west":{"uv":[0,0,0,0.875],"texture":"#missing"},"up":{"uv":[0,0.375,0,0],"rotation":270,"texture":"#missing"},"down":{"uv":[0,0.375,0,0],"rotation":90,"texture":"#missing"}}},{"from":[3,5.3,5.5],"to":[13,8.3,12],"rotation":{"angle":22.5,"axis":"x","origin":[8,6.3,6.75]},"faces":{"north":{"uv":[7.25,4.75,7.625,6],"rotation":270,"texture":"#0"},"east":{"uv":[5.8125,6.6875,6.1875,5.875],"rotation":270,"texture":"#0"},"south":{"uv":[7.25,4.75,7.625,6],"rotation":270,"texture":"#0"},"west":{"uv":[5.8125,5.875,6.1875,6.6875],"rotation":270,"texture":"#0"},"up":{"uv":[6.4375,4.75,7.25,6],"rotation":270,"texture":"#0"},"down":{"uv":[7.25,3.5,6.4375,4.75],"rotation":270,"texture":"#0"}}}],"gui_light":"front","display":{"thirdperson_righthand":{"translation":[0,2.25,1],"scale":[0.4,0.4,0.4]},"thirdperson_lefthand":{"translation":[0,2.25,1],"scale":[0.4,0.4,0.4]},"firstperson_righthand":{"rotation":[16,26,0],"translation":[27.5,-6,-23.25],"scale":[1.35781,1.35781,1.35781]},"firstperson_lefthand":{"rotation":[16,26,0],"translation":[27.5,-6,-23.25],"scale":[1.35781,1.35781,1.35781]},"ground":{"translation":[0,6,0],"scale":[0.6,0.6,0.6]},"gui":{"rotation":[29,143,0],"translation":[-0.75,-0.5,-1.5],"scale":[0.78125,0.78125,0.78125]},"head":{"translation":[0,4.5,1.75],"scale":[1.5,1.5,1.5]},"fixed":{"translation":[0.75,1,-7.5],"scale":[1.61133,1.61133,1.61133]}}}