{"credit":"Made with Blockbench","texture_size":[128,128],"textures":{"0":"elitecreatures:valkyrie_animated_v2/valkyrie_texture","particle":"elitecreatures:valkyrie_animated_v2/valkyrie_texture"},"elements":[{"from":[7,-14,7],"to":[9,6,9],"rotation":{"angle":45,"axis":"y","origin":[8,-10,8]},"faces":{"north":{"uv":[3.625,2.625,3.375,5.125],"texture":"#0"},"east":{"uv":[3.375,2.625,3.625,5.125],"texture":"#0"},"south":{"uv":[3.625,2.625,3.375,5.125],"texture":"#0"},"west":{"uv":[3.375,2.625,3.625,5.125],"texture":"#0"},"up":{"uv":[2.1875,0,2.4375,0.25],"texture":"#0"},"down":{"uv":[2.1875,0,2.4375,0.25],"texture":"#0"}}},{"from":[6.5,-2.59505,8.76435],"to":[9.5,0.40495,8.76435],"rotation":{"angle":45,"axis":"x","origin":[7.5,7.7,4.5]},"faces":{"north":{"uv":[3.0625,1.125,3.4375,1.5],"texture":"#0"},"east":{"uv":[0,0,0,1.5],"texture":"#missing"},"south":{"uv":[3.0625,1.125,3.4375,1.5],"texture":"#0"},"west":{"uv":[0,0,0,1.5],"texture":"#missing"},"up":{"uv":[0,0,0.375,0],"texture":"#missing"},"down":{"uv":[0,0,0.375,0],"texture":"#missing"}}},{"from":[6.5,2.29791,3.50502],"to":[9.5,5.29791,3.50502],"rotation":{"angle":0,"axis":"y","origin":[7.5,7.7,4.5]},"faces":{"north":{"uv":[3.0625,0.375,3.4375,0.75],"texture":"#0"},"east":{"uv":[0,0,0,0.375],"texture":"#missing"},"south":{"uv":[3.0625,0.375,3.4375,0.75],"texture":"#0"},"west":{"uv":[0,0,0,0.375],"texture":"#missing"},"up":{"uv":[0,0,0.375,0],"texture":"#missing"},"down":{"uv":[0,0,0.375,0],"texture":"#missing"}}},{"from":[6.5,5.1,4.5],"to":[9.5,8.1,4.5],"rotation":{"angle":22.5,"axis":"x","origin":[7.5,7.7,4.5]},"faces":{"north":{"uv":[3.0625,0,3.4375,0.375],"texture":"#0"},"east":{"uv":[0,0,0,0.375],"texture":"#missing"},"south":{"uv":[3.0625,0,3.4375,0.375],"texture":"#0"},"west":{"uv":[0,0,0,0.375],"texture":"#missing"},"up":{"uv":[0,0,0.375,0],"texture":"#missing"},"down":{"uv":[0,0,0.375,0],"texture":"#missing"}}},{"from":[6.5,-0.67164,5.64805],"to":[9.5,2.32836,5.64805],"rotation":{"angle":22.5,"axis":"x","origin":[7.5,7.7,4.5]},"faces":{"north":{"uv":[3.0625,0.75,3.4375,1.125],"texture":"#0"},"east":{"uv":[0,0,0,0.375],"texture":"#missing"},"south":{"uv":[3.0625,0.75,3.4375,1.125],"texture":"#0"},"west":{"uv":[0,0,0,0.375],"texture":"#missing"},"up":{"uv":[0,0,0.375,0],"texture":"#missing"},"down":{"uv":[0,0,0.375,0],"texture":"#missing"}}},{"from":[5.75,6,8],"to":[10.25,10,12],"rotation":{"angle":-45,"axis":"x","origin":[8.7,6,8]},"faces":{"north":{"uv":[2.375,2.625,1.875,3.1875],"rotation":90,"texture":"#0"},"east":{"uv":[1,3.5,1.5,4],"rotation":90,"texture":"#0"},"south":{"uv":[2,3.5,1.5,4.0625],"rotation":90,"texture":"#0"},"west":{"uv":[1,4,1.5,3.5],"rotation":90,"texture":"#0"},"up":{"uv":[1.5,4.0625,2,3.5],"rotation":90,"texture":"#0"},"down":{"uv":[2.375,2.625,1.875,3.1875],"rotation":90,"texture":"#0"}}},{"from":[5.25,7.20711,8.5],"to":[10.75,9.20711,10.5],"rotation":{"angle":-45,"axis":"x","origin":[8.7,6.70711,8]},"faces":{"north":{"uv":[1.3125,4.25,0.625,4.5],"texture":"#0"},"east":{"uv":[2,3.625,2.25,3.875],"texture":"#0"},"south":{"uv":[1.3125,4.25,0.625,4],"texture":"#0"},"west":{"uv":[2.25,3.625,2,3.875],"texture":"#0"},"up":{"uv":[1.3125,4,0.625,4.25],"texture":"#0"},"down":{"uv":[1.3125,4.25,0.625,4.5],"texture":"#0"}}},{"from":[5.85,12.20711,5],"to":[4.85,9.20711,2],"rotation":{"angle":-45,"axis":"x","origin":[18.3,15.20711,8]},"faces":{"north":{"uv":[15.875,0,15.75,0.375],"texture":"#0"},"east":{"uv":[16,0,15.625,0.375],"texture":"#0"},"south":{"uv":[15.875,0,15.75,0.375],"texture":"#0"},"west":{"uv":[16,0,15.625,0.375],"texture":"#0"},"up":{"uv":[15.875,0,15.75,0.375],"texture":"#0"},"down":{"uv":[15.875,0,15.75,0.375],"texture":"#0"}}},{"from":[11.15,12.20711,5],"to":[10.15,9.20711,2],"rotation":{"angle":-45,"axis":"x","origin":[-2.3,15.20711,8]},"faces":{"north":{"uv":[15.75,0,15.875,0.375],"texture":"#0"},"east":{"uv":[15.625,0,16,0.375],"texture":"#0"},"south":{"uv":[15.75,0,15.875,0.375],"texture":"#0"},"west":{"uv":[15.625,0,16,0.375],"texture":"#0"},"up":{"uv":[15.75,0,15.875,0.375],"texture":"#0"},"down":{"uv":[15.75,0,15.875,0.375],"texture":"#0"}}},{"from":[7,-13.08922,-8.30421],"to":[9,-9.58922,-4.80421],"rotation":{"angle":-45,"axis":"x","origin":[7.7,3.21499,8]},"faces":{"north":{"uv":[2.4375,1.125,2.1875,1.5625],"texture":"#0"},"east":{"uv":[2,2.1875,2.4375,2.625],"texture":"#0"},"south":{"uv":[2.25,3.1875,2,3.625],"texture":"#0"},"west":{"uv":[2.4375,2.1875,2,2.625],"texture":"#0"},"up":{"uv":[2.25,3.1875,2,3.625],"texture":"#0"},"down":{"uv":[2.4375,1.125,2.1875,1.5625],"texture":"#0"}}},{"from":[9.5,-8.58922,-10.80421],"to":[6.5,-12.08922,-14.30421],"rotation":{"angle":-45,"axis":"x","origin":[10.2,10.21499,8]},"faces":{"north":{"uv":[15.9375,0,15.5625,0.4375],"texture":"#0"},"east":{"uv":[16,0,15.5625,0.4375],"texture":"#0"},"south":{"uv":[15.9375,0,15.5625,0.4375],"texture":"#0"},"west":{"uv":[16,0,15.5625,0.4375],"texture":"#0"},"up":{"uv":[15.9375,0,15.5625,0.4375],"texture":"#0"},"down":{"uv":[15.9375,0,15.5625,0.4375],"texture":"#0"}}},{"from":[6.5,-16,6.5],"to":[9.5,-14,9.5],"rotation":{"angle":45,"axis":"y","origin":[8,-15,8]},"faces":{"north":{"uv":[1.9375,1.5625,2.3125,1.8125],"texture":"#0"},"east":{"uv":[2.3125,1.5625,1.9375,1.8125],"texture":"#0"},"south":{"uv":[1.9375,1.5625,2.3125,1.8125],"texture":"#0"},"west":{"uv":[2.3125,1.5625,1.9375,1.8125],"texture":"#0"},"up":{"uv":[1.9375,1.8125,2.3125,2.1875],"texture":"#0"},"down":{"uv":[1.5,4.0625,1.875,4.4375],"texture":"#0"}}},{"from":[6.5,-1,6.5],"to":[9.5,1,9.5],"rotation":{"angle":45,"axis":"y","origin":[8,0,8]},"faces":{"north":{"uv":[1.9375,1.5625,2.3125,1.8125],"texture":"#0"},"east":{"uv":[2.3125,1.5625,1.9375,1.8125],"texture":"#0"},"south":{"uv":[1.9375,1.5625,2.3125,1.8125],"texture":"#0"},"west":{"uv":[2.3125,1.5625,1.9375,1.8125],"texture":"#0"},"up":{"uv":[1.9375,1.8125,2.3125,2.1875],"texture":"#0"},"down":{"uv":[1.5,4.0625,1.875,4.4375],"texture":"#0"}}},{"from":[6.75,5.5,6.75],"to":[9.25,7.5,9.25],"rotation":{"angle":45,"axis":"y","origin":[8,2.5,8]},"faces":{"north":{"uv":[1.6875,2.4375,1.375,2.1875],"texture":"#0"},"east":{"uv":[1.375,2.4375,1.6875,2.1875],"texture":"#0"},"south":{"uv":[1.6875,2.4375,1.375,2.1875],"texture":"#0"},"west":{"uv":[1.375,2.4375,1.6875,2.1875],"texture":"#0"},"up":{"uv":[2,2.5,1.6875,2.1875],"texture":"#0"},"down":{"uv":[2,2.5,1.6875,2.1875],"texture":"#0"}}},{"from":[8,-15.81371,3.81371],"to":[8,-9.81371,9.81371],"rotation":{"angle":-22.5,"axis":"x","origin":[6,1.5,19.5]},"faces":{"north":{"uv":[0,0,0,0.375],"rotation":180,"texture":"#missing"},"east":{"uv":[5.375,0,4.625,0.75],"rotation":270,"texture":"#0"},"south":{"uv":[0,0,0,0.375],"texture":"#missing"},"west":{"uv":[4.625,0,5.375,0.75],"rotation":90,"texture":"#0"},"up":{"uv":[0,0,0,0.875],"rotation":180,"texture":"#missing"},"down":{"uv":[0,0,0,0.875],"texture":"#missing"}}},{"from":[6.75,7.5,4.5],"to":[9.25,10.5,11.5],"rotation":{"angle":0,"axis":"y","origin":[8.3,0.88858,8.0625]},"faces":{"north":{"uv":[2.6875,4.875,3,4.5],"texture":"#0"},"east":{"uv":[0.8125,3,1.6875,2.625],"texture":"#0"},"south":{"uv":[2.6875,4.875,3,4.5],"texture":"#0"},"west":{"uv":[0.8125,3,1.6875,2.625],"texture":"#0"},"up":{"uv":[0,4,0.3125,3.125],"texture":"#0"},"down":{"uv":[0.3125,4,0.625,3.125],"texture":"#0"}}},{"from":[8,10,-1],"to":[8,16,5],"rotation":{"angle":-22.5,"axis":"y","origin":[8,13,5]},"faces":{"north":{"uv":[0,0,0,0.875],"texture":"#missing"},"east":{"uv":[4.625,0,5.375,0.75],"texture":"#0"},"south":{"uv":[0,0,0,0.875],"texture":"#missing"},"west":{"uv":[5.375,0,4.625,0.75],"texture":"#0"},"up":{"uv":[0,0.375,0,0],"texture":"#missing"},"down":{"uv":[0,0.375,0,0],"texture":"#missing"}}},{"from":[8,10,-1],"to":[8,16,5],"rotation":{"angle":22.5,"axis":"y","origin":[8,13,5]},"faces":{"north":{"uv":[0,0,0,0.875],"texture":"#missing"},"east":{"uv":[4.625,0,5.375,0.75],"texture":"#0"},"south":{"uv":[0,0,0,0.875],"texture":"#missing"},"west":{"uv":[5.375,0,4.625,0.75],"texture":"#0"},"up":{"uv":[0,0.375,0,0],"texture":"#missing"},"down":{"uv":[0,0.375,0,0],"texture":"#missing"}}},{"from":[7.2,10.5,3.5],"to":[8.7,13,12.5],"rotation":{"angle":0,"axis":"y","origin":[0,-1,0]},"faces":{"north":{"uv":[2.5,6.9375,2.6875,7.25],"texture":"#0"},"east":{"uv":[3.3125,6.875,4.4375,7.1875],"texture":"#0"},"south":{"uv":[2.5,6.9375,2.6875,7.25],"texture":"#0"},"west":{"uv":[3.3125,6.5625,4.4375,6.875],"texture":"#0"},"up":{"uv":[3.3125,7.1875,3.5,8.3125],"texture":"#0"},"down":{"uv":[3.5,7.1875,3.6875,8.3125],"texture":"#0"}}},{"from":[7.15,12.35,7.25],"to":[8.65,17.85,8.75],"rotation":{"angle":22.5,"axis":"z","origin":[7.1,12.8,8.1]},"faces":{"north":{"uv":[3.6875,7.1875,3.875,7.875],"texture":"#0"},"east":{"uv":[4.25,7.1875,4.0625,7.875],"texture":"#0"},"south":{"uv":[3.875,7.1875,3.6875,7.875],"texture":"#0"},"west":{"uv":[4.0625,7.1875,3.875,7.875],"texture":"#0"},"up":{"uv":[2.6875,6.75,2.5,6.9375],"texture":"#0"},"down":{"uv":[2.6875,6.75,2.5,6.9375],"texture":"#0"}}},{"from":[9.05,16.6,7.3],"to":[10.05,20.1,8.7],"rotation":{"angle":45,"axis":"z","origin":[7,12.8,7.8]},"faces":{"north":{"uv":[3.8125,7.875,3.6875,8.3125],"texture":"#0"},"east":{"uv":[4.425,7.625,4.25,8.0625],"texture":"#0"},"south":{"uv":[3.8125,7.875,3.6875,8.3125],"texture":"#0"},"west":{"uv":[4.425,7.1875,4.25,7.625],"texture":"#0"},"up":{"uv":[2.8125,7.0625,2.6875,7.25],"texture":"#0"},"down":{"uv":[2.8125,7.0625,2.6875,7.25],"texture":"#0"}}},{"from":[9.05,16.6,11],"to":[10.05,20.1,12.4],"rotation":{"angle":45,"axis":"z","origin":[7,12.8,11.5]},"faces":{"north":{"uv":[3.8125,7.875,3.6875,8.3125],"texture":"#0"},"east":{"uv":[4.425,7.625,4.25,8.0625],"texture":"#0"},"south":{"uv":[3.8125,7.875,3.6875,8.3125],"texture":"#0"},"west":{"uv":[4.425,7.1875,4.25,7.625],"texture":"#0"},"up":{"uv":[2.8125,7.0625,2.6875,7.25],"texture":"#0"},"down":{"uv":[2.8125,7.0625,2.6875,7.25],"texture":"#0"}}},{"from":[7.15,12.35,10.95],"to":[8.65,17.85,12.45],"rotation":{"angle":22.5,"axis":"z","origin":[7.1,12.8,11.8]},"faces":{"north":{"uv":[3.6875,7.1875,3.875,7.875],"texture":"#0"},"east":{"uv":[4.25,7.1875,4.0625,7.875],"texture":"#0"},"south":{"uv":[3.875,7.1875,3.6875,7.875],"texture":"#0"},"west":{"uv":[4.0625,7.1875,3.875,7.875],"texture":"#0"},"up":{"uv":[2.6875,6.75,2.5,6.9375],"texture":"#0"},"down":{"uv":[2.6875,6.75,2.5,6.9375],"texture":"#0"}}},{"from":[9.05,16.6,3.6],"to":[10.05,20.1,5],"rotation":{"angle":45,"axis":"z","origin":[7,12.8,4.5]},"faces":{"north":{"uv":[3.6875,7.875,3.8125,8.3125],"texture":"#0"},"east":{"uv":[4.25,7.625,4.425,8.0625],"texture":"#0"},"south":{"uv":[3.6875,7.875,3.8125,8.3125],"texture":"#0"},"west":{"uv":[4.25,7.1875,4.425,7.625],"texture":"#0"},"up":{"uv":[2.8125,7.25,2.6875,7.0625],"texture":"#0"},"down":{"uv":[2.8125,7.25,2.6875,7.0625],"texture":"#0"}}},{"from":[7.15,12.35,3.55],"to":[8.65,17.85,5.05],"rotation":{"angle":22.5,"axis":"z","origin":[7.1,12.8,4.2]},"faces":{"north":{"uv":[3.6875,7.1875,3.875,7.875],"texture":"#0"},"east":{"uv":[4.0625,7.1875,4.25,7.875],"texture":"#0"},"south":{"uv":[3.875,7.1875,3.6875,7.875],"texture":"#0"},"west":{"uv":[3.875,7.1875,4.0625,7.875],"texture":"#0"},"up":{"uv":[2.6875,6.9375,2.5,6.75],"texture":"#0"},"down":{"uv":[2.6875,6.9375,2.5,6.75],"texture":"#0"}}}],"gui_light":"front","display":{"thirdperson_righthand":{"translation":[0,8,1.5],"scale":[0.6,0.6,0.6]},"thirdperson_lefthand":{"translation":[0,8,1.5],"scale":[0.6,0.6,0.6]},"firstperson_righthand":{"rotation":[-10,7,2],"translation":[5.5,5.5,-4.25],"scale":[0.49453,0.49453,0.49453]},"firstperson_lefthand":{"rotation":[-10,7,2],"translation":[5.5,5.5,-4.25],"scale":[0.49453,0.49453,0.49453]},"ground":{"rotation":[0,0,90],"translation":[-3.25,3,0],"scale":[0.45,0.45,0.45]},"gui":{"rotation":[-90,-135,-90],"translation":[-2,2,-1.5],"scale":[0.45117,0.45117,0.45117]},"head":{"scale":[0,0,0]},"fixed":{"rotation":[-90,-90,-90],"translation":[0,12,-2.5],"scale":[1.2,1.2,1.2]}}}