{"credit":"Made with Blockbench","texture_size":[128,128],"textures":{"0":"elitecreatures:valkyrie_animated_v2/valkyrie_texture","particle":"elitecreatures:valkyrie_animated_v2/valkyrie_texture"},"elements":[{"from":[7,-14,7],"to":[9,-5,9],"rotation":{"angle":45,"axis":"y","origin":[8,-10,8]},"faces":{"north":{"uv":[2.4375,0,2.1875,1.125],"texture":"#0"},"east":{"uv":[2.1875,0,2.4375,1.125],"texture":"#0"},"south":{"uv":[2.4375,0,2.1875,1.125],"texture":"#0"},"west":{"uv":[2.1875,0,2.4375,1.125],"texture":"#0"},"up":{"uv":[2.1875,0,2.4375,0.25],"texture":"#0"},"down":{"uv":[2.1875,0,2.4375,0.25],"texture":"#0"}}},{"from":[5.75,-5,8],"to":[10.25,-1,12],"rotation":{"angle":-45,"axis":"x","origin":[8.7,-5,8]},"faces":{"north":{"uv":[2.375,2.625,1.875,3.1875],"rotation":90,"texture":"#0"},"east":{"uv":[1,3.5,1.5,4],"rotation":90,"texture":"#0"},"south":{"uv":[2,3.5,1.5,4.0625],"rotation":90,"texture":"#0"},"west":{"uv":[1,4,1.5,3.5],"rotation":90,"texture":"#0"},"up":{"uv":[1.5,4.0625,2,3.5],"rotation":90,"texture":"#0"},"down":{"uv":[2.375,2.625,1.875,3.1875],"rotation":90,"texture":"#0"}}},{"from":[5.25,-3.79289,8.5],"to":[10.75,-1.79289,10.5],"rotation":{"angle":-45,"axis":"x","origin":[8.7,-4.29289,8]},"faces":{"north":{"uv":[1.3125,4.25,0.625,4.5],"texture":"#0"},"east":{"uv":[2,3.625,2.25,3.875],"texture":"#0"},"south":{"uv":[1.3125,4.25,0.625,4],"texture":"#0"},"west":{"uv":[2.25,3.625,2,3.875],"texture":"#0"},"up":{"uv":[1.3125,4,0.625,4.25],"texture":"#0"},"down":{"uv":[1.3125,4.25,0.625,4.5],"texture":"#0"}}},{"from":[5.85,1.20711,5],"to":[4.85,-1.79289,2],"rotation":{"angle":-45,"axis":"x","origin":[18.3,4.20711,8]},"faces":{"north":{"uv":[15.875,0,15.75,0.375],"texture":"#0"},"east":{"uv":[16,0,15.625,0.375],"texture":"#0"},"south":{"uv":[15.875,0,15.75,0.375],"texture":"#0"},"west":{"uv":[16,0,15.625,0.375],"texture":"#0"},"up":{"uv":[15.875,0,15.75,0.375],"texture":"#0"},"down":{"uv":[15.875,0,15.75,0.375],"texture":"#0"}}},{"from":[11.15,1.20711,5],"to":[10.15,-1.79289,2],"rotation":{"angle":-45,"axis":"x","origin":[-2.3,4.20711,8]},"faces":{"north":{"uv":[15.75,0,15.875,0.375],"texture":"#0"},"east":{"uv":[15.625,0,16,0.375],"texture":"#0"},"south":{"uv":[15.75,0,15.875,0.375],"texture":"#0"},"west":{"uv":[15.625,0,16,0.375],"texture":"#0"},"up":{"uv":[15.75,0,15.875,0.375],"texture":"#0"},"down":{"uv":[15.75,0,15.875,0.375],"texture":"#0"}}},{"from":[7,-13.08922,-8.30421],"to":[9,-9.58922,-4.80421],"rotation":{"angle":-45,"axis":"x","origin":[7.7,3.21499,8]},"faces":{"north":{"uv":[2.4375,1.125,2.1875,1.5625],"texture":"#0"},"east":{"uv":[2,2.1875,2.4375,2.625],"texture":"#0"},"south":{"uv":[2.25,3.1875,2,3.625],"texture":"#0"},"west":{"uv":[2.4375,2.1875,2,2.625],"texture":"#0"},"up":{"uv":[2.25,3.1875,2,3.625],"texture":"#0"},"down":{"uv":[2.4375,1.125,2.1875,1.5625],"texture":"#0"}}},{"from":[9.5,-8.58922,-10.80421],"to":[6.5,-12.08922,-14.30421],"rotation":{"angle":-45,"axis":"x","origin":[10.2,10.21499,8]},"faces":{"north":{"uv":[15.9375,0,15.5625,0.4375],"texture":"#0"},"east":{"uv":[16,0,15.5625,0.4375],"texture":"#0"},"south":{"uv":[15.9375,0,15.5625,0.4375],"texture":"#0"},"west":{"uv":[16,0,15.5625,0.4375],"texture":"#0"},"up":{"uv":[15.9375,0,15.5625,0.4375],"texture":"#0"},"down":{"uv":[15.9375,0,15.5625,0.4375],"texture":"#0"}}},{"from":[6.5,-16,6.5],"to":[9.5,-14,9.5],"rotation":{"angle":45,"axis":"y","origin":[8,-15,8]},"faces":{"north":{"uv":[1.9375,1.5625,2.3125,1.8125],"texture":"#0"},"east":{"uv":[2.3125,1.5625,1.9375,1.8125],"texture":"#0"},"south":{"uv":[1.9375,1.5625,2.3125,1.8125],"texture":"#0"},"west":{"uv":[2.3125,1.5625,1.9375,1.8125],"texture":"#0"},"up":{"uv":[1.9375,1.8125,2.3125,2.1875],"texture":"#0"},"down":{"uv":[1.5,4.0625,1.875,4.4375],"texture":"#0"}}},{"from":[6.75,-3.5,4.5],"to":[9.25,-0.5,11.5],"rotation":{"angle":0,"axis":"y","origin":[8.3,-10.11142,8.0625]},"faces":{"north":{"uv":[2.6875,4.875,3,4.5],"texture":"#0"},"east":{"uv":[0.8125,3,1.6875,2.625],"texture":"#0"},"south":{"uv":[2.6875,4.875,3,4.5],"texture":"#0"},"west":{"uv":[0.8125,3,1.6875,2.625],"texture":"#0"},"up":{"uv":[0,4,0.3125,3.125],"texture":"#0"},"down":{"uv":[0.3125,4,0.625,3.125],"texture":"#0"}}},{"from":[6.75,-5.5,6.75],"to":[9.25,-3.5,9.25],"rotation":{"angle":45,"axis":"y","origin":[8,-8.5,8]},"faces":{"north":{"uv":[1.6875,2.4375,1.375,2.1875],"texture":"#0"},"east":{"uv":[1.375,2.4375,1.6875,2.1875],"texture":"#0"},"south":{"uv":[1.6875,2.4375,1.375,2.1875],"texture":"#0"},"west":{"uv":[1.375,2.4375,1.6875,2.1875],"texture":"#0"},"up":{"uv":[2,2.5,1.6875,2.1875],"texture":"#0"},"down":{"uv":[2,2.5,1.6875,2.1875],"texture":"#0"}}},{"from":[6.5,-12.17164,5.64805],"to":[9.5,-9.17164,5.64805],"rotation":{"angle":22.5,"axis":"x","origin":[7.5,-3.8,4.5]},"faces":{"north":{"uv":[3.0625,0.75,3.4375,1.125],"texture":"#0"},"east":{"uv":[0,0,0,0.375],"texture":"#missing"},"south":{"uv":[3.0625,0.75,3.4375,1.125],"texture":"#0"},"west":{"uv":[0,0,0,0.375],"texture":"#missing"},"up":{"uv":[0,0,0.375,0],"texture":"#missing"},"down":{"uv":[0,0,0.375,0],"texture":"#missing"}}},{"from":[6.5,-14.09505,8.76435],"to":[9.5,-11.09505,8.76435],"rotation":{"angle":45,"axis":"x","origin":[7.5,-3.8,4.5]},"faces":{"north":{"uv":[3.0625,1.125,3.4375,1.5],"texture":"#0"},"east":{"uv":[0,0,0,1.5],"texture":"#missing"},"south":{"uv":[3.0625,1.125,3.4375,1.5],"texture":"#0"},"west":{"uv":[0,0,0,1.5],"texture":"#missing"},"up":{"uv":[0,0,0.375,0],"texture":"#missing"},"down":{"uv":[0,0,0.375,0],"texture":"#missing"}}},{"from":[6.5,-9.20209,3.50502],"to":[9.5,-6.20209,3.50502],"rotation":{"angle":0,"axis":"y","origin":[7.5,-3.8,4.5]},"faces":{"north":{"uv":[3.0625,0.375,3.4375,0.75],"texture":"#0"},"east":{"uv":[0,0,0,0.375],"texture":"#missing"},"south":{"uv":[3.0625,0.375,3.4375,0.75],"texture":"#0"},"west":{"uv":[0,0,0,0.375],"texture":"#missing"},"up":{"uv":[0,0,0.375,0],"texture":"#missing"},"down":{"uv":[0,0,0.375,0],"texture":"#missing"}}},{"from":[6.5,-6.4,4.5],"to":[9.5,-3.4,4.5],"rotation":{"angle":22.5,"axis":"x","origin":[7.5,-3.8,4.5]},"faces":{"north":{"uv":[3.0625,0,3.4375,0.375],"texture":"#0"},"east":{"uv":[0,0,0,0.375],"texture":"#missing"},"south":{"uv":[3.0625,0,3.4375,0.375],"texture":"#0"},"west":{"uv":[0,0,0,0.375],"texture":"#missing"},"up":{"uv":[0,0,0.375,0],"texture":"#missing"},"down":{"uv":[0,0,0.375,0],"texture":"#missing"}}},{"from":[8,-1,-1],"to":[8,5,5],"rotation":{"angle":-22.5,"axis":"y","origin":[8,2,5]},"faces":{"north":{"uv":[0,0,0,0.875],"texture":"#missing"},"east":{"uv":[4.625,0,5.375,0.75],"texture":"#0"},"south":{"uv":[0,0,0,0.875],"texture":"#missing"},"west":{"uv":[5.375,0,4.625,0.75],"texture":"#0"},"up":{"uv":[0,0.375,0,0],"texture":"#missing"},"down":{"uv":[0,0.375,0,0],"texture":"#missing"}}},{"from":[8,-1,-1],"to":[8,5,5],"rotation":{"angle":22.5,"axis":"y","origin":[8,2,5]},"faces":{"north":{"uv":[0,0,0,0.875],"texture":"#missing"},"east":{"uv":[4.625,0,5.375,0.75],"texture":"#0"},"south":{"uv":[0,0,0,0.875],"texture":"#missing"},"west":{"uv":[5.375,0,4.625,0.75],"texture":"#0"},"up":{"uv":[0,0.375,0,0],"texture":"#missing"},"down":{"uv":[0,0.375,0,0],"texture":"#missing"}}},{"from":[8,-15.81371,3.81371],"to":[8,-9.81371,9.81371],"rotation":{"angle":-22.5,"axis":"x","origin":[6,1.5,19.5]},"faces":{"north":{"uv":[0,0,0,0.375],"rotation":180,"texture":"#missing"},"east":{"uv":[5.375,0,4.625,0.75],"rotation":270,"texture":"#0"},"south":{"uv":[0,0,0,0.375],"texture":"#missing"},"west":{"uv":[4.625,0,5.375,0.75],"rotation":90,"texture":"#0"},"up":{"uv":[0,0,0,0.875],"rotation":180,"texture":"#missing"},"down":{"uv":[0,0,0,0.875],"texture":"#missing"}}},{"from":[7.25,-0.5,6.75],"to":[8.75,11.5,9.25],"rotation":{"angle":0,"axis":"y","origin":[0.2,-5.5,0.4]},"faces":{"north":{"uv":[9.5,12.625,9.6875,14.125],"texture":"#0"},"east":{"uv":[9.1875,12.625,9.5,14.125],"texture":"#0"},"south":{"uv":[9.5,12.625,9.6875,14.125],"texture":"#0"},"west":{"uv":[9.1875,12.625,9.5,14.125],"texture":"#0"},"up":{"uv":[8.1875,14.25,8.375,14.5625],"texture":"#0"},"down":{"uv":[8.1875,14.25,8.375,14.5625],"texture":"#0"}}},{"from":[7.5,7.5,3],"to":[8.5,11,7],"rotation":{"angle":0,"axis":"y","origin":[-0.2,-7,0.1]},"faces":{"north":{"uv":[6.3125,10.5,6.4375,10.9375],"texture":"#0"},"east":{"uv":[6.9375,10.5,6.4375,10.9375],"texture":"#0"},"south":{"uv":[6.3125,10.5,6.4375,10.9375],"texture":"#0"},"west":{"uv":[6.4375,10.5,6.9375,10.9375],"texture":"#0"},"up":{"uv":[6.8125,10.9375,6.9375,11.4375],"texture":"#0"},"down":{"uv":[6.75,11.75,6.875,12.25],"texture":"#0"}}},{"from":[7.5,4.5,3],"to":[8.5,6.5,7],"rotation":{"angle":0,"axis":"y","origin":[-0.2,-12.5,0.1]},"faces":{"north":{"uv":[6.8125,11.1875,6.6875,11.4375],"texture":"#0"},"east":{"uv":[6.3125,10.9375,6.8125,11.1875],"texture":"#0"},"south":{"uv":[6.8125,11.1875,6.6875,11.4375],"texture":"#0"},"west":{"uv":[6.8125,10.9375,6.3125,11.1875],"texture":"#0"},"up":{"uv":[6.75,12.25,6.625,11.75],"texture":"#0"},"down":{"uv":[7.125,11.1875,7,11.6875],"texture":"#0"}}}],"gui_light":"front","display":{"thirdperson_righthand":{"translation":[0,5.75,1.5],"scale":[0.46133,0.46133,0.46133]},"thirdperson_lefthand":{"translation":[0,5.75,1.5],"scale":[0.46133,0.46133,0.46133]},"firstperson_righthand":{"rotation":[-54,0,0],"translation":[0.5,5,0],"scale":[0.2875,0.2875,0.2875]},"firstperson_lefthand":{"rotation":[-54,0,0],"translation":[0.5,5,0],"scale":[0.2875,0.2875,0.2875]},"ground":{"rotation":[0,0,90],"translation":[-5.75,3,0],"scale":[0.45,0.45,0.45]},"gui":{"rotation":[90,90,-90],"translation":[0.25,6,-1.5],"scale":[0.46875,0.46875,0.46875]},"head":{"scale":[0,0,0]},"fixed":{"rotation":[-90,-90,-90],"translation":[0,12,-2.25]}}}