{"credit":"Made with Blockbench","textures":{"0":"elitecreatures:valkyrie_animated_v2/valkyrie_texture","1":"elitecreatures:valkyrie_animated_v2/valkyrie_animation","particle":"elitecreatures:valkyrie_animated_v2/valkyrie_texture"},"elements":[{"from":[7,-14,7],"to":[9,6,9],"rotation":{"angle":45,"axis":"y","origin":[8,-10,8]},"faces":{"north":{"uv":[3.625,2.625,3.375,5.125],"texture":"#0"},"east":{"uv":[3.375,2.625,3.625,5.125],"texture":"#0"},"south":{"uv":[3.625,2.625,3.375,5.125],"texture":"#0"},"west":{"uv":[3.375,2.625,3.625,5.125],"texture":"#0"},"up":{"uv":[2.1875,0,2.4375,0.25],"texture":"#0"},"down":{"uv":[2.1875,0,2.4375,0.25],"texture":"#0"}}},{"from":[6.5,-0.06435,-7.79505],"to":[9.5,-0.06435,-4.79505],"rotation":{"angle":-22.5,"axis":"x","origin":[7.5,4.2,2.5]},"faces":{"north":{"uv":[0,0,0.375,0],"rotation":180,"texture":"#missing"},"east":{"uv":[0,0,0,1.5],"rotation":270,"texture":"#missing"},"south":{"uv":[0,0,0.375,0],"texture":"#missing"},"west":{"uv":[0,0,0,1.5],"rotation":90,"texture":"#missing"},"up":{"uv":[3.0625,1.125,3.4375,1.5],"rotation":180,"texture":"#0"},"down":{"uv":[3.0625,1.125,3.4375,1.5],"texture":"#0"}}},{"from":[6.5,-1.20209,1.50502],"to":[9.5,1.79791,1.50502],"rotation":{"angle":22.5,"axis":"x","origin":[7.5,4.2,2.5]},"faces":{"north":{"uv":[3.0625,0.375,3.4375,0.75],"texture":"#0"},"east":{"uv":[0,0,0,0.375],"texture":"#missing"},"south":{"uv":[3.0625,0.375,3.4375,0.75],"texture":"#0"},"west":{"uv":[0,0,0,0.375],"texture":"#missing"},"up":{"uv":[0,0,0.375,0],"texture":"#missing"},"down":{"uv":[0,0,0.375,0],"texture":"#missing"}}},{"from":[6.5,1.6,2.5],"to":[9.5,4.6,2.5],"rotation":{"angle":45,"axis":"x","origin":[7.5,4.2,2.5]},"faces":{"north":{"uv":[3.0625,0,3.4375,0.375],"texture":"#0"},"east":{"uv":[0,0,0,0.375],"texture":"#missing"},"south":{"uv":[3.0625,0,3.4375,0.375],"texture":"#0"},"west":{"uv":[0,0,0,0.375],"texture":"#missing"},"up":{"uv":[0,0,0.375,0],"texture":"#missing"},"down":{"uv":[0,0,0.375,0],"texture":"#missing"}}},{"from":[6.5,-4.17164,3.64805],"to":[9.5,-1.17164,3.64805],"rotation":{"angle":45,"axis":"x","origin":[7.5,4.2,2.5]},"faces":{"north":{"uv":[3.0625,0.75,3.4375,1.125],"texture":"#0"},"east":{"uv":[0,0,0,0.375],"texture":"#missing"},"south":{"uv":[3.0625,0.75,3.4375,1.125],"texture":"#0"},"west":{"uv":[0,0,0,0.375],"texture":"#missing"},"up":{"uv":[0,0,0.375,0],"texture":"#missing"},"down":{"uv":[0,0,0.375,0],"texture":"#missing"}}},{"from":[7,-13.08922,-8.30421],"to":[9,-9.58922,-4.80421],"rotation":{"angle":-45,"axis":"x","origin":[7.7,3.21499,8]},"faces":{"north":{"uv":[2.4375,1.125,2.1875,1.5625],"texture":"#0"},"east":{"uv":[2,2.1875,2.4375,2.625],"texture":"#0"},"south":{"uv":[2.25,3.1875,2,3.625],"texture":"#0"},"west":{"uv":[2.4375,2.1875,2,2.625],"texture":"#0"},"up":{"uv":[2.25,3.1875,2,3.625],"texture":"#0"},"down":{"uv":[2.4375,1.125,2.1875,1.5625],"texture":"#0"}}},{"from":[9.5,-8.58922,-10.80421],"to":[6.5,-12.08922,-14.30421],"rotation":{"angle":-45,"axis":"x","origin":[10.2,10.21499,8]},"faces":{"north":{"uv":[15.9375,0,15.5625,0.4375],"texture":"#0"},"east":{"uv":[16,0,15.5625,0.4375],"texture":"#0"},"south":{"uv":[15.9375,0,15.5625,0.4375],"texture":"#0"},"west":{"uv":[16,0,15.5625,0.4375],"texture":"#0"},"up":{"uv":[15.9375,0,15.5625,0.4375],"texture":"#0"},"down":{"uv":[15.9375,0,15.5625,0.4375],"texture":"#0"}}},{"from":[7,13.58922,-8.30421],"to":[9,17.08922,-4.80421],"rotation":{"angle":45,"axis":"x","origin":[7.7,0.78501,8]},"faces":{"north":{"uv":[2.4375,1.5625,2.1875,1.125],"texture":"#0"},"east":{"uv":[2,2.625,2.4375,2.1875],"texture":"#0"},"south":{"uv":[2.25,3.625,2,3.1875],"texture":"#0"},"west":{"uv":[2.4375,2.625,2,2.1875],"texture":"#0"},"up":{"uv":[2.4375,1.5625,2.1875,1.125],"texture":"#0"},"down":{"uv":[2.25,3.625,2,3.1875],"texture":"#0"}}},{"from":[9.5,16.08922,-10.80421],"to":[6.5,12.58922,-14.30421],"rotation":{"angle":45,"axis":"x","origin":[10.2,-6.21499,8]},"faces":{"north":{"uv":[15.9375,0.4375,15.5625,0],"texture":"#0"},"east":{"uv":[16,0.4375,15.5625,0],"texture":"#0"},"south":{"uv":[15.9375,0.4375,15.5625,0],"texture":"#0"},"west":{"uv":[16,0.4375,15.5625,0],"texture":"#0"},"up":{"uv":[15.9375,0.4375,15.5625,0],"texture":"#0"},"down":{"uv":[15.9375,0.4375,15.5625,0],"texture":"#0"}}},{"from":[6.5,-16,6.5],"to":[9.5,-14,9.5],"rotation":{"angle":45,"axis":"y","origin":[8,-15,8]},"faces":{"north":{"uv":[1.9375,1.5625,2.3125,1.8125],"texture":"#0"},"east":{"uv":[2.3125,1.5625,1.9375,1.8125],"texture":"#0"},"south":{"uv":[1.9375,1.5625,2.3125,1.8125],"texture":"#0"},"west":{"uv":[2.3125,1.5625,1.9375,1.8125],"texture":"#0"},"up":{"uv":[1.9375,1.8125,2.3125,2.1875],"texture":"#0"},"down":{"uv":[1.5,4.0625,1.875,4.4375],"texture":"#0"}}},{"from":[6.5,18,6.5],"to":[9.5,20,9.5],"rotation":{"angle":45,"axis":"y","origin":[8,19,8]},"faces":{"north":{"uv":[1.9375,1.5625,2.3125,1.8125],"texture":"#0"},"east":{"uv":[2.3125,1.5625,1.9375,1.8125],"texture":"#0"},"south":{"uv":[1.9375,1.5625,2.3125,1.8125],"texture":"#0"},"west":{"uv":[2.3125,1.5625,1.9375,1.8125],"texture":"#0"},"up":{"uv":[1.9375,1.8125,2.3125,2.1875],"texture":"#0"},"down":{"uv":[1.5,4.0625,1.875,4.4375],"texture":"#0"}}},{"from":[6.5,-1,6.5],"to":[9.5,1,9.5],"rotation":{"angle":45,"axis":"y","origin":[8,0,8]},"faces":{"north":{"uv":[1.9375,1.5625,2.3125,1.8125],"texture":"#0"},"east":{"uv":[2.3125,1.5625,1.9375,1.8125],"texture":"#0"},"south":{"uv":[1.9375,1.5625,2.3125,1.8125],"texture":"#0"},"west":{"uv":[2.3125,1.5625,1.9375,1.8125],"texture":"#0"},"up":{"uv":[1.9375,1.8125,2.3125,2.1875],"texture":"#0"},"down":{"uv":[1.5,4.0625,1.875,4.4375],"texture":"#0"}}},{"from":[8,-15.81371,3.81371],"to":[8,-9.81371,9.81371],"rotation":{"angle":-22.5,"axis":"x","origin":[6,1.5,19.5]},"faces":{"north":{"uv":[0,0,0,0.375],"rotation":180,"texture":"#missing"},"east":{"uv":[5.375,0,4.625,0.75],"rotation":270,"texture":"#0"},"south":{"uv":[0,0,0,0.375],"texture":"#missing"},"west":{"uv":[4.625,0,5.375,0.75],"rotation":90,"texture":"#0"},"up":{"uv":[0,0,0,0.875],"rotation":180,"texture":"#missing"},"down":{"uv":[0,0,0,0.875],"texture":"#missing"}}},{"from":[4.5,1,4.5],"to":[11.5,19,11.5],"rotation":{"angle":45,"axis":"y","origin":[8,10,8]},"faces":{"north":{"uv":[3.875,8.25,4.75,10.5],"texture":"#0"},"east":{"uv":[4.75,8.25,3.875,10.5],"texture":"#0"},"south":{"uv":[5.75,8.25,6.625,10.5],"texture":"#0"},"west":{"uv":[6.625,8.25,5.75,10.5],"texture":"#0"},"up":{"uv":[4.75,8.25,5.625,9.125],"texture":"#0"},"down":{"uv":[6.625,8.625,7.5,9.5],"texture":"#0"}}},{"from":[8,19,0.5],"to":[8,25,6.5],"rotation":{"angle":22.5,"axis":"y","origin":[8,22,6.5]},"faces":{"north":{"uv":[0,0,0,0.875],"texture":"#missing"},"east":{"uv":[4.625,0,5.375,0.75],"texture":"#0"},"south":{"uv":[0,0,0,0.875],"texture":"#missing"},"west":{"uv":[5.375,0,4.625,0.75],"texture":"#0"},"up":{"uv":[0,0.375,0,0],"texture":"#missing"},"down":{"uv":[0,0.375,0,0],"texture":"#missing"}}},{"from":[8,19,0.5],"to":[8,25,6.5],"rotation":{"angle":-22.5,"axis":"y","origin":[8,22,6.5]},"faces":{"north":{"uv":[0,0,0,0.875],"texture":"#missing"},"east":{"uv":[4.625,0,5.375,0.75],"texture":"#0"},"south":{"uv":[0,0,0,0.875],"texture":"#missing"},"west":{"uv":[5.375,0,4.625,0.75],"texture":"#0"},"up":{"uv":[0,0.375,0,0],"texture":"#missing"},"down":{"uv":[0,0.375,0,0],"texture":"#missing"}}},{"from":[13.65685,13,8],"to":[17.65685,16,8],"rotation":{"angle":0,"axis":"y","origin":[8,10,8]},"faces":{"north":{"uv":[4.25,1.5,3.75,1.875],"texture":"#0"},"east":{"uv":[4.75,9.125,5.75,9.5],"texture":"#0"},"south":{"uv":[3.75,1.5,4.25,1.875],"texture":"#0"},"west":{"uv":[4.75,9.125,5.75,9.5],"texture":"#0"},"up":{"uv":[4.75,9.5,5.75,10.5],"rotation":90,"texture":"#0"},"down":{"uv":[6.625,9.5,7.625,10.5],"rotation":270,"texture":"#0"}}},{"from":[-1.65685,13,8],"to":[2.34315,16,8],"rotation":{"angle":0,"axis":"y","origin":[8,10,8]},"faces":{"north":{"uv":[3.75,1.5,4.25,1.875],"texture":"#0"},"east":{"uv":[5.75,9.125,4.75,9.5],"texture":"#0"},"south":{"uv":[4.25,1.5,3.75,1.875],"texture":"#0"},"west":{"uv":[5.75,9.125,4.75,9.5],"texture":"#0"},"up":{"uv":[4.75,10.5,5.75,9.5],"rotation":90,"texture":"#0"},"down":{"uv":[6.625,10.5,7.625,9.5],"rotation":270,"texture":"#0"}}},{"from":[-1.65685,4,8],"to":[2.34315,7,8],"rotation":{"angle":0,"axis":"y","origin":[8,10,8]},"faces":{"north":{"uv":[3.75,1.5,4.25,1.875],"texture":"#0"},"east":{"uv":[5.75,9.125,4.75,9.5],"texture":"#0"},"south":{"uv":[4.25,1.5,3.75,1.875],"texture":"#0"},"west":{"uv":[5.75,9.125,4.75,9.5],"texture":"#0"},"up":{"uv":[4.75,10.5,5.75,9.5],"rotation":90,"texture":"#0"},"down":{"uv":[6.625,10.5,7.625,9.5],"rotation":270,"texture":"#0"}}},{"from":[13.65685,4,8],"to":[17.65685,7,8],"rotation":{"angle":0,"axis":"y","origin":[8,10,8]},"faces":{"north":{"uv":[4.25,1.5,3.75,1.875],"texture":"#0"},"east":{"uv":[4.75,9.125,5.75,9.5],"texture":"#0"},"south":{"uv":[3.75,1.5,4.25,1.875],"texture":"#0"},"west":{"uv":[4.75,9.125,5.75,9.5],"texture":"#0"},"up":{"uv":[4.75,9.5,5.75,10.5],"rotation":90,"texture":"#0"},"down":{"uv":[6.625,9.5,7.625,10.5],"rotation":270,"texture":"#0"}}},{"from":[8,4,13.65685],"to":[8,7,17.65685],"rotation":{"angle":0,"axis":"y","origin":[8,10,8]},"faces":{"north":{"uv":[5.75,9.125,4.75,9.5],"texture":"#0"},"east":{"uv":[4.25,1.5,3.75,1.875],"texture":"#0"},"south":{"uv":[5.75,9.125,4.75,9.5],"texture":"#0"},"west":{"uv":[3.75,1.5,4.25,1.875],"texture":"#0"},"up":{"uv":[4.75,10.5,5.75,9.5],"texture":"#0"},"down":{"uv":[6.625,10.5,7.625,9.5],"texture":"#0"}}},{"from":[8,4,-1.65685],"to":[8,7,2.34315],"rotation":{"angle":0,"axis":"y","origin":[8,10,8]},"faces":{"north":{"uv":[4.75,9.125,5.75,9.5],"texture":"#0"},"east":{"uv":[3.75,1.5,4.25,1.875],"texture":"#0"},"south":{"uv":[4.75,9.125,5.75,9.5],"texture":"#0"},"west":{"uv":[4.25,1.5,3.75,1.875],"texture":"#0"},"up":{"uv":[4.75,9.5,5.75,10.5],"texture":"#0"},"down":{"uv":[6.625,9.5,7.625,10.5],"texture":"#0"}}},{"from":[8,13,13.65685],"to":[8,16,17.65685],"rotation":{"angle":0,"axis":"y","origin":[8,10,8]},"faces":{"north":{"uv":[5.75,9.125,4.75,9.5],"texture":"#0"},"east":{"uv":[4.25,1.5,3.75,1.875],"texture":"#0"},"south":{"uv":[5.75,9.125,4.75,9.5],"texture":"#0"},"west":{"uv":[3.75,1.5,4.25,1.875],"texture":"#0"},"up":{"uv":[4.75,10.5,5.75,9.5],"texture":"#0"},"down":{"uv":[6.625,10.5,7.625,9.5],"texture":"#0"}}},{"from":[8,13,-1.65685],"to":[8,16,2.34315],"rotation":{"angle":0,"axis":"y","origin":[8,10,8]},"faces":{"north":{"uv":[4.75,9.125,5.75,9.5],"texture":"#0"},"east":{"uv":[3.75,1.5,4.25,1.875],"texture":"#0"},"south":{"uv":[4.75,9.125,5.75,9.5],"texture":"#0"},"west":{"uv":[4.25,1.5,3.75,1.875],"texture":"#0"},"up":{"uv":[4.75,9.5,5.75,10.5],"texture":"#0"},"down":{"uv":[6.625,9.5,7.625,10.5],"texture":"#0"}}},{"from":[4,13,4],"to":[12,16,12],"rotation":{"angle":45,"axis":"y","origin":[8,14.5,8]},"faces":{"north":{"uv":[4.75,9.125,5.75,9.5],"texture":"#0"},"east":{"uv":[5.75,9.125,4.75,9.5],"texture":"#0"},"south":{"uv":[4.75,9.125,5.75,9.5],"texture":"#0"},"west":{"uv":[5.75,9.125,4.75,9.5],"texture":"#0"},"up":{"uv":[4.75,9.5,5.75,10.5],"texture":"#0"},"down":{"uv":[6.625,9.5,7.625,10.5],"texture":"#0"}}},{"from":[10,8.8,11],"to":[10,19.8,20],"rotation":{"angle":22.5,"axis":"y","origin":[10,9.8,12]},"faces":{"north":{"uv":[0,0,0,1],"texture":"#missing"},"east":{"uv":[4.625,0,3.5,1.375],"texture":"#0"},"south":{"uv":[0,0,0,1],"texture":"#missing"},"west":{"uv":[3.5,0,4.625,1.375],"texture":"#0"},"up":{"uv":[0,0,0,0.875],"texture":"#missing"},"down":{"uv":[0,0,0,0.875],"texture":"#missing"}}},{"from":[6,8.8,11],"to":[6,19.8,20],"rotation":{"angle":-22.5,"axis":"y","origin":[6,9.8,12]},"faces":{"north":{"uv":[0,0,0,1],"texture":"#missing"},"east":{"uv":[4.625,0,3.5,1.375],"texture":"#0"},"south":{"uv":[0,0,0,1],"texture":"#missing"},"west":{"uv":[3.5,0,4.625,1.375],"texture":"#0"},"up":{"uv":[0,0,0,0.875],"texture":"#missing"},"down":{"uv":[0,0,0,0.875],"texture":"#missing"}}},{"from":[4,4,4],"to":[12,7,12],"rotation":{"angle":45,"axis":"y","origin":[8,5.5,8]},"faces":{"north":{"uv":[4.75,9.125,5.75,9.5],"texture":"#0"},"east":{"uv":[5.75,9.125,4.75,9.5],"texture":"#0"},"south":{"uv":[4.75,9.125,5.75,9.5],"texture":"#0"},"west":{"uv":[5.75,9.125,4.75,9.5],"texture":"#0"},"up":{"uv":[4.75,9.5,5.75,10.5],"texture":"#0"},"down":{"uv":[6.625,9.5,7.625,10.5],"texture":"#0"}}},{"from":[2,5,1.5],"to":[2,15,14.5],"rotation":{"angle":0,"axis":"y","origin":[1,6,-11]},"faces":{"north":{"uv":[0,0,0,0.625],"texture":"#missing"},"east":{"uv":[0,0,13,10],"texture":"#1"},"south":{"uv":[0,0,0,0.625],"texture":"#missing"},"west":{"uv":[0,0,13,10],"texture":"#1"},"up":{"uv":[0,1.25,0,0],"texture":"#missing"},"down":{"uv":[0,0,0,1.25],"texture":"#missing"}}},{"from":[14,5,1.5],"to":[14,15,14.5],"rotation":{"angle":0,"axis":"y","origin":[15,6,-11]},"faces":{"north":{"uv":[0,0,0,0.625],"texture":"#missing"},"east":{"uv":[13,0,0,10],"texture":"#1"},"south":{"uv":[0,0,0,0.625],"texture":"#missing"},"west":{"uv":[13,0,0,10],"texture":"#1"},"up":{"uv":[0,1.25,0,0],"texture":"#missing"},"down":{"uv":[0,0,0,1.25],"texture":"#missing"}}}],"gui_light":"front","display":{"thirdperson_righthand":{"translation":[0,7.75,1.5],"scale":[0.6,0.6,0.6]},"thirdperson_lefthand":{"translation":[0,7.75,1.5],"scale":[0.6,0.6,0.6]},"firstperson_righthand":{"rotation":[-10,7,2],"translation":[5.5,6.75,-4.25],"scale":[0.49453,0.49453,0.49453]},"firstperson_lefthand":{"rotation":[-10,7,2],"translation":[5.5,6.75,-4.25],"scale":[0.49453,0.49453,0.49453]},"ground":{"rotation":[0,0,90],"translation":[-3,5,0],"scale":[0.45,0.45,0.45]},"gui":{"rotation":[-90,-135,-90],"translation":[-2,2,-1.5],"scale":[0.45117,0.45117,0.45117]},"head":{"scale":[0,0,0]},"fixed":{"rotation":[-90,-90,-90],"translation":[0,12,-2.5],"scale":[1.2,1.2,1.2]}}}