{"credit":"Made with Blockbench","texture_size":[128,128],"textures":{"0":"elitecreatures:valkyrie_animated_v2/valkyrie_texture","particle":"elitecreatures:valkyrie_animated_v2/valkyrie_texture"},"elements":[{"from":[7,-14,7],"to":[9,6,9],"rotation":{"angle":45,"axis":"y","origin":[8,-10,8]},"faces":{"north":{"uv":[3.625,2.625,3.375,5.125],"texture":"#0"},"east":{"uv":[3.375,2.625,3.625,5.125],"texture":"#0"},"south":{"uv":[3.625,2.625,3.375,5.125],"texture":"#0"},"west":{"uv":[3.375,2.625,3.625,5.125],"texture":"#0"},"up":{"uv":[2.1875,0,2.4375,0.25],"texture":"#0"},"down":{"uv":[2.1875,0,2.4375,0.25],"texture":"#0"}}},{"from":[5.75,6,8],"to":[10.25,10,12],"rotation":{"angle":-45,"axis":"x","origin":[8.7,6,8]},"faces":{"north":{"uv":[2.375,2.625,1.875,3.1875],"rotation":90,"texture":"#0"},"east":{"uv":[1,3.5,1.5,4],"rotation":90,"texture":"#0"},"south":{"uv":[2,3.5,1.5,4.0625],"rotation":90,"texture":"#0"},"west":{"uv":[1,4,1.5,3.5],"rotation":90,"texture":"#0"},"up":{"uv":[1.5,4.0625,2,3.5],"rotation":90,"texture":"#0"},"down":{"uv":[2.375,2.625,1.875,3.1875],"rotation":90,"texture":"#0"}}},{"from":[5.25,7.20711,8.5],"to":[10.75,9.20711,10.5],"rotation":{"angle":-45,"axis":"x","origin":[8.7,6.70711,8]},"faces":{"north":{"uv":[1.3125,4.25,0.625,4.5],"texture":"#0"},"east":{"uv":[2,3.625,2.25,3.875],"texture":"#0"},"south":{"uv":[1.3125,4.25,0.625,4],"texture":"#0"},"west":{"uv":[2.25,3.625,2,3.875],"texture":"#0"},"up":{"uv":[1.3125,4,0.625,4.25],"texture":"#0"},"down":{"uv":[1.3125,4.25,0.625,4.5],"texture":"#0"}}},{"from":[5.85,12.20711,5],"to":[4.85,9.20711,2],"rotation":{"angle":-45,"axis":"x","origin":[18.3,15.20711,8]},"faces":{"north":{"uv":[15.875,0,15.75,0.375],"texture":"#0"},"east":{"uv":[16,0,15.625,0.375],"texture":"#0"},"south":{"uv":[15.875,0,15.75,0.375],"texture":"#0"},"west":{"uv":[16,0,15.625,0.375],"texture":"#0"},"up":{"uv":[15.875,0,15.75,0.375],"texture":"#0"},"down":{"uv":[15.875,0,15.75,0.375],"texture":"#0"}}},{"from":[11.15,12.20711,5],"to":[10.15,9.20711,2],"rotation":{"angle":-45,"axis":"x","origin":[-2.3,15.20711,8]},"faces":{"north":{"uv":[15.75,0,15.875,0.375],"texture":"#0"},"east":{"uv":[15.625,0,16,0.375],"texture":"#0"},"south":{"uv":[15.75,0,15.875,0.375],"texture":"#0"},"west":{"uv":[15.625,0,16,0.375],"texture":"#0"},"up":{"uv":[15.75,0,15.875,0.375],"texture":"#0"},"down":{"uv":[15.75,0,15.875,0.375],"texture":"#0"}}},{"from":[7,-13.08922,-8.30421],"to":[9,-9.58922,-4.80421],"rotation":{"angle":-45,"axis":"x","origin":[7.7,3.21499,8]},"faces":{"north":{"uv":[2.4375,1.125,2.1875,1.5625],"texture":"#0"},"east":{"uv":[2,2.1875,2.4375,2.625],"texture":"#0"},"south":{"uv":[2.25,3.1875,2,3.625],"texture":"#0"},"west":{"uv":[2.4375,2.1875,2,2.625],"texture":"#0"},"up":{"uv":[2.25,3.1875,2,3.625],"texture":"#0"},"down":{"uv":[2.4375,1.125,2.1875,1.5625],"texture":"#0"}}},{"from":[9.5,-8.58922,-10.80421],"to":[6.5,-12.08922,-14.30421],"rotation":{"angle":-45,"axis":"x","origin":[10.2,10.21499,8]},"faces":{"north":{"uv":[15.9375,0,15.5625,0.4375],"texture":"#0"},"east":{"uv":[16,0,15.5625,0.4375],"texture":"#0"},"south":{"uv":[15.9375,0,15.5625,0.4375],"texture":"#0"},"west":{"uv":[16,0,15.5625,0.4375],"texture":"#0"},"up":{"uv":[15.9375,0,15.5625,0.4375],"texture":"#0"},"down":{"uv":[15.9375,0,15.5625,0.4375],"texture":"#0"}}},{"from":[6.5,-16,6.5],"to":[9.5,-14,9.5],"rotation":{"angle":45,"axis":"y","origin":[8,-15,8]},"faces":{"north":{"uv":[1.9375,1.5625,2.3125,1.8125],"texture":"#0"},"east":{"uv":[2.3125,1.5625,1.9375,1.8125],"texture":"#0"},"south":{"uv":[1.9375,1.5625,2.3125,1.8125],"texture":"#0"},"west":{"uv":[2.3125,1.5625,1.9375,1.8125],"texture":"#0"},"up":{"uv":[1.9375,1.8125,2.3125,2.1875],"texture":"#0"},"down":{"uv":[1.5,4.0625,1.875,4.4375],"texture":"#0"}}},{"from":[6.5,-1,6.5],"to":[9.5,1,9.5],"rotation":{"angle":45,"axis":"y","origin":[8,0,8]},"faces":{"north":{"uv":[1.9375,1.5625,2.3125,1.8125],"texture":"#0"},"east":{"uv":[2.3125,1.5625,1.9375,1.8125],"texture":"#0"},"south":{"uv":[1.9375,1.5625,2.3125,1.8125],"texture":"#0"},"west":{"uv":[2.3125,1.5625,1.9375,1.8125],"texture":"#0"},"up":{"uv":[1.9375,1.8125,2.3125,2.1875],"texture":"#0"},"down":{"uv":[1.5,4.0625,1.875,4.4375],"texture":"#0"}}},{"from":[7,7.58922,-8.30421],"to":[9,11.08922,-4.80421],"rotation":{"angle":45,"axis":"x","origin":[7.7,-5.21499,8]},"faces":{"north":{"uv":[2.4375,1.5625,2.1875,1.125],"texture":"#0"},"east":{"uv":[2,2.625,2.4375,2.1875],"texture":"#0"},"south":{"uv":[2.25,3.625,2,3.1875],"texture":"#0"},"west":{"uv":[2.4375,2.625,2,2.1875],"texture":"#0"},"up":{"uv":[2.4375,1.5625,2.1875,1.125],"texture":"#0"},"down":{"uv":[2.25,3.625,2,3.1875],"texture":"#0"}}},{"from":[7,10,7],"to":[9,12,9],"rotation":{"angle":45,"axis":"y","origin":[8,14,8]},"faces":{"north":{"uv":[3.625,2.75,3.375,3],"texture":"#0"},"east":{"uv":[3.375,2.75,3.625,3],"texture":"#0"},"south":{"uv":[3.625,2.75,3.375,3],"texture":"#0"},"west":{"uv":[3.375,2.75,3.625,3],"texture":"#0"},"up":{"uv":[3.625,2.75,3.375,3],"texture":"#0"},"down":{"uv":[2.1875,0,2.4375,0.25],"texture":"#0"}}},{"from":[9.5,10.08922,-10.80421],"to":[6.5,6.58922,-14.30421],"rotation":{"angle":45,"axis":"x","origin":[10.2,-12.21499,8]},"faces":{"north":{"uv":[15.9375,0.4375,15.5625,0],"texture":"#0"},"east":{"uv":[16,0.4375,15.5625,0],"texture":"#0"},"south":{"uv":[15.9375,0.4375,15.5625,0],"texture":"#0"},"west":{"uv":[16,0.4375,15.5625,0],"texture":"#0"},"up":{"uv":[15.9375,0.4375,15.5625,0],"texture":"#0"},"down":{"uv":[15.9375,0.4375,15.5625,0],"texture":"#0"}}},{"from":[6.5,12,6.5],"to":[9.5,14,9.5],"rotation":{"angle":45,"axis":"y","origin":[8,13,8]},"faces":{"north":{"uv":[1.9375,1.8125,2.3125,1.5625],"texture":"#0"},"east":{"uv":[2.3125,1.8125,1.9375,1.5625],"texture":"#0"},"south":{"uv":[1.9375,1.8125,2.3125,1.5625],"texture":"#0"},"west":{"uv":[2.3125,1.8125,1.9375,1.5625],"texture":"#0"},"up":{"uv":[1.5,4.4375,1.875,4.0625],"texture":"#0"},"down":{"uv":[1.9375,2.1875,2.3125,1.8125],"texture":"#0"}}},{"from":[6.75,7.5,3],"to":[9.25,10.5,13],"rotation":{"angle":0,"axis":"y","origin":[8.3,0.88858,7.5625]},"faces":{"east":{"uv":[0.625,3,1.875,2.625],"texture":"#0"},"west":{"uv":[0.625,3,1.875,2.625],"texture":"#0"},"up":{"uv":[0,4.1875,0.3125,2.9375],"texture":"#0"},"down":{"uv":[0.3125,4.1875,0.625,2.9375],"texture":"#0"}}},{"from":[6.5,7,2],"to":[9.5,11,6],"rotation":{"angle":45,"axis":"x","origin":[7.8,9,4]},"faces":{"north":{"uv":[0.625,4,1,3.5],"texture":"#0"},"east":{"uv":[1.125,3.5,0.625,3],"texture":"#0"},"south":{"uv":[1.125,3,1.5,3.5],"texture":"#0"},"west":{"uv":[0.625,3.5,1.125,3],"texture":"#0"},"up":{"uv":[2.75,2.625,2.375,3.125],"texture":"#0"},"down":{"uv":[1.125,3.5,1.5,3],"texture":"#0"}}},{"from":[6.5,7,10],"to":[9.5,11,14],"rotation":{"angle":-45,"axis":"x","origin":[7.8,9,12]},"faces":{"north":{"uv":[1.5,3,1.125,3.5],"texture":"#0"},"east":{"uv":[0.625,3.5,1.125,3],"texture":"#0"},"south":{"uv":[1,4,0.625,3.5],"texture":"#0"},"west":{"uv":[1.125,3.5,0.625,3],"texture":"#0"},"up":{"uv":[2.75,3.125,2.375,2.625],"texture":"#0"},"down":{"uv":[1.125,3,1.5,3.5],"texture":"#0"}}},{"from":[6.75,5.5,6.75],"to":[9.25,7.5,9.25],"rotation":{"angle":45,"axis":"y","origin":[8,2.5,8]},"faces":{"north":{"uv":[1.6875,2.4375,1.375,2.1875],"texture":"#0"},"east":{"uv":[1.375,2.4375,1.6875,2.1875],"texture":"#0"},"south":{"uv":[1.6875,2.4375,1.375,2.1875],"texture":"#0"},"west":{"uv":[1.375,2.4375,1.6875,2.1875],"texture":"#0"},"up":{"uv":[2,2.5,1.6875,2.1875],"texture":"#0"},"down":{"uv":[2,2.5,1.6875,2.1875],"texture":"#0"}}},{"from":[8,11,-1.5],"to":[8,17,4.5],"rotation":{"angle":-22.5,"axis":"y","origin":[8,14,4.5]},"faces":{"north":{"uv":[0,0,0,0.875],"texture":"#missing"},"east":{"uv":[4.625,0,5.375,0.75],"texture":"#0"},"south":{"uv":[0,0,0,0.875],"texture":"#missing"},"west":{"uv":[5.375,0,4.625,0.75],"texture":"#0"},"up":{"uv":[0,0.375,0,0],"texture":"#missing"},"down":{"uv":[0,0.375,0,0],"texture":"#missing"}}},{"from":[8,11,-1.5],"to":[8,17,4.5],"rotation":{"angle":22.5,"axis":"y","origin":[8,14,4.5]},"faces":{"north":{"uv":[0,0,0,0.875],"texture":"#missing"},"east":{"uv":[4.625,0,5.375,0.75],"texture":"#0"},"south":{"uv":[0,0,0,0.875],"texture":"#missing"},"west":{"uv":[5.375,0,4.625,0.75],"texture":"#0"},"up":{"uv":[0,0.375,0,0],"texture":"#missing"},"down":{"uv":[0,0.375,0,0],"texture":"#missing"}}},{"from":[8,-15.81371,3.81371],"to":[8,-9.81371,9.81371],"rotation":{"angle":-22.5,"axis":"x","origin":[6,1.5,19.5]},"faces":{"north":{"uv":[0,0,0,0.375],"rotation":180,"texture":"#missing"},"east":{"uv":[5.375,0,4.625,0.75],"rotation":270,"texture":"#0"},"south":{"uv":[0,0,0,0.375],"texture":"#missing"},"west":{"uv":[4.625,0,5.375,0.75],"rotation":90,"texture":"#0"},"up":{"uv":[0,0,0,0.875],"rotation":180,"texture":"#missing"},"down":{"uv":[0,0,0,0.875],"texture":"#missing"}}},{"from":[7,7.6,0.25],"to":[9,11.1,15.75],"rotation":{"angle":0,"axis":"y","origin":[7.8,3.36583,-1.294]},"faces":{"north":{"uv":[2.9375,4.875,2.6875,5.3125],"texture":"#0"},"east":{"uv":[4.4375,6.125,2.5,6.5625],"texture":"#0"},"south":{"uv":[2.9375,4.875,2.6875,5.3125],"texture":"#0"},"west":{"uv":[4.4375,6.125,2.5,6.5625],"texture":"#0"},"up":{"uv":[3.0625,6.6875,2.8125,8.625],"texture":"#0"},"down":{"uv":[3.3125,6.6875,3.0625,8.625],"texture":"#0"}}},{"from":[7.25,7.32183,-0.26922],"to":[8.75,9.82183,3.23078],"rotation":{"angle":-22.5,"axis":"x","origin":[8,3.46583,0.406]},"faces":{"north":{"uv":[3.625,4.5625,3.8125,4.875],"rotation":180,"texture":"#0"},"east":{"uv":[3.375,4.875,2.9375,5.1875],"rotation":180,"texture":"#0"},"south":{"uv":[3.625,4.5625,3.8125,4.875],"rotation":180,"texture":"#0"},"west":{"uv":[2.9375,4.875,3.375,5.1875],"rotation":180,"texture":"#0"},"up":{"uv":[3.625,4.875,3.8125,5.3125],"rotation":180,"texture":"#0"},"down":{"uv":[3.8125,4.875,4,5.3125],"rotation":180,"texture":"#0"}}},{"from":[7.5,7.22183,-0.35983],"to":[8.5,8.72183,2.64017],"rotation":{"angle":-45,"axis":"x","origin":[8,3.36583,0.406]},"faces":{"north":{"uv":[3.5,5.125,3.625,5.3125],"rotation":180,"texture":"#0"},"east":{"uv":[4.1875,4.5625,3.8125,4.75],"rotation":180,"texture":"#0"},"south":{"uv":[3.5,5.125,3.625,5.3125],"rotation":180,"texture":"#0"},"west":{"uv":[3.8125,4.5625,4.1875,4.75],"rotation":180,"texture":"#0"},"up":{"uv":[4,4.9375,4.125,5.3125],"rotation":180,"texture":"#0"},"down":{"uv":[4.0625,4.125,4.1875,4.5],"rotation":180,"texture":"#0"}}},{"from":[7.25,7.32183,12.76922],"to":[8.75,9.82183,16.26922],"rotation":{"angle":22.5,"axis":"x","origin":[8,3.46583,15.594]},"faces":{"north":{"uv":[3.8125,4.5625,3.625,4.875],"rotation":180,"texture":"#0"},"east":{"uv":[3.375,4.875,2.9375,5.1875],"rotation":180,"texture":"#0"},"south":{"uv":[3.8125,4.5625,3.625,4.875],"rotation":180,"texture":"#0"},"west":{"uv":[3.375,4.875,2.9375,5.1875],"rotation":180,"texture":"#0"},"up":{"uv":[3.625,5.3125,3.8125,4.875],"rotation":180,"texture":"#0"},"down":{"uv":[3.8125,5.3125,4,4.875],"rotation":180,"texture":"#0"}}},{"from":[7.5,7.22183,13.35983],"to":[8.5,8.72183,16.35983],"rotation":{"angle":45,"axis":"x","origin":[8,3.36583,15.594]},"faces":{"north":{"uv":[3.625,5.125,3.5,5.3125],"rotation":180,"texture":"#0"},"east":{"uv":[4.1875,4.5625,3.8125,4.75],"rotation":180,"texture":"#0"},"south":{"uv":[3.625,5.125,3.5,5.3125],"rotation":180,"texture":"#0"},"west":{"uv":[4.1875,4.5625,3.8125,4.75],"rotation":180,"texture":"#0"},"up":{"uv":[4,5.3125,4.125,4.9375],"rotation":180,"texture":"#0"},"down":{"uv":[4.0625,4.5,4.1875,4.125],"rotation":180,"texture":"#0"}}},{"from":[6.5,3.2,3.8],"to":[9.5,6.2,3.8],"rotation":{"angle":22.5,"axis":"x","origin":[7.5,5.8,3.8]},"faces":{"north":{"uv":[3.0625,0,3.4375,0.375],"texture":"#0"},"east":{"uv":[0,0,0,0.375],"texture":"#missing"},"south":{"uv":[3.0625,0,3.4375,0.375],"texture":"#0"},"west":{"uv":[0,0,0,0.375],"texture":"#missing"},"up":{"uv":[0,0,0.375,0],"texture":"#missing"},"down":{"uv":[0,0,0.375,0],"texture":"#missing"}}},{"from":[6.5,0.39791,2.80502],"to":[9.5,3.39791,2.80502],"rotation":{"angle":0,"axis":"y","origin":[7.5,5.8,3.8]},"faces":{"north":{"uv":[3.0625,0.375,3.4375,0.75],"texture":"#0"},"east":{"uv":[0,0,0,0.375],"texture":"#missing"},"south":{"uv":[3.0625,0.375,3.4375,0.75],"texture":"#0"},"west":{"uv":[0,0,0,0.375],"texture":"#missing"},"up":{"uv":[0,0,0.375,0],"texture":"#missing"},"down":{"uv":[0,0,0.375,0],"texture":"#missing"}}},{"from":[6.5,-2.57164,4.94805],"to":[9.5,0.42836,4.94805],"rotation":{"angle":22.5,"axis":"x","origin":[7.5,5.8,3.8]},"faces":{"north":{"uv":[3.0625,0.75,3.4375,1.125],"texture":"#0"},"east":{"uv":[0,0,0,0.375],"texture":"#missing"},"south":{"uv":[3.0625,0.75,3.4375,1.125],"texture":"#0"},"west":{"uv":[0,0,0,0.375],"texture":"#missing"},"up":{"uv":[0,0,0.375,0],"texture":"#missing"},"down":{"uv":[0,0,0.375,0],"texture":"#missing"}}},{"from":[6.5,-4.49505,8.06435],"to":[9.5,-1.49505,8.06435],"rotation":{"angle":45,"axis":"x","origin":[7.5,5.8,3.8]},"faces":{"north":{"uv":[3.0625,1.125,3.4375,1.5],"texture":"#0"},"east":{"uv":[0,0,0,1.5],"texture":"#missing"},"south":{"uv":[3.0625,1.125,3.4375,1.5],"texture":"#0"},"west":{"uv":[0,0,0,1.5],"texture":"#missing"},"up":{"uv":[0,0,0.375,0],"texture":"#missing"},"down":{"uv":[0,0,0.375,0],"texture":"#missing"}}}],"gui_light":"front","display":{"thirdperson_righthand":{"translation":[0,7.75,1.5],"scale":[0.6,0.6,0.6]},"thirdperson_lefthand":{"translation":[0,7.75,1.5],"scale":[0.6,0.6,0.6]},"firstperson_righthand":{"rotation":[-10,7,2],"translation":[5.5,8,-4.25],"scale":[0.52969,0.52969,0.52969]},"firstperson_lefthand":{"rotation":[-10,7,2],"translation":[5.5,8,-4.25],"scale":[0.52969,0.52969,0.52969]},"ground":{"rotation":[0,0,90],"translation":[-4,3,0],"scale":[0.45,0.45,0.45]},"gui":{"rotation":[-90,-135,-90],"translation":[-2.75,2.5,-1.5],"scale":[0.48242,0.48242,0.48242]},"head":{"scale":[0,0,0]},"fixed":{"rotation":[-90,-90,-90],"translation":[0,12,-2.5],"scale":[1.2,1.2,1.2]}}}