{"credit":"Made with Blockbench","textures":{"0":"elitecreatures:valkyrie_animated_v2/valkyrie_texture","1":"elitecreatures:valkyrie_animated_v2/valkyrie_animation","particle":"elitecreatures:valkyrie_animated_v2/valkyrie_texture"},"elements":[{"from":[2.5,3,7],"to":[4.5,12,9],"rotation":{"angle":45,"axis":"y","origin":[3.5,7,8]},"faces":{"north":{"uv":[2.4375,0,2.1875,1.125],"texture":"#0"},"east":{"uv":[2.1875,0,2.4375,1.125],"texture":"#0"},"south":{"uv":[2.4375,0,2.1875,1.125],"texture":"#0"},"west":{"uv":[2.1875,0,2.4375,1.125],"texture":"#0"},"up":{"uv":[2.1875,0,2.4375,0.25],"texture":"#0"},"down":{"uv":[2.1875,0,2.4375,0.25],"texture":"#0"}}},{"from":[9.5,5,8],"to":[11,9,12],"rotation":{"angle":-45,"axis":"x","origin":[9.4,5,8]},"faces":{"north":{"uv":[2.375,2.8125,1.875,2.625],"rotation":90,"texture":"#0"},"east":{"uv":[1,3.5,1.5,4],"rotation":90,"texture":"#0"},"south":{"uv":[2,3.5,1.5,3.6875],"rotation":90,"texture":"#0"},"west":{"uv":[1,4,1.5,3.5],"rotation":90,"texture":"#0"},"up":{"uv":[1.5,3.6875,2,3.5],"rotation":90,"texture":"#0"},"down":{"uv":[2.375,2.625,1.875,2.8125],"rotation":90,"texture":"#0"}}},{"from":[9,6.20711,8.5],"to":[11.5,8.20711,10.5],"rotation":{"angle":-45,"axis":"x","origin":[9.4,5.70711,8]},"faces":{"north":{"uv":[0.9375,4.25,0.625,4.5],"texture":"#0"},"east":{"uv":[2,3.625,2.25,3.875],"texture":"#0"},"south":{"uv":[0.9375,4.25,0.625,4],"texture":"#0"},"west":{"uv":[2.25,3.625,2,3.875],"texture":"#0"},"up":{"uv":[0.9375,4,0.625,4.25],"texture":"#0"},"down":{"uv":[0.9375,4.25,0.625,4.5],"texture":"#0"}}},{"from":[11.9,11.20711,5],"to":[10.9,8.20711,2],"rotation":{"angle":-45,"axis":"x","origin":[-1.7,14.20711,8]},"faces":{"north":{"uv":[15.75,0,15.875,0.375],"texture":"#0"},"east":{"uv":[15.625,0,16,0.375],"texture":"#0"},"south":{"uv":[15.75,0,15.875,0.375],"texture":"#0"},"west":{"uv":[15.625,0,16,0.375],"texture":"#0"},"up":{"uv":[15.75,0,15.875,0.375],"texture":"#0"},"down":{"uv":[15.75,0,15.875,0.375],"texture":"#0"}}},{"from":[2.5,3.91078,-8.30421],"to":[4.5,7.41078,-4.80421],"rotation":{"angle":-45,"axis":"x","origin":[3.2,20.21499,8]},"faces":{"north":{"uv":[2.4375,1.125,2.1875,1.5625],"texture":"#0"},"east":{"uv":[2,2.1875,2.4375,2.625],"texture":"#0"},"south":{"uv":[2.25,3.1875,2,3.625],"texture":"#0"},"west":{"uv":[2.4375,2.1875,2,2.625],"texture":"#0"},"up":{"uv":[2.25,3.1875,2,3.625],"texture":"#0"},"down":{"uv":[2.4375,1.125,2.1875,1.5625],"texture":"#0"}}},{"from":[5,8.41078,-10.80421],"to":[2,4.91078,-14.30421],"rotation":{"angle":-45,"axis":"x","origin":[5.7,27.21499,8]},"faces":{"north":{"uv":[15.9375,0,15.5625,0.4375],"texture":"#0"},"east":{"uv":[16,0,15.5625,0.4375],"texture":"#0"},"south":{"uv":[15.9375,0,15.5625,0.4375],"texture":"#0"},"west":{"uv":[16,0,15.5625,0.4375],"texture":"#0"},"up":{"uv":[15.9375,0,15.5625,0.4375],"texture":"#0"},"down":{"uv":[15.9375,0,15.5625,0.4375],"texture":"#0"}}},{"from":[2,1,6.5],"to":[5,3,9.5],"rotation":{"angle":45,"axis":"y","origin":[3.5,2,8]},"faces":{"north":{"uv":[1.9375,1.5625,2.3125,1.8125],"texture":"#0"},"east":{"uv":[2.3125,1.5625,1.9375,1.8125],"texture":"#0"},"south":{"uv":[1.9375,1.5625,2.3125,1.8125],"texture":"#0"},"west":{"uv":[2.3125,1.5625,1.9375,1.8125],"texture":"#0"},"up":{"uv":[1.9375,1.8125,2.3125,2.1875],"texture":"#0"},"down":{"uv":[1.5,4.0625,1.875,4.4375],"texture":"#0"}}},{"from":[1.3,13.3,6],"to":[5.3,16.3,10],"rotation":{"angle":-45,"axis":"y","origin":[3.3,15,8]},"faces":{"north":{"uv":[1.125,3,1.5,3.5],"rotation":90,"texture":"#0"},"east":{"uv":[1.125,3.5,1.5,3],"rotation":90,"texture":"#0"},"south":{"uv":[0.625,4,1,3.5],"rotation":270,"texture":"#0"},"west":{"uv":[0.625,3.5,1,4],"rotation":270,"texture":"#0"},"up":{"uv":[0.625,3.5,1.125,3],"rotation":270,"texture":"#0"},"down":{"uv":[1.125,3.5,0.625,3],"rotation":270,"texture":"#0"}}},{"from":[2.25,11.5,6.75],"to":[4.75,13.5,9.25],"rotation":{"angle":45,"axis":"y","origin":[3.5,8.5,8]},"faces":{"north":{"uv":[1.6875,2.4375,1.375,2.1875],"texture":"#0"},"east":{"uv":[1.375,2.4375,1.6875,2.1875],"texture":"#0"},"south":{"uv":[1.6875,2.4375,1.375,2.1875],"texture":"#0"},"west":{"uv":[1.375,2.4375,1.6875,2.1875],"texture":"#0"},"up":{"uv":[2,2.5,1.6875,2.1875],"texture":"#0"},"down":{"uv":[2,2.5,1.6875,2.1875],"texture":"#0"}}},{"from":[2,6.02836,9.35195],"to":[5,9.02836,9.35195],"rotation":{"angle":-22.5,"axis":"x","origin":[3,14.4,10.5]},"faces":{"north":{"uv":[3.4375,0.75,3.0625,1.125],"texture":"#0"},"east":{"uv":[0,0,0,0.375],"texture":"#missing"},"south":{"uv":[3.4375,0.75,3.0625,1.125],"texture":"#0"},"west":{"uv":[0,0,0,0.375],"texture":"#missing"},"up":{"uv":[0,0,0.375,0],"texture":"#missing"},"down":{"uv":[0,0,0.375,0],"texture":"#missing"}}},{"from":[2,4.10495,6.23565],"to":[5,7.10495,6.23565],"rotation":{"angle":-45,"axis":"x","origin":[3,14.4,10.5]},"faces":{"north":{"uv":[3.4375,1.125,3.0625,1.5],"texture":"#0"},"east":{"uv":[0,0,0,1.5],"texture":"#missing"},"south":{"uv":[3.4375,1.125,3.0625,1.5],"texture":"#0"},"west":{"uv":[0,0,0,1.5],"texture":"#missing"},"up":{"uv":[0,0,0.375,0],"texture":"#missing"},"down":{"uv":[0,0,0.375,0],"texture":"#missing"}}},{"from":[2,8.99791,11.49498],"to":[5,11.99791,11.49498],"rotation":{"angle":0,"axis":"y","origin":[3,14.4,10.5]},"faces":{"north":{"uv":[3.4375,0.375,3.0625,0.75],"texture":"#0"},"east":{"uv":[0,0,0,0.375],"texture":"#missing"},"south":{"uv":[3.4375,0.375,3.0625,0.75],"texture":"#0"},"west":{"uv":[0,0,0,0.375],"texture":"#missing"},"up":{"uv":[0,0,0.375,0],"texture":"#missing"},"down":{"uv":[0,0,0.375,0],"texture":"#missing"}}},{"from":[2,11.8,10.5],"to":[5,14.8,10.5],"rotation":{"angle":-22.5,"axis":"x","origin":[3,14.4,10.5]},"faces":{"north":{"uv":[3.4375,0,3.0625,0.375],"texture":"#0"},"east":{"uv":[0,0,0,0.375],"texture":"#missing"},"south":{"uv":[3.4375,0,3.0625,0.375],"texture":"#0"},"west":{"uv":[0,0,0,0.375],"texture":"#missing"},"up":{"uv":[0,0,0.375,0],"texture":"#missing"},"down":{"uv":[0,0,0.375,0],"texture":"#missing"}}},{"from":[9,15,-2.5],"to":[9,21,3.5],"rotation":{"angle":-22.5,"axis":"y","origin":[9,18,3.5]},"faces":{"north":{"uv":[0,0,0,0.875],"texture":"#missing"},"east":{"uv":[4.625,0,5.375,0.75],"texture":"#0"},"south":{"uv":[0,0,0,0.875],"texture":"#missing"},"west":{"uv":[5.375,0,4.625,0.75],"texture":"#0"},"up":{"uv":[0,0.375,0,0],"texture":"#missing"},"down":{"uv":[0,0.375,0,0],"texture":"#missing"}}},{"from":[9,15,-2.5],"to":[9,21,3.5],"rotation":{"angle":22.5,"axis":"y","origin":[9,18,3.5]},"faces":{"north":{"uv":[0,0,0,0.875],"texture":"#missing"},"east":{"uv":[4.625,0,5.375,0.75],"texture":"#0"},"south":{"uv":[0,0,0,0.875],"texture":"#missing"},"west":{"uv":[5.375,0,4.625,0.75],"texture":"#0"},"up":{"uv":[0,0.375,0,0],"texture":"#missing"},"down":{"uv":[0,0.375,0,0],"texture":"#missing"}}},{"from":[3.5,3.18629,3.81371],"to":[3.5,9.18629,9.81371],"rotation":{"angle":-22.5,"axis":"x","origin":[1.5,20.5,19.5]},"faces":{"north":{"uv":[0,0,0,0.375],"rotation":180,"texture":"#missing"},"east":{"uv":[5.375,0,4.625,0.75],"rotation":270,"texture":"#0"},"south":{"uv":[0,0,0,0.375],"texture":"#missing"},"west":{"uv":[4.625,0,5.375,0.75],"rotation":90,"texture":"#0"},"up":{"uv":[0,0,0,0.875],"rotation":180,"texture":"#missing"},"down":{"uv":[0,0,0,0.875],"texture":"#missing"}}},{"from":[8,-3,2],"to":[10,15,14],"rotation":{"angle":0,"axis":"y","origin":[9,7,8]},"faces":{"north":{"uv":[1.5,10.875,1.75,8.625],"texture":"#0"},"east":{"uv":[0,10.875,1.5,8.625],"texture":"#0"},"south":{"uv":[1.5,10.875,1.75,8.625],"texture":"#0"},"west":{"uv":[1.5,10.875,0,8.625],"texture":"#0"},"up":{"uv":[1.75,10.125,2,8.625],"texture":"#0"},"down":{"uv":[1.75,10.125,2,8.625],"texture":"#0"}}},{"from":[8,-2.95,14],"to":[10,14.95,17],"rotation":{"angle":-45,"axis":"y","origin":[10,5,14]},"faces":{"north":{"uv":[2.625,10.875,2.375,8.625],"texture":"#0"},"east":{"uv":[2.375,10.875,2,8.625],"texture":"#0"},"south":{"uv":[2.625,10.875,2.375,8.625],"texture":"#0"},"west":{"uv":[2,10.875,2.375,8.625],"texture":"#0"},"up":{"uv":[2,10.5,1.75,10.125],"texture":"#0"},"down":{"uv":[2,10.5,1.75,10.125],"texture":"#0"}}},{"from":[8,-2.95,-1],"to":[10,14.95,2],"rotation":{"angle":45,"axis":"y","origin":[10,5,2]},"faces":{"north":{"uv":[2.375,10.875,2.625,8.625],"texture":"#0"},"east":{"uv":[2,10.875,2.375,8.625],"texture":"#0"},"south":{"uv":[2.375,10.875,2.625,8.625],"texture":"#0"},"west":{"uv":[2.375,10.875,2,8.625],"texture":"#0"},"up":{"uv":[2,10.125,1.75,10.5],"texture":"#0"},"down":{"uv":[2,10.125,1.75,10.5],"texture":"#0"}}},{"from":[0.3,5.9,1],"to":[9.3,16.9,1],"rotation":{"angle":-45,"axis":"y","origin":[8.3,6.9,1]},"faces":{"north":{"uv":[3.5,0,4.625,1.375],"texture":"#0"},"east":{"uv":[0,0,0,1],"texture":"#missing"},"south":{"uv":[4.625,0,3.5,1.375],"texture":"#0"},"west":{"uv":[0,0,0,1],"texture":"#missing"},"up":{"uv":[0,0,0,0.875],"rotation":90,"texture":"#missing"},"down":{"uv":[0,0,0,0.875],"rotation":270,"texture":"#missing"}}},{"from":[0.3,5.9,15],"to":[9.3,16.9,15],"rotation":{"angle":45,"axis":"y","origin":[8.3,6.9,15]},"faces":{"north":{"uv":[3.5,0,4.625,1.375],"texture":"#0"},"east":{"uv":[0,0,0,1],"texture":"#missing"},"south":{"uv":[4.625,0,3.5,1.375],"texture":"#0"},"west":{"uv":[0,0,0,1],"texture":"#missing"},"up":{"uv":[0,0,0,0.875],"rotation":90,"texture":"#missing"},"down":{"uv":[0,0,0,0.875],"rotation":270,"texture":"#missing"}}},{"from":[8.4,9.5,6],"to":[9.9,18,14.5],"rotation":{"angle":-45,"axis":"x","origin":[9.4,11.5,8]},"faces":{"north":{"uv":[3.875,9.6875,3.6875,8.625],"texture":"#0"},"east":{"uv":[2.625,8.625,3.6875,9.6875],"texture":"#0"},"south":{"uv":[3.875,9.6875,3.6875,8.625],"texture":"#0"},"west":{"uv":[3.6875,8.625,2.625,9.6875],"texture":"#0"},"up":{"uv":[3.875,8.625,3.6875,9.6875],"texture":"#0"},"down":{"uv":[3.875,9.6875,3.6875,8.625],"texture":"#0"}}},{"from":[8.4,-8,6],"to":[9.9,0.5,14.5],"rotation":{"angle":-45,"axis":"x","origin":[9.4,-6,8]},"faces":{"north":{"uv":[3.6875,9.6875,3.875,10.75],"texture":"#0"},"east":{"uv":[2.625,9.6875,3.6875,10.75],"texture":"#0"},"south":{"uv":[3.6875,9.6875,3.875,10.75],"texture":"#0"},"west":{"uv":[3.6875,9.6875,2.625,10.75],"texture":"#0"},"up":{"uv":[3.6875,9.6875,3.875,10.75],"texture":"#0"},"down":{"uv":[3.6875,9.6875,3.875,10.75],"texture":"#0"}}},{"from":[11,9,1.5],"to":[11,19,14.5],"rotation":{"angle":0,"axis":"y","origin":[12,10,-11]},"faces":{"north":{"uv":[0,0,0,0.07813],"texture":"#missing"},"east":{"uv":[13,0,0,10],"texture":"#1"},"south":{"uv":[0,0,0,0.07813],"texture":"#missing"},"west":{"uv":[13,0,0,10],"texture":"#1"},"up":{"uv":[0,0.15625,0,0],"texture":"#missing"},"down":{"uv":[0,0,0,0.15625],"texture":"#missing"}}}],"gui_light":"front","display":{"thirdperson_righthand":{"translation":[3.25,-2.75,1.25],"scale":[0.7,0.7,0.7]},"thirdperson_lefthand":{"rotation":[0,180,0],"translation":[3.25,-2.75,1.25],"scale":[0.7,0.7,0.7]},"firstperson_righthand":{"rotation":[-5,0,8],"translation":[0,3.25,1.75],"scale":[0.48086,0.48086,0.48086]},"firstperson_lefthand":{"rotation":[-5,180,8],"translation":[0,3.25,1.75],"scale":[0.48086,0.48086,0.48086]},"ground":{"rotation":[0,0,75],"translation":[0,6,0],"scale":[0.6,0.6,0.6]},"gui":{"rotation":[6,-122,18],"translation":[-1.25,1.25,-1.5],"scale":[0.58398,0.58398,0.58398]},"head":{"scale":[0,0,0]},"fixed":{"rotation":[90,90,-90],"translation":[0,4.25,-10.5],"scale":[1.6,1.6,1.6]}}}