{"credit":"Made with Blockbench","textures":{"0":"elitecreatures:valkyrie_animated_v2/valkyrie_texture","1":"elitecreatures:valkyrie_animated_v2/valkyrie_animation","particle":"elitecreatures:valkyrie_animated_v2/valkyrie_texture"},"elements":[{"from":[7,-14,7],"to":[9,6,9],"rotation":{"angle":45,"axis":"y","origin":[8,-10,8]},"faces":{"north":{"uv":[3.625,2.625,3.375,5.125],"texture":"#0"},"east":{"uv":[3.375,2.625,3.625,5.125],"texture":"#0"},"south":{"uv":[3.625,2.625,3.375,5.125],"texture":"#0"},"west":{"uv":[3.375,2.625,3.625,5.125],"texture":"#0"},"up":{"uv":[2.1875,0,2.4375,0.25],"texture":"#0"},"down":{"uv":[2.1875,0,2.4375,0.25],"texture":"#0"}}},{"from":[7,-13.08922,-8.30421],"to":[9,-9.58922,-4.80421],"rotation":{"angle":-45,"axis":"x","origin":[7.7,3.21499,8]},"faces":{"north":{"uv":[2.4375,1.125,2.1875,1.5625],"texture":"#0"},"east":{"uv":[2,2.1875,2.4375,2.625],"texture":"#0"},"south":{"uv":[2.25,3.1875,2,3.625],"texture":"#0"},"west":{"uv":[2.4375,2.1875,2,2.625],"texture":"#0"},"up":{"uv":[2.25,3.1875,2,3.625],"texture":"#0"},"down":{"uv":[2.4375,1.125,2.1875,1.5625],"texture":"#0"}}},{"from":[9.5,-8.58922,-10.80421],"to":[6.5,-12.08922,-14.30421],"rotation":{"angle":-45,"axis":"x","origin":[10.2,10.21499,8]},"faces":{"north":{"uv":[15.9375,0,15.5625,0.4375],"texture":"#0"},"east":{"uv":[16,0,15.5625,0.4375],"texture":"#0"},"south":{"uv":[15.9375,0,15.5625,0.4375],"texture":"#0"},"west":{"uv":[16,0,15.5625,0.4375],"texture":"#0"},"up":{"uv":[15.9375,0,15.5625,0.4375],"texture":"#0"},"down":{"uv":[15.9375,0,15.5625,0.4375],"texture":"#0"}}},{"from":[6.5,-16,6.5],"to":[9.5,-14,9.5],"rotation":{"angle":45,"axis":"y","origin":[8,-15,8]},"faces":{"north":{"uv":[1.9375,1.5625,2.3125,1.8125],"texture":"#0"},"east":{"uv":[2.3125,1.5625,1.9375,1.8125],"texture":"#0"},"south":{"uv":[1.9375,1.5625,2.3125,1.8125],"texture":"#0"},"west":{"uv":[2.3125,1.5625,1.9375,1.8125],"texture":"#0"},"up":{"uv":[1.9375,1.8125,2.3125,2.1875],"texture":"#0"},"down":{"uv":[1.5,4.0625,1.875,4.4375],"texture":"#0"}}},{"from":[6.5,-1,6.5],"to":[9.5,1,9.5],"rotation":{"angle":45,"axis":"y","origin":[8,0,8]},"faces":{"north":{"uv":[1.9375,1.5625,2.3125,1.8125],"texture":"#0"},"east":{"uv":[2.3125,1.5625,1.9375,1.8125],"texture":"#0"},"south":{"uv":[1.9375,1.5625,2.3125,1.8125],"texture":"#0"},"west":{"uv":[2.3125,1.5625,1.9375,1.8125],"texture":"#0"},"up":{"uv":[1.9375,1.8125,2.3125,2.1875],"texture":"#0"},"down":{"uv":[1.5,4.0625,1.875,4.4375],"texture":"#0"}}},{"from":[10.5,23.5,7.5],"to":[7.5,20.5,4.5],"rotation":{"angle":45,"axis":"x","origin":[9,22,6]},"faces":{"north":{"uv":[15.625,0,16,0.375],"texture":"#0"},"east":{"uv":[15.625,0,16,0.375],"texture":"#0"},"south":{"uv":[15.625,0,16,0.375],"texture":"#0"},"west":{"uv":[15.625,0,16,0.375],"texture":"#0"},"up":{"uv":[15.625,0,16,0.375],"texture":"#0"},"down":{"uv":[15.625,0,16,0.375],"texture":"#0"}}},{"from":[11.5,19.5,11.5],"to":[9.5,17.5,9.5],"rotation":{"angle":45,"axis":"x","origin":[10.5,18.5,10.5]},"faces":{"north":{"uv":[15.625,0,16,0.375],"texture":"#0"},"east":{"uv":[15.625,0,16,0.375],"texture":"#0"},"south":{"uv":[15.625,0,16,0.375],"texture":"#0"},"west":{"uv":[15.625,0,16,0.375],"texture":"#0"},"up":{"uv":[15.625,0,16,0.375],"texture":"#0"},"down":{"uv":[15.625,0,16,0.375],"texture":"#0"}}},{"from":[10,18,10],"to":[11,19,11],"rotation":{"angle":45,"axis":"x","origin":[10.5,18.5,10.5]},"faces":{"north":{"uv":[5.4375,4.625,5.5625,4.75],"texture":"#0"},"east":{"uv":[5.4375,4.625,5.5625,4.75],"texture":"#0"},"south":{"uv":[5.4375,4.625,5.5625,4.75],"texture":"#0"},"west":{"uv":[5.4375,4.625,5.5625,4.75],"texture":"#0"},"up":{"uv":[5.4375,4.625,5.5625,4.75],"texture":"#0"},"down":{"uv":[5.4375,4.625,5.5625,4.75],"texture":"#0"}}},{"from":[4,15.5,5],"to":[5,16.5,6],"rotation":{"angle":45,"axis":"x","origin":[4.5,16,5.5]},"faces":{"north":{"uv":[5.4375,4.625,5.5625,4.75],"texture":"#0"},"east":{"uv":[5.4375,4.625,5.5625,4.75],"texture":"#0"},"south":{"uv":[5.4375,4.625,5.5625,4.75],"texture":"#0"},"west":{"uv":[5.4375,4.625,5.5625,4.75],"texture":"#0"},"up":{"uv":[5.4375,4.625,5.5625,4.75],"texture":"#0"},"down":{"uv":[5.4375,4.625,5.5625,4.75],"texture":"#0"}}},{"from":[5.5,17,6.5],"to":[3.5,15,4.5],"rotation":{"angle":45,"axis":"x","origin":[4.5,16,5.5]},"faces":{"north":{"uv":[15.625,0,16,0.375],"texture":"#0"},"east":{"uv":[15.625,0,16,0.375],"texture":"#0"},"south":{"uv":[15.625,0,16,0.375],"texture":"#0"},"west":{"uv":[15.625,0,16,0.375],"texture":"#0"},"up":{"uv":[15.625,0,16,0.375],"texture":"#0"},"down":{"uv":[15.625,0,16,0.375],"texture":"#0"}}},{"from":[8,21,5],"to":[10,23,7],"rotation":{"angle":45,"axis":"x","origin":[9,22,6]},"faces":{"north":{"uv":[5.375,4.6875,5.625,4.9375],"texture":"#0"},"east":{"uv":[5.375,4.6875,5.625,4.9375],"texture":"#0"},"south":{"uv":[5.375,4.6875,5.625,4.9375],"texture":"#0"},"west":{"uv":[5.375,4.6875,5.625,4.9375],"texture":"#0"},"up":{"uv":[5.375,4.6875,5.625,4.9375],"texture":"#0"},"down":{"uv":[5.375,4.6875,5.625,4.9375],"texture":"#0"}}},{"from":[10.5,16,10.5],"to":[5.5,11.5,5.5],"rotation":{"angle":0,"axis":"y","origin":[8,18.85305,13.7]},"faces":{"north":{"uv":[16,0.5625,15.375,0],"rotation":180,"texture":"#0"},"east":{"uv":[16,0.625,15.4375,0],"rotation":270,"texture":"#0"},"south":{"uv":[16,0.5625,15.375,0],"texture":"#0"},"west":{"uv":[16,0.625,15.4375,0],"rotation":90,"texture":"#0"},"up":{"uv":[16,0.625,15.375,0],"rotation":180,"texture":"#0"}}},{"from":[10.45,19.2,6.25],"to":[5.55,15.7,2.75],"rotation":{"angle":-45,"axis":"x","origin":[13,20.95,8]},"faces":{"north":{"uv":[16,0.4375,15.375,0],"rotation":180,"texture":"#0"},"east":{"uv":[15.875,0.4375,15.4375,0],"rotation":180,"texture":"#0"},"west":{"uv":[15.875,0.4375,15.4375,0],"rotation":180,"texture":"#0"},"down":{"uv":[16,0.4375,15.375,0],"texture":"#0"}}},{"from":[10.45,11.8,6.25],"to":[5.55,8.3,2.75],"rotation":{"angle":45,"axis":"x","origin":[13,6.55,8]},"faces":{"north":{"uv":[16,0,15.375,0.4375],"rotation":180,"texture":"#0"},"east":{"uv":[15.875,0,15.4375,0.4375],"rotation":180,"texture":"#0"},"west":{"uv":[15.875,0,15.4375,0.4375],"rotation":180,"texture":"#0"},"up":{"uv":[16,0,15.375,0.4375],"texture":"#0"}}},{"from":[6.5,7,2.5],"to":[9.5,11,6.5],"rotation":{"angle":45,"axis":"x","origin":[7.8,9,4.5]},"faces":{"north":{"uv":[0.625,4,1,3.5],"texture":"#0"},"east":{"uv":[1.125,3.5,0.625,3],"texture":"#0"},"south":{"uv":[1.125,3,1.5,3.5],"texture":"#0"},"west":{"uv":[0.625,3.5,1.125,3],"texture":"#0"},"up":{"uv":[2.75,2.625,2.375,3.125],"texture":"#0"},"down":{"uv":[1.125,3.5,1.5,3],"texture":"#0"}}},{"from":[6.5,7,9.5],"to":[9.5,11,13.5],"rotation":{"angle":-45,"axis":"x","origin":[7.8,9,11.5]},"faces":{"north":{"uv":[1.5,3,1.125,3.5],"texture":"#0"},"east":{"uv":[0.625,3.5,1.125,3],"texture":"#0"},"south":{"uv":[1,4,0.625,3.5],"texture":"#0"},"west":{"uv":[1.125,3.5,0.625,3],"texture":"#0"},"up":{"uv":[2.75,3.125,2.375,2.625],"texture":"#0"},"down":{"uv":[1.125,3,1.5,3.5],"texture":"#0"}}},{"from":[6.75,5.5,6.75],"to":[9.25,7.5,9.25],"rotation":{"angle":45,"axis":"y","origin":[8,2.5,8]},"faces":{"north":{"uv":[1.6875,2.4375,1.375,2.1875],"texture":"#0"},"east":{"uv":[1.375,2.4375,1.6875,2.1875],"texture":"#0"},"south":{"uv":[1.6875,2.4375,1.375,2.1875],"texture":"#0"},"west":{"uv":[1.375,2.4375,1.6875,2.1875],"texture":"#0"},"up":{"uv":[2,2.5,1.6875,2.1875],"texture":"#0"},"down":{"uv":[2,2.5,1.6875,2.1875],"texture":"#0"}}},{"from":[6.5,-2.47164,5.44805],"to":[9.5,0.52836,5.44805],"rotation":{"angle":22.5,"axis":"x","origin":[7.5,5.9,4.3]},"faces":{"north":{"uv":[3.0625,0.75,3.4375,1.125],"texture":"#0"},"east":{"uv":[0,0,0,0.375],"texture":"#missing"},"south":{"uv":[3.0625,0.75,3.4375,1.125],"texture":"#0"},"west":{"uv":[0,0,0,0.375],"texture":"#missing"},"up":{"uv":[0,0,0.375,0],"texture":"#missing"},"down":{"uv":[0,0,0.375,0],"texture":"#missing"}}},{"from":[6.5,-4.39505,8.56435],"to":[9.5,-1.39505,8.56435],"rotation":{"angle":45,"axis":"x","origin":[7.5,5.9,4.3]},"faces":{"north":{"uv":[3.0625,1.125,3.4375,1.5],"texture":"#0"},"east":{"uv":[0,0,0,1.5],"texture":"#missing"},"south":{"uv":[3.0625,1.125,3.4375,1.5],"texture":"#0"},"west":{"uv":[0,0,0,1.5],"texture":"#missing"},"up":{"uv":[0,0,0.375,0],"texture":"#missing"},"down":{"uv":[0,0,0.375,0],"texture":"#missing"}}},{"from":[6.5,0.49791,3.30502],"to":[9.5,3.49791,3.30502],"rotation":{"angle":0,"axis":"y","origin":[7.5,5.9,4.3]},"faces":{"north":{"uv":[3.0625,0.375,3.4375,0.75],"texture":"#0"},"east":{"uv":[0,0,0,0.375],"texture":"#missing"},"south":{"uv":[3.0625,0.375,3.4375,0.75],"texture":"#0"},"west":{"uv":[0,0,0,0.375],"texture":"#missing"},"up":{"uv":[0,0,0.375,0],"texture":"#missing"},"down":{"uv":[0,0,0.375,0],"texture":"#missing"}}},{"from":[6.5,3.3,4.3],"to":[9.5,6.3,4.3],"rotation":{"angle":22.5,"axis":"x","origin":[7.5,5.9,4.3]},"faces":{"north":{"uv":[3.0625,0,3.4375,0.375],"texture":"#0"},"east":{"uv":[0,0,0,0.375],"texture":"#missing"},"south":{"uv":[3.0625,0,3.4375,0.375],"texture":"#0"},"west":{"uv":[0,0,0,0.375],"texture":"#missing"},"up":{"uv":[0,0,0.375,0],"texture":"#missing"},"down":{"uv":[0,0,0.375,0],"texture":"#missing"}}},{"from":[6.5,3.3,11.7],"to":[9.5,6.3,11.7],"rotation":{"angle":-22.5,"axis":"x","origin":[7.5,5.9,11.7]},"faces":{"north":{"uv":[3.4375,0,3.0625,0.375],"texture":"#0"},"east":{"uv":[0,0,0,0.375],"texture":"#missing"},"south":{"uv":[3.4375,0,3.0625,0.375],"texture":"#0"},"west":{"uv":[0,0,0,0.375],"texture":"#missing"},"up":{"uv":[0,0,0.375,0],"texture":"#missing"},"down":{"uv":[0,0,0.375,0],"texture":"#missing"}}},{"from":[6.5,0.49791,12.69498],"to":[9.5,3.49791,12.69498],"rotation":{"angle":0,"axis":"y","origin":[7.5,5.9,11.7]},"faces":{"north":{"uv":[3.4375,0.375,3.0625,0.75],"texture":"#0"},"east":{"uv":[0,0,0,0.375],"texture":"#missing"},"south":{"uv":[3.4375,0.375,3.0625,0.75],"texture":"#0"},"west":{"uv":[0,0,0,0.375],"texture":"#missing"},"up":{"uv":[0,0,0.375,0],"texture":"#missing"},"down":{"uv":[0,0,0.375,0],"texture":"#missing"}}},{"from":[6.5,-2.47164,10.55195],"to":[9.5,0.52836,10.55195],"rotation":{"angle":-22.5,"axis":"x","origin":[7.5,5.9,11.7]},"faces":{"north":{"uv":[3.4375,0.75,3.0625,1.125],"texture":"#0"},"east":{"uv":[0,0,0,0.375],"texture":"#missing"},"south":{"uv":[3.4375,0.75,3.0625,1.125],"texture":"#0"},"west":{"uv":[0,0,0,0.375],"texture":"#missing"},"up":{"uv":[0,0,0.375,0],"texture":"#missing"},"down":{"uv":[0,0,0.375,0],"texture":"#missing"}}},{"from":[6.5,-4.39505,7.43565],"to":[9.5,-1.39505,7.43565],"rotation":{"angle":-45,"axis":"x","origin":[7.5,5.9,11.7]},"faces":{"north":{"uv":[3.4375,1.125,3.0625,1.5],"texture":"#0"},"east":{"uv":[0,0,0,1.5],"texture":"#missing"},"south":{"uv":[3.4375,1.125,3.0625,1.5],"texture":"#0"},"west":{"uv":[0,0,0,1.5],"texture":"#missing"},"up":{"uv":[0,0,0.375,0],"texture":"#missing"},"down":{"uv":[0,0,0.375,0],"texture":"#missing"}}},{"from":[8,4.6,-1.7],"to":[8,15.6,5.3],"rotation":{"angle":0,"axis":"y","origin":[8,13.6,5.3]},"faces":{"north":{"uv":[0,0,0,1],"texture":"#missing"},"east":{"uv":[3.625,0,4.5,1.375],"texture":"#0"},"south":{"uv":[0,0,0,1],"texture":"#missing"},"west":{"uv":[4.5,0,3.625,1.375],"texture":"#0"},"up":{"uv":[0,0.875,0,0],"texture":"#missing"},"down":{"uv":[0,0.875,0,0],"texture":"#missing"}}},{"from":[8,4.6,10.7],"to":[8,15.6,17.7],"rotation":{"angle":0,"axis":"y","origin":[8,13.6,10.7]},"faces":{"north":{"uv":[0,0,0,1],"texture":"#missing"},"east":{"uv":[4.5,0,3.625,1.375],"texture":"#0"},"south":{"uv":[0,0,0,1],"texture":"#missing"},"west":{"uv":[3.625,0,4.5,1.375],"texture":"#0"},"up":{"uv":[0,0,0,0.875],"texture":"#missing"},"down":{"uv":[0,0,0,0.875],"texture":"#missing"}}},{"from":[6.55,9.9,7.9],"to":[9.45,13.9,11.9],"rotation":{"angle":45,"axis":"x","origin":[10,13.75,7.9]},"faces":{"north":{"uv":[5.125,3.625,5.625,3.125],"texture":"#0"},"east":{"uv":[5.125,3.125,5.625,2.625],"texture":"#0"},"south":{"uv":[5.125,3.625,5.625,3.125],"texture":"#0"},"west":{"uv":[5.625,3.125,5.125,2.625],"texture":"#0"},"up":{"uv":[4.3125,1,4.8125,0.5],"texture":"#0"},"down":{"uv":[5.125,3.625,5.625,3.125],"texture":"#0"}}},{"from":[6.5,11.1,5.25],"to":[9.5,13.6,10.75],"rotation":{"angle":0,"axis":"y","origin":[10,12.84142,7.4]},"faces":{"north":{"uv":[4.4375,4.5625,4.8125,4.875],"texture":"#0"},"east":{"uv":[5.25,4.25,4.5625,4.5625],"texture":"#0"},"south":{"uv":[4.4375,4.5625,4.8125,4.875],"texture":"#0"},"west":{"uv":[5.25,4.25,4.5625,4.5625],"texture":"#0"},"up":{"uv":[5.625,3.625,5.25,4.3125],"texture":"#0"},"down":{"uv":[5.625,3.625,5.25,4.3125],"texture":"#0"}}},{"from":[6.55,12.6,8.75],"to":[9.45,13.6,10.75],"rotation":{"angle":45,"axis":"x","origin":[8.1,13.6,10.75]},"faces":{"north":{"uv":[4.4375,4.5625,4.8125,4.6875],"texture":"#0"},"east":{"uv":[4.8125,4.5625,5.0625,4.6875],"texture":"#0"},"south":{"uv":[4.4375,4.5625,4.8125,4.6875],"texture":"#0"},"west":{"uv":[5.0625,4.5625,4.8125,4.6875],"texture":"#0"},"up":{"uv":[4.9375,4.8125,4.5625,5.0625],"texture":"#0"},"down":{"uv":[4.9375,4.8125,4.5625,5.0625],"texture":"#0"}}},{"from":[6.55,12.6,5.25],"to":[9.45,13.6,7.25],"rotation":{"angle":-45,"axis":"x","origin":[8.1,13.6,5.25]},"faces":{"north":{"uv":[4.8125,4.5625,4.4375,4.6875],"texture":"#0"},"east":{"uv":[5.0625,4.5625,4.8125,4.6875],"texture":"#0"},"south":{"uv":[4.8125,4.5625,4.4375,4.6875],"texture":"#0"},"west":{"uv":[4.8125,4.5625,5.0625,4.6875],"texture":"#0"},"up":{"uv":[4.9375,5.0625,4.5625,4.8125],"texture":"#0"},"down":{"uv":[4.9375,5.0625,4.5625,4.8125],"texture":"#0"}}},{"from":[8,11,-1.5],"to":[8,17,4.5],"rotation":{"angle":-22.5,"axis":"y","origin":[8,14,4.5]},"faces":{"north":{"uv":[0,0,0,0.875],"texture":"#missing"},"east":{"uv":[4.625,0,5.375,0.75],"texture":"#0"},"south":{"uv":[0,0,0,0.875],"texture":"#missing"},"west":{"uv":[5.375,0,4.625,0.75],"texture":"#0"},"up":{"uv":[0,0.375,0,0],"texture":"#missing"},"down":{"uv":[0,0.375,0,0],"texture":"#missing"}}},{"from":[8,11,-1.5],"to":[8,17,4.5],"rotation":{"angle":22.5,"axis":"y","origin":[8,14,4.5]},"faces":{"north":{"uv":[0,0,0,0.875],"texture":"#missing"},"east":{"uv":[4.625,0,5.375,0.75],"texture":"#0"},"south":{"uv":[0,0,0,0.875],"texture":"#missing"},"west":{"uv":[5.375,0,4.625,0.75],"texture":"#0"},"up":{"uv":[0,0.375,0,0],"texture":"#missing"},"down":{"uv":[0,0.375,0,0],"texture":"#missing"}}},{"from":[8,-15.81371,3.81371],"to":[8,-9.81371,9.81371],"rotation":{"angle":-22.5,"axis":"x","origin":[6,1.5,19.5]},"faces":{"north":{"uv":[0,0,0,0.375],"rotation":180,"texture":"#missing"},"east":{"uv":[5.375,0,4.625,0.75],"rotation":270,"texture":"#0"},"south":{"uv":[0,0,0,0.375],"texture":"#missing"},"west":{"uv":[4.625,0,5.375,0.75],"rotation":90,"texture":"#0"},"up":{"uv":[0,0,0,0.875],"rotation":180,"texture":"#missing"},"down":{"uv":[0,0,0,0.875],"texture":"#missing"}}},{"from":[6.05,13.9,8.88744],"to":[9.95,16.4,11.38744],"rotation":{"angle":-45,"axis":"x","origin":[11.5,13,8]},"faces":{"north":{"uv":[4.4375,6.6875,4.9375,6.375],"texture":"#0"},"east":{"uv":[5.25,4.3125,5.5625,4.625],"texture":"#0"},"south":{"uv":[4.4375,6.6875,4.9375,6.375],"texture":"#0"},"west":{"uv":[5.5625,4.3125,5.25,4.625],"texture":"#0"},"up":{"uv":[4.4375,6.375,4.9375,6.6875],"texture":"#0"},"down":{"uv":[4.4375,6.6875,4.9375,6.375],"texture":"#0"}}},{"from":[6.05,9.4,8.88744],"to":[9.95,11.9,11.38744],"rotation":{"angle":-45,"axis":"x","origin":[11.5,8.5,8]},"faces":{"north":{"uv":[4.9375,6.6875,5.4375,6.375],"texture":"#0"},"east":{"uv":[4.125,5.75,4.4375,6.0625],"texture":"#0"},"south":{"uv":[4.4375,6.6875,4.9375,6.375],"texture":"#0"},"west":{"uv":[4.4375,5.75,4.125,6.0625],"texture":"#0"},"up":{"uv":[4.4375,6.6875,4.9375,6.375],"texture":"#0"},"down":{"uv":[4.9375,6.6875,5.4375,6.375],"texture":"#0"}}},{"from":[6,11.5,6.25],"to":[10,16,9.75],"rotation":{"angle":0,"axis":"y","origin":[11.5,13.24142,8.5]},"faces":{"north":{"uv":[5.5625,5.75,5.0625,6.3125],"texture":"#0"},"east":{"uv":[5.375,4.6875,4.9375,5.25],"texture":"#0"},"south":{"uv":[5.5625,5.75,5.0625,6.3125],"texture":"#0"},"west":{"uv":[5.375,4.6875,4.9375,5.25],"texture":"#0"},"up":{"uv":[5.4375,5.25,4.9375,5.6875],"texture":"#0"},"down":{"uv":[5.4375,5.25,4.9375,5.6875],"texture":"#0"}}},{"from":[6.75,7.5,4.5],"to":[9.25,10.5,11.5],"rotation":{"angle":0,"axis":"y","origin":[8.3,0.88858,8.0625]},"faces":{"north":{"uv":[2.6875,4.875,3,4.5],"texture":"#0"},"east":{"uv":[0.8125,3,1.6875,2.625],"texture":"#0"},"south":{"uv":[2.6875,4.875,3,4.5],"texture":"#0"},"west":{"uv":[0.8125,3,1.6875,2.625],"texture":"#0"},"up":{"uv":[0,4,0.3125,3.125],"texture":"#0"},"down":{"uv":[0.3125,4,0.625,3.125],"texture":"#0"}}},{"from":[7.9,9.8,1.5],"to":[7.9,19.8,14.5],"rotation":{"angle":0,"axis":"y","origin":[6.9,10.8,-11]},"faces":{"north":{"uv":[0,0,0,0.07813],"texture":"#missing"},"east":{"uv":[0,0,13,10],"texture":"#1"},"south":{"uv":[0,0,0,0.07813],"texture":"#missing"},"west":{"uv":[0,0,13,10],"texture":"#1"},"up":{"uv":[0,0.15625,0,0],"texture":"#missing"},"down":{"uv":[0,0,0,0.15625],"texture":"#missing"}}},{"from":[8.1,9.8,1.5],"to":[8.1,19.8,14.5],"rotation":{"angle":0,"axis":"y","origin":[9.1,10.8,-11]},"faces":{"north":{"uv":[0,0,0,0.07813],"texture":"#missing"},"east":{"uv":[13,0,0,10],"texture":"#1"},"south":{"uv":[0,0,0,0.07813],"texture":"#missing"},"west":{"uv":[13,0,0,10],"texture":"#1"},"up":{"uv":[0,0.15625,0,0],"texture":"#missing"},"down":{"uv":[0,0,0,0.15625],"texture":"#missing"}}}],"gui_light":"front","display":{"thirdperson_righthand":{"translation":[0,7.75,1.5],"scale":[0.6,0.6,0.6]},"thirdperson_lefthand":{"translation":[0,7.75,1.5],"scale":[0.6,0.6,0.6]},"firstperson_righthand":{"rotation":[-10,7,2],"translation":[5.5,7.75,-4.25],"scale":[0.50625,0.50625,0.50625]},"firstperson_lefthand":{"rotation":[-10,7,2],"translation":[5.5,7.75,-4.25],"scale":[0.50625,0.50625,0.50625]},"ground":{"rotation":[0,0,90],"translation":[-3.75,2.5,0.25],"scale":[0.45,0.45,0.45]},"gui":{"rotation":[-90,-135,-90],"translation":[-2.75,2.75,-1.5],"scale":[0.50195,0.50195,0.50195]},"head":{"scale":[0,0,0]},"fixed":{"rotation":[-90,-90,-90],"translation":[0,12,-2.5],"scale":[1.2,1.2,1.2]}}}