{"credit":"Made with Blockbench","texture_size":[64,64],"textures":{"0":"elitecreatures:demonking_assortment/muzan_helmet","particle":"elitecreatures:demonking_assortment/muzan_helmet"},"elements":[{"from":[3,4,3],"to":[13,14,13],"rotation":{"angle":0,"axis":"y","origin":[0,2,0]},"faces":{"north":{"uv":[0,1.75,2.5,4.25],"texture":"#0"},"east":{"uv":[2.5,4.25,0,6.75],"texture":"#0"},"south":{"uv":[2.5,1.75,5,4.25],"texture":"#0"},"west":{"uv":[0,4.25,2.5,6.75],"texture":"#0"},"up":{"uv":[0,10.25,2.5,12.75],"texture":"#0"}}},{"from":[13,14,13],"to":[3,4,3],"rotation":{"angle":0,"axis":"y","origin":[6,6,6]},"faces":{"north":{"uv":[2.5,4.25,5,1.75],"texture":"#0"},"east":{"uv":[0,6.75,2.5,4.25],"texture":"#0"},"south":{"uv":[0,4.25,2.5,1.75],"texture":"#0"},"west":{"uv":[2.5,6.75,0,4.25],"texture":"#0"}}},{"from":[1,10.9,1.98],"to":[8,13.9,14.02],"rotation":{"angle":22.5,"axis":"z","origin":[8,13.9,0]},"faces":{"north":{"uv":[8.25,8,10,8.75],"texture":"#0"},"south":{"uv":[0,8.5,1.75,9.25],"texture":"#0"},"west":{"uv":[6.75,0,9.75,0.75],"texture":"#0"},"up":{"uv":[4.25,7.25,2.5,4.25],"texture":"#0"},"down":{"uv":[6,4.25,4.25,7.25],"texture":"#0"}}},{"from":[1,1.1,1.98],"to":[8,4.1,14.02],"rotation":{"angle":-22.5,"axis":"z","origin":[8,1.1,0]},"faces":{"north":{"uv":[8.75,2.5,10.5,3.25],"texture":"#0"},"south":{"uv":[8.75,3.25,10.5,4],"texture":"#0"},"west":{"uv":[6.75,0.75,9.75,1.5],"texture":"#0"},"up":{"uv":[6.75,3,5,0],"texture":"#0"},"down":{"uv":[7.75,3,6,6],"texture":"#0"}}},{"from":[8,4.1,10.98],"to":[4,1.1,4.94],"rotation":{"angle":-22.5,"axis":"z","origin":[8,1.1,0]},"faces":{"north":{"uv":[11.25,0,10.25,0.75],"texture":"#0"},"east":{"uv":[11.75,0.75,10.25,1.5],"texture":"#0"},"south":{"uv":[11.25,0,10.25,0.75],"texture":"#0"}}},{"from":[12,4.1,11.01],"to":[8,1.1,4.98],"rotation":{"angle":22.5,"axis":"z","origin":[8,1.1,0]},"faces":{"north":{"uv":[10.25,0,11.25,0.75],"texture":"#0"},"south":{"uv":[10.25,0,11.25,0.75],"texture":"#0"},"west":{"uv":[11.75,0.75,10.25,1.5],"texture":"#0"}}},{"from":[6,10,5],"to":[10,14,12],"rotation":{"angle":-45,"axis":"x","origin":[8,14,5]},"faces":{"north":{"uv":[5,3,6,4],"texture":"#0"},"east":{"uv":[5.75,7.25,4,8.25],"texture":"#0"},"south":{"uv":[8.75,4,9.75,5],"texture":"#0"},"west":{"uv":[4,7.25,5.75,8.25],"texture":"#0"},"up":{"uv":[8.75,4.25,7.75,2.5],"texture":"#0"},"down":{"uv":[8.75,4.25,7.75,6],"texture":"#0"}}},{"from":[5.99,17.11748,6.70551],"to":[10.04,21.11748,15.70551],"rotation":{"angle":22.5,"axis":"x","origin":[8.02,11.87868,2.87868]},"faces":{"north":{"uv":[8.75,5,9.75,6],"texture":"#0"},"east":{"uv":[9,1.5,6.75,2.5],"texture":"#0"},"south":{"uv":[8.75,6,9.75,7],"texture":"#0"},"west":{"uv":[6.75,1.5,9,2.5],"texture":"#0"},"up":{"uv":[3,9.5,2,7.25],"texture":"#0"},"down":{"uv":[4,7.25,3,9.5],"texture":"#0"}}},{"from":[6.52,6.29476,14.76303],"to":[9.52,14.29476,17.76303],"rotation":{"angle":0,"axis":"y","origin":[8.015,7.93492,17.19241]},"faces":{"north":{"uv":[5.75,8,6.5,10],"texture":"#0"},"east":{"uv":[7.25,8,6.5,10],"texture":"#0"},"south":{"uv":[8,6,8.75,8],"texture":"#0"},"west":{"uv":[6.5,8,7.25,10],"texture":"#0"},"up":{"uv":[1.5,10,0.75,9.25],"texture":"#0"},"down":{"uv":[2.25,9.5,1.5,10.25],"texture":"#0"}}},{"from":[6.5,5.05732,16.63435],"to":[9.54,8.05732,20.63435],"rotation":{"angle":45,"axis":"x","origin":[8.015,7.93492,17.19241]},"faces":{"north":{"uv":[2.25,9.5,3,10.25],"texture":"#0"},"east":{"uv":[9.75,7,8.75,7.75],"texture":"#0"},"south":{"uv":[3,9.5,3.75,10.25],"texture":"#0"},"west":{"uv":[8.75,7,9.75,7.75],"texture":"#0"},"up":{"uv":[9.75,2.5,9,1.5],"texture":"#0"},"down":{"uv":[0.75,9.25,0,10.25],"texture":"#0"}}},{"from":[8,5.05732,14.63435],"to":[8.02,13.05732,22.63435],"rotation":{"angle":45,"axis":"x","origin":[8.015,7.93492,17.19241]},"faces":{"east":{"uv":[8,6,6,8],"texture":"#0"},"west":{"uv":[6,6,8,8],"texture":"#0"}}},{"from":[3,14,-2],"to":[3.03,21,18],"rotation":{"angle":22.5,"axis":"z","origin":[3,14,3]},"faces":{"east":{"uv":[5,0,0,1.75],"texture":"#0"},"west":{"uv":[0,0,5,1.75],"texture":"#0"}}},{"from":[12.97,14,-2],"to":[13,21,18],"rotation":{"angle":-22.5,"axis":"z","origin":[13,14,3]},"faces":{"east":{"uv":[5,0,0,1.75],"texture":"#0"},"west":{"uv":[0,0,5,1.75],"texture":"#0"}}},{"from":[4.5,6.35,-2],"to":[4.52,12.35,2],"rotation":{"angle":45,"axis":"y","origin":[4.5,12.35,2]},"faces":{"east":{"uv":[8.25,8,7.25,9.5],"texture":"#0"},"west":{"uv":[7.25,8,8.25,9.5],"texture":"#0"}}},{"from":[6.5,0.95,-2],"to":[6.52,6.95,2],"rotation":{"angle":45,"axis":"y","origin":[6.5,10.95,2]},"faces":{"east":{"uv":[5,8.25,4,9.75],"texture":"#0"},"west":{"uv":[4,8.25,5,9.75],"texture":"#0"}}},{"from":[8,1.1,1.95],"to":[15,4.1,14.05],"rotation":{"angle":22.5,"axis":"z","origin":[8,1.1,0]},"faces":{"north":{"uv":[9.75,10,8,10.75],"texture":"#0"},"east":{"uv":[9.75,0.75,6.75,1.5],"texture":"#0"},"south":{"uv":[8,10,9.75,10.75],"texture":"#0"},"up":{"uv":[5,3,6.75,0],"texture":"#0"},"down":{"uv":[6,3,7.75,6],"texture":"#0"}}},{"from":[8,10.9,1.95],"to":[15,13.9,14.05],"rotation":{"angle":-22.5,"axis":"z","origin":[8,13.9,0]},"faces":{"north":{"uv":[10,8,8.25,8.75],"texture":"#0"},"east":{"uv":[9.75,0,6.75,0.75],"texture":"#0"},"south":{"uv":[4.25,10.5,2.5,11.25],"texture":"#0"},"up":{"uv":[2.5,7.25,4.25,4.25],"texture":"#0"},"down":{"uv":[4.25,4.25,6,7.25],"texture":"#0"}}},{"from":[11.48,6.6,-2],"to":[11.5,12.6,2],"rotation":{"angle":-45,"axis":"y","origin":[11.5,12.6,2]},"faces":{"east":{"uv":[8.25,8,7.25,9.5],"texture":"#0"},"west":{"uv":[7.25,8,8.25,9.5],"texture":"#0"}}},{"from":[9.48,0.95,-2],"to":[9.5,6.95,2],"rotation":{"angle":-45,"axis":"y","origin":[9.5,10.95,2]},"faces":{"east":{"uv":[5,8.25,4,9.75],"texture":"#0"},"west":{"uv":[4,8.25,5,9.75],"texture":"#0"}}},{"from":[6.5,11,1],"to":[9.5,16,4],"rotation":{"angle":0,"axis":"y","origin":[7.5,12,1]},"faces":{"north":{"uv":[5,8.25,5.75,9.5],"texture":"#0"},"east":{"uv":[9.75,8.75,9,10],"texture":"#0"},"south":{"uv":[8.25,8.75,9,10],"texture":"#0"},"west":{"uv":[9,8.75,9.75,10],"texture":"#0"},"up":{"uv":[5.75,10.25,5,9.5],"texture":"#0"},"down":{"uv":[8,9.5,7.25,10.25],"texture":"#0"}}},{"from":[8,9.5,0.99],"to":[10.12132,11.62132,4.02],"rotation":{"angle":45,"axis":"z","origin":[8,9.5,2.5]},"faces":{"north":{"uv":[2,6.75,2.5,7.25],"texture":"#0"},"south":{"uv":[9.75,2,10.25,2.5],"texture":"#0"},"west":{"uv":[6.75,2.5,7.5,3],"texture":"#0"},"up":{"uv":[10.25,0.75,9.75,0],"texture":"#0"},"down":{"uv":[10.25,0.75,9.75,1.5],"texture":"#0"}}},{"from":[8,14.5,0.98],"to":[10.12132,16.62132,4.01],"rotation":{"angle":45,"axis":"z","origin":[8,14.5,2.5]},"faces":{"north":{"uv":[4.25,9.75,4.75,10.25],"texture":"#0"},"east":{"uv":[3.75,10.5,4.25,9.75],"rotation":90,"texture":"#0"},"south":{"uv":[9.75,4.75,10.25,5.25],"texture":"#0"},"west":{"uv":[9.75,1.5,10.5,2],"texture":"#0"},"up":{"uv":[4.25,10.5,3.75,9.75],"texture":"#0"},"down":{"uv":[10.25,4,9.75,4.75],"texture":"#0"}}},{"from":[8,11.75,-7],"to":[8.03,18.75,1],"rotation":{"angle":22.5,"axis":"x","origin":[8,11.75,1]},"faces":{"east":{"uv":[2,6.75,0,8.5],"texture":"#0"},"west":{"uv":[0,6.75,2,8.5],"texture":"#0"}}}],"display":{"thirdperson_righthand":{"rotation":[48.02,39.07,12.56],"translation":[0,3.25,1.25],"scale":[0.6,0.6,0.6]},"thirdperson_lefthand":{"rotation":[48.02,39.07,12.56],"translation":[0,3.25,1.25],"scale":[0.6,0.6,0.6]},"firstperson_righthand":{"rotation":[-145.99,71.99,146.42],"translation":[4.5,2,-3.25],"scale":[0.6,0.6,0.6]},"firstperson_lefthand":{"rotation":[-145.99,71.99,146.42],"translation":[4.5,2,-3.25],"scale":[0.6,0.6,0.6]},"ground":{"translation":[-1.5,3.75,0.25],"scale":[0.57891,0.57891,0.57891]},"gui":{"rotation":[9,136,0],"scale":[0.61172,0.61172,0.61172]},"head":{"translation":[0.25,-0.25,-0.75],"scale":[1.6,1.6,1.6]},"fixed":{"translation":[0,3.75,-9],"scale":[1.55,1.55,1.55]}},"groups":[{"name":"group","origin":[13,14,3],"color":0,"boneType":"","children":[0,1,2,3,4,5,6,7,8,9,10,11,12,13,14,15,16,17,18,19,20,21,22]}]}