{"sources":[{"type":"single","resource":"workshop_six:rpg_weapons_tools/flintlock_ruby"},{"type":"single","resource":"workshop_six:rpg_weapons_tools/net_gold"},{"type":"single","resource":"pirate_reasure_set:staff_1"},{"type":"single","resource":"workshop_six:rpg_weapons_tools/destruction_staff_mythril"},{"type":"single","resource":"workshop_six:rpg_weapons_tools/net_iridium"},{"type":"single","resource":"workshop_six:rpg_weapons_tools/halberd_iridium"},{"type":"single","resource":"pirate_reasure_set:fishing_rod_0"},{"type":"single","resource":"workshop_six:rpg_weapons_tools/shovel_mythril"},{"type":"single","resource":"pirate_reasure_set:staff_0"},{"type":"single","resource":"pirate_reasure_set:fishing_rod_1"},{"type":"single","resource":"pirate_reasure_set:bow_0_1"},{"type":"single","resource":"pirate_reasure_set:bow_0_0"},{"type":"single","resource":"workshop_six:rpg_weapons_tools/shovel_gold"},{"type":"single","resource":"elitecreatures:demonking_assortment/muzan_fishing_rod"},{"type":"single","resource":"pirate_reasure_set:shield_blocking_0"},{"type":"single","resource":"pirate_reasure_set:shield_blocking_1"},{"type":"single","resource":"workshop_six:rpg_weapons_tools/hoe_gold"},{"type":"single","resource":"pirate_reasure_set:hoe_1"},{"type":"single","resource":"pirate_reasure_set:hoe_0"},{"type":"single","resource":"workshop_six:rpg_weapons_tools/sickle_amber"},{"type":"single","resource":"_iainternal:icons/icon_next_orange"},{"type":"single","resource":"workshop_six:rpg_weapons_tools/halberd_gold"},{"type":"single","resource":"workshop_six:rpg_weapons_tools/hoe_iridium"},{"type":"single","resource":"workshop_six:rpg_weapons_tools/halberd_amber"},{"type":"single","resource":"workshop_six:rpg_weapons_tools/sickle_diamond"},{"type":"single","resource":"workshop_six:rpg_weapons_tools/scythe_gold"},{"type":"single","resource":"pirate_reasure_set:sword_0"},{"type":"single","resource":"pirate_reasure_set:sword_1"},{"type":"single","resource":"workshop_six:rpg_weapons_tools/gauntlet_gold"},{"type":"single","resource":"workshop_six:rpg_weapons_tools/katana_copper"},{"type":"single","resource":"workshop_six:rpg_weapons_tools/axe_gold"},{"type":"single","resource":"pirate_reasure_set:rapier_sword_1"},{"type":"single","resource":"workshop_six:rpg_weapons_tools/pickaxe_diamond"},{"type":"single","resource":"pirate_reasure_set:rapier_sword_0"},{"type":"single","resource":"workshop_six:rpg_weapons_tools/sickle_mythril"},{"type":"single","resource":"elitecreatures:arthur_assortment/bow"},{"type":"single","resource":"workshop_six:rpg_weapons_tools/axe_diamond"},{"type":"single","resource":"elitecreatures:knight_assortment/knight_flag"},{"type":"single","resource":"workshop_six:rpg_weapons_tools/halberd_jade"},{"type":"single","resource":"workshop_six:rpg_weapons_tools/rod_copper"},{"type":"single","resource":"workshop_six:rpg_weapons_tools/grimoire_amber"},{"type":"single","resource":"elitecreatures:valkyrie_animated_v2/armor/valkyrie_boots"},{"type":"single","resource":"pirate_reasure_set:bow_1_1"},{"type":"single","resource":"workshop_six:rpg_weapons_tools/spear_iridium"},{"type":"single","resource":"workshop_six:rpg_weapons_tools/hoe_mythril"},{"type":"single","resource":"workshop_six:rpg_weapons_tools/pickaxe_copper"},{"type":"single","resource":"elitecreatures:knight_assortment/knight_hammer"},{"type":"single","resource":"workshop_six:rpg_weapons_tools/pickaxe_mythril"},{"type":"single","resource":"workshop_six:rpg_weapons_tools/greatsword_ruby"},{"type":"single","resource":"pirate_reasure_set:bow_1_0"},{"type":"single","resource":"_iainternal:icons/icon_cancel"},{"type":"single","resource":"pirate_reasure_set:wing_self_0"},{"type":"single","resource":"workshop_six:rpg_weapons_tools/sickle_copper"},{"type":"single","resource":"workshop_six:rpg_weapons_tools/shovel_diamond"},{"type":"single","resource":"workshop_six:rpg_weapons_tools/scythe_netherite"},{"type":"single","resource":"workshop_six:rpg_weapons_tools/axe_jade"},{"type":"single","resource":"pirate_reasure_set:wing_self_1"},{"type":"single","resource":"workshop_six:rpg_weapons_tools/hoe_amber"},{"type":"single","resource":"workshop_six:rpg_weapons_tools/scythe_amber"},{"type":"single","resource":"_iainternal:icons/icon_arrow_chest"},{"type":"single","resource":"elitecreatures:knight_assortment/knight_sword"},{"type":"single","resource":"workshop_six:rpg_weapons_tools/grimoire_gold"},{"type":"single","resource":"workshop_six:rpg_weapons_tools/grimoire_diamond"},{"type":"single","resource":"elitecreatures:arthur_assortment/sword"},{"type":"single","resource":"elitecreatures:knight_assortment/knight_helmet"},{"type":"single","resource":"workshop_six:rpg_weapons_tools/sickle_iron"},{"type":"single","resource":"elitecreatures:demonking_assortment/muzan_hammer"},{"type":"single","resource":"workshop_six:rpg_weapons_tools/harp_ruby"},{"type":"single","resource":"elitecreatures:demonking_assortment/muzan_bow"},{"type":"single","resource":"workshop_six:rpg_weapons_tools/flintlock_jade"},{"type":"single","resource":"workshop_six:rpg_weapons_tools/net_mythril"},{"type":"single","resource":"elitecreatures:valkyrie_animated_v2/valkyrie_texture"},{"type":"single","resource":"elitecreatures:knight_assortment/knight_shield"},{"type":"single","resource":"elitecreatures:knight_assortment/knight_chest"},{"type":"single","resource":"pirate_reasure_set:wing_1"},{"type":"single","resource":"workshop_six:rpg_weapons_tools/axe_amber"},{"type":"single","resource":"pirate_reasure_set:wing_0"},{"type":"single","resource":"elitecreatures:arthur_assortment/chest"},{"type":"single","resource":"workshop_six:rpg_weapons_tools/harp_jade"},{"type":"single","resource":"workshop_six:rpg_weapons_tools/rod_jade"},{"type":"single","resource":"workshop_six:rpg_weapons_tools/gauntlet_iridium"},{"type":"single","resource":"workshop_six:rpg_weapons_tools/gauntlet_ruby"},{"type":"single","resource":"pirate_reasure_set:chest_0"},{"type":"single","resource":"workshop_six:rpg_weapons_tools/net_netherite"},{"type":"single","resource":"pirate_reasure_set:chest_1"},{"type":"single","resource":"workshop_six:rpg_weapons_tools/scythe_jade"},{"type":"single","resource":"workshop_six:rpg_weapons_tools/shovel_iridium"},{"type":"single","resource":"workshop_six:rpg_weapons_tools/axe_iron"},{"type":"single","resource":"workshop_six:rpg_weapons_tools/flintlock_gold"},{"type":"single","resource":"workshop_six:rpg_weapons_tools/pickaxe_netherite"},{"type":"single","resource":"pirate_reasure_set:armor/boots"},{"type":"single","resource":"pirate_reasure_set:scythe_0"},{"type":"single","resource":"pirate_reasure_set:scythe_1"},{"type":"single","resource":"workshop_six:rpg_weapons_tools/destruction_staff_iridium"},{"type":"single","resource":"workshop_six:rpg_weapons_tools/grimoire_mythril"},{"type":"single","resource":"pirate_reasure_set:armor/helmet"},{"type":"single","resource":"workshop_six:rpg_weapons_tools/shovel_ruby"},{"type":"single","resource":"pirate_reasure_set:hammer_0"},{"type":"single","resource":"pirate_reasure_set:hammer_1"},{"type":"single","resource":"workshop_six:rpg_weapons_tools/harp_diamond"},{"type":"single","resource":"workshop_six:rpg_weapons_tools/greatsword_jade"},{"type":"single","resource":"pirate_reasure_set:armor/chestplate"},{"type":"single","resource":"pirate_reasure_set:dagger_1"},{"type":"single","resource":"elitecreatures:demonking_assortment/armor/demonkingassortment_armor_2_icon"},{"type":"single","resource":"workshop_six:rpg_weapons_tools/scythe_ruby"},{"type":"single","resource":"pirate_reasure_set:dagger_0"},{"type":"single","resource":"workshop_six:rpg_weapons_tools/flintlock_diamond"},{"type":"single","resource":"pirate_reasure_set:key_0"},{"type":"single","resource":"workshop_six:rpg_weapons_tools/halberd_ruby"},{"type":"single","resource":"pirate_reasure_set:key_1"},{"type":"single","resource":"workshop_six:rpg_weapons_tools/gauntlet_jade"},{"type":"single","resource":"elitecreatures:knight_assortment/armor/knightassortment_armor_1_icon"},{"type":"single","resource":"workshop_six:rpg_weapons_tools/rod_diamond"},{"type":"single","resource":"workshop_six:rpg_weapons_tools/flintlock_netherite"},{"type":"single","resource":"elitecreatures:arthur_assortment/cloak"},{"type":"single","resource":"workshop_six:rpg_weapons_tools/rod_ruby"},{"type":"single","resource":"workshop_six:rpg_weapons_tools/greatsword_diamond"},{"type":"single","resource":"pirate_reasure_set:shield_0"},{"type":"single","resource":"workshop_six:rpg_weapons_tools/spear_iron"},{"type":"single","resource":"pirate_reasure_set:shield_1"},{"type":"single","resource":"workshop_six:rpg_weapons_tools/katana_gold"},{"type":"single","resource":"pirate_reasure_set:crossbow_0_0"},{"type":"single","resource":"pirate_reasure_set:crossbow_0_1"},{"type":"single","resource":"elitecreatures:knight_assortment/knight_staff"},{"type":"single","resource":"workshop_six:rpg_weapons_tools/pickaxe_amber"},{"type":"single","resource":"pirate_reasure_set:bow_1"},{"type":"single","resource":"workshop_six:rpg_weapons_tools/destruction_staff_copper"},{"type":"single","resource":"pirate_reasure_set:bow_0"},{"type":"single","resource":"workshop_six:rpg_weapons_tools/katana_mythril"},{"type":"single","resource":"workshop_six:rpg_weapons_tools/scythe_copper"},{"type":"single","resource":"workshop_six:rpg_weapons_tools/scythe_diamond"},{"type":"single","resource":"workshop_six:rpg_weapons_tools/greatsword_gold"},{"type":"single","resource":"workshop_six:rpg_weapons_tools/hoe_iron"},{"type":"single","resource":"workshop_six:rpg_weapons_tools/spear_gold"},{"type":"single","resource":"elitecreatures:knight_assortment/knight_axe"},{"type":"single","resource":"elitecreatures:demonking_assortment/muzan_chest"},{"type":"single","resource":"workshop_six:rpg_weapons_tools/gauntlet_copper"},{"type":"single","resource":"elitecreatures:demonking_assortment/muzan_sword"},{"type":"single","resource":"workshop_six:rpg_weapons_tools/gauntlet_amber"},{"type":"single","resource":"workshop_six:rpg_weapons_tools/destruction_staff_ruby"},{"type":"single","resource":"elitecreatures:arthur_assortment/arthur_particle"},{"type":"single","resource":"workshop_six:rpg_weapons_tools/katana_iron"},{"type":"single","resource":"workshop_six:rpg_weapons_tools/halberd_diamond"},{"type":"single","resource":"workshop_six:rpg_weapons_tools/spear_copper"},{"type":"single","resource":"elitecreatures:arthur_assortment/shield"},{"type":"single","resource":"elitecreatures:demonking_assortment/muzan_crossobw"},{"type":"single","resource":"_iainternal:icons/icon_search"},{"type":"single","resource":"elitecreatures:arthur_assortment/crossbow"},{"type":"single","resource":"pirate_reasure_set:crossbow_1"},{"type":"single","resource":"elitecreatures:demonking_assortment/muzan_hoe"},{"type":"single","resource":"workshop_six:rpg_weapons_tools/net_copper"},{"type":"single","resource":"pirate_reasure_set:crossbow_0"},{"type":"single","resource":"elitecreatures:demonking_assortment/muzan_particle"},{"type":"single","resource":"workshop_six:rpg_weapons_tools/net_iron"},{"type":"single","resource":"workshop_six:rpg_weapons_tools/hoe_netherite"},{"type":"single","resource":"elitecreatures:arthur_assortment/pickaxe"},{"type":"single","resource":"pirate_reasure_set:fishing_rod_cast_1"},{"type":"single","resource":"elitecreatures:demonking_assortment/armor/demonkingassortment_armor_1_icon"},{"type":"single","resource":"elitecreatures:arthur_assortment/helmet"},{"type":"single","resource":"workshop_six:rpg_weapons_tools/grimoire_iron"},{"type":"single","resource":"workshop_six:rpg_weapons_tools/net_amber"},{"type":"single","resource":"workshop_six:rpg_weapons_tools/shovel_jade"},{"type":"single","resource":"workshop_six:rpg_weapons_tools/destruction_staff_jade"},{"type":"single","resource":"pirate_reasure_set:fishing_rod_cast_0"},{"type":"single","resource":"workshop_six:rpg_weapons_tools/gauntlet_netherite"},{"type":"single","resource":"workshop_six:rpg_weapons_tools/katana_netherite"},{"type":"single","resource":"pirate_reasure_set:hat_0"},{"type":"single","resource":"axe_copper"},{"type":"single","resource":"workshop_six:rpg_weapons_tools/grimoire_iridium"},{"type":"single","resource":"elitecreatures:knight_assortment/knight_bow"},{"type":"single","resource":"elitecreatures:valkyrie_animated_v2/valkyrie_animation"},{"type":"single","resource":"elitecreatures:valkyrie_animated_v2/armor/valkyrie_helmet"},{"type":"single","resource":"_iainternal:icons/icon_left_blue"},{"type":"single","resource":"workshop_six:rpg_weapons_tools/pickaxe_iron"},{"type":"single","resource":"workshop_six:rpg_weapons_tools/greatsword_copper"},{"type":"single","resource":"workshop_six:rpg_weapons_tools/gauntlet_mythril"},{"type":"single","resource":"workshop_six:rpg_weapons_tools/grimoire_netherite"},{"type":"single","resource":"workshop_six:rpg_weapons_tools/scythe_iridium"},{"type":"single","resource":"workshop_six:rpg_weapons_tools/grimoire_ruby"},{"type":"single","resource":"elitecreatures:knight_assortment/firework_crossbow"},{"type":"single","resource":"elitecreatures:arthur_assortment/armor/arthurassortment_armor_1_icon"},{"type":"single","resource":"elitecreatures:arthur_assortment/hammer"},{"type":"single","resource":"elitecreatures:knight_assortment/knight_shovel"},{"type":"single","resource":"workshop_six:rpg_weapons_tools/rod_amber"},{"type":"single","resource":"workshop_six:rpg_weapons_tools/rod_gold"},{"type":"single","resource":"workshop_six:rpg_weapons_tools/harp_iridium"},{"type":"single","resource":"workshop_six:rpg_weapons_tools/katana_jade"},{"type":"single","resource":"workshop_six:rpg_weapons_tools/destruction_staff_iron"},{"type":"single","resource":"pirate_reasure_set:axe_1"},{"type":"single","resource":"pirate_reasure_set:axe_0"},{"type":"single","resource":"elitecreatures:arthur_assortment/firework_crossbow"},{"type":"single","resource":"workshop_six:rpg_weapons_tools/spear_diamond"},{"type":"single","resource":"workshop_six:rpg_weapons_tools/flintlock_mythril"},{"type":"single","resource":"workshop_six:rpg_weapons_tools/katana_iridium"},{"type":"single","resource":"pirate_reasure_set:crossbow_2_0"},{"type":"single","resource":"workshop_six:rpg_weapons_tools/flintlock_iron"},{"type":"single","resource":"workshop_six:rpg_weapons_tools/greatsword_netherite"},{"type":"single","resource":"workshop_six:rpg_weapons_tools/katana_ruby"},{"type":"single","resource":"pirate_reasure_set:crossbow_2_1"},{"type":"single","resource":"elitecreatures:demonking_assortment/muzan_pickaxe"},{"type":"single","resource":"workshop_six:rpg_weapons_tools/katana_amber"},{"type":"single","resource":"elitecreatures:knight_assortment/knight_fishing_rod"},{"type":"single","resource":"elitecreatures:arthur_assortment/staff"},{"type":"single","resource":"elitecreatures:valkyrie_animated_v2/armor/valkyrie_leggings"},{"type":"single","resource":"workshop_six:rpg_weapons_tools/halberd_netherite"},{"type":"single","resource":"pirate_reasure_set:pickaxe_1"},{"type":"single","resource":"pirate_reasure_set:shovel_1"},{"type":"single","resource":"workshop_six:rpg_weapons_tools/flintlock_iridium"},{"type":"single","resource":"pirate_reasure_set:pickaxe_0"},{"type":"single","resource":"pirate_reasure_set:shovel_0"},{"type":"single","resource":"workshop_six:rpg_weapons_tools/spear_mythril"},{"type":"single","resource":"workshop_six:rpg_weapons_tools/sickle_netherite"},{"type":"single","resource":"workshop_six:rpg_weapons_tools/spear_amber"},{"type":"single","resource":"workshop_six:rpg_weapons_tools/spear_ruby"},{"type":"single","resource":"workshop_six:rpg_weapons_tools/sickle_ruby"},{"type":"single","resource":"elitecreatures:demonking_assortment/muzan_battle_axe"},{"type":"single","resource":"workshop_six:rpg_weapons_tools/harp_iron"},{"type":"single","resource":"workshop_six:rpg_weapons_tools/axe_copper"},{"type":"single","resource":"elitecreatures:demonking_assortment/muzan_helmet"},{"type":"single","resource":"workshop_six:rpg_weapons_tools/sickle_jade"},{"type":"single","resource":"workshop_six:rpg_weapons_tools/destruction_staff_gold"},{"type":"single","resource":"pirate_reasure_set:armor/leggings"},{"type":"single","resource":"pirate_reasure_set:crossbow_charged_0"},{"type":"single","resource":"elitecreatures:arthur_assortment/axe"},{"type":"single","resource":"pirate_reasure_set:crossbow_charged_1"},{"type":"single","resource":"workshop_six:rpg_weapons_tools/spear_jade"},{"type":"single","resource":"workshop_six:rpg_weapons_tools/gauntlet_diamond"},{"type":"single","resource":"workshop_six:rpg_weapons_tools/spear_netherite"},{"type":"single","resource":"workshop_six:rpg_weapons_tools/pickaxe_iridium"},{"type":"single","resource":"workshop_six:rpg_weapons_tools/greatsword_iron"},{"type":"single","resource":"elitecreatures:demonking_assortment/muzan_shovel"},{"type":"single","resource":"elitecreatures:knight_assortment/knight_pickaxe"},{"type":"single","resource":"workshop_six:rpg_weapons_tools/axe_netherite"},{"type":"single","resource":"pirate_reasure_set:crossbow_1_1"},{"type":"single","resource":"pirate_reasure_set:crossbow_1_0"},{"type":"single","resource":"workshop_six:rpg_weapons_tools/pickaxe_gold"},{"type":"single","resource":"workshop_six:rpg_weapons_tools/net_diamond"},{"type":"single","resource":"elitecreatures:knight_assortment/armor/knightassortment_armor_2_icon"},{"type":"single","resource":"workshop_six:rpg_weapons_tools/rod_netherite"},{"type":"single","resource":"workshop_six:rpg_weapons_tools/harp_netherite"},{"type":"single","resource":"elitecreatures:demonking_assortment/muzan_tentacles"},{"type":"single","resource":"workshop_six:rpg_weapons_tools/scythe_mythril"},{"type":"single","resource":"workshop_six:rpg_weapons_tools/halberd_mythril"},{"type":"single","resource":"pirate_reasure_set:bow_2_1"},{"type":"single","resource":"workshop_six:rpg_weapons_tools/flintlock_amber"},{"type":"single","resource":"pirate_reasure_set:bow_2_0"},{"type":"single","resource":"workshop_six:rpg_weapons_tools/shovel_iron"},{"type":"single","resource":"workshop_six:rpg_weapons_tools/rod_mythril"},{"type":"single","resource":"workshop_six:rpg_weapons_tools/hoe_diamond"},{"type":"single","resource":"elitecreatures:knight_assortment/knight_key"},{"type":"single","resource":"workshop_six:rpg_weapons_tools/gauntlet_iron"},{"type":"single","resource":"pirate_reasure_set:wing_self2_0"},{"type":"single","resource":"workshop_six:rpg_weapons_tools/net_jade"},{"type":"single","resource":"workshop_six:rpg_weapons_tools/sickle_iridium"},{"type":"single","resource":"pirate_reasure_set:wing_self2_1"},{"type":"single","resource":"workshop_six:rpg_weapons_tools/flintlock_copper"},{"type":"single","resource":"workshop_six:rpg_weapons_tools/shovel_netherite"},{"type":"single","resource":"workshop_six:rpg_weapons_tools/harp_amber"},{"type":"single","resource":"workshop_six:rpg_weapons_tools/destruction_staff_netherite"},{"type":"single","resource":"elitecreatures:arthur_assortment/shovel"},{"type":"single","resource":"elitecreatures:knight_assortment/knight_crossbow"},{"type":"single","resource":"workshop_six:rpg_weapons_tools/halberd_copper"},{"type":"single","resource":"workshop_six:rpg_weapons_tools/harp_mythril"},{"type":"single","resource":"elitecreatures:demonking_assortment/muzan_shield"},{"type":"single","resource":"workshop_six:rpg_weapons_tools/destruction_staff_amber"},{"type":"single","resource":"elitecreatures:arthur_assortment/hoe"},{"type":"single","resource":"workshop_six:rpg_weapons_tools/halberd_iron"},{"type":"single","resource":"workshop_six:rpg_weapons_tools/rod_iron"},{"type":"single","resource":"workshop_six:rpg_weapons_tools/axe_ruby"},{"type":"single","resource":"workshop_six:rpg_weapons_tools/hoe_jade"},{"type":"single","resource":"elitecreatures:knight_assortment/knight_hoe"},{"type":"single","resource":"workshop_six:rpg_weapons_tools/grimoire_copper"},{"type":"single","resource":"elitecreatures:arthur_assortment/spear"},{"type":"single","resource":"workshop_six:rpg_weapons_tools/pickaxe_jade"},{"type":"single","resource":"workshop_six:rpg_weapons_tools/grimoire_jade"},{"type":"single","resource":"elitecreatures:arthur_assortment/armor/arthurassortment_armor_2_icon"},{"type":"single","resource":"elitecreatures:demonking_assortment/muzan_staff"},{"type":"single","resource":"workshop_six:rpg_weapons_tools/greatsword_mythril"},{"type":"single","resource":"workshop_six:rpg_weapons_tools/greatsword_iridium"},{"type":"single","resource":"pirate_reasure_set:trident_1"},{"type":"single","resource":"pirate_reasure_set:trident_0"},{"type":"single","resource":"workshop_six:rpg_weapons_tools/axe_mythril"},{"type":"single","resource":"workshop_six:rpg_weapons_tools/sickle_gold"},{"type":"single","resource":"pirate_reasure_set:spear_0"},{"type":"single","resource":"pirate_reasure_set:spear_1"},{"type":"single","resource":"workshop_six:rpg_weapons_tools/shovel_amber"},{"type":"single","resource":"workshop_six:rpg_weapons_tools/greatsword_amber"},{"type":"single","resource":"workshop_six:rpg_weapons_tools/scythe_iron"},{"type":"single","resource":"_iainternal:icons/icon_back_orange"},{"type":"single","resource":"workshop_six:rpg_weapons_tools/hoe_ruby"},{"type":"single","resource":"elitecreatures:demonking_assortment/muzan_axe"},{"type":"single","resource":"elitecreatures:valkyrie_animated_v2/armor/valkyrie_chestplate"},{"type":"single","resource":"workshop_six:rpg_weapons_tools/harp_copper"},{"type":"single","resource":"workshop_six:rpg_weapons_tools/hoe_copper"},{"type":"single","resource":"workshop_six:rpg_weapons_tools/harp_gold"},{"type":"single","resource":"_iainternal:icons/icon_right_blue"},{"type":"single","resource":"workshop_six:rpg_weapons_tools/axe_iridium"},{"type":"single","resource":"workshop_six:rpg_weapons_tools/shovel_copper"},{"type":"single","resource":"workshop_six:rpg_weapons_tools/katana_diamond"},{"type":"single","resource":"workshop_six:rpg_weapons_tools/destruction_staff_diamond"},{"type":"single","resource":"workshop_six:rpg_weapons_tools/rod_iridium"},{"type":"single","resource":"workshop_six:rpg_weapons_tools/net_ruby"},{"type":"single","resource":"elitecreatures:knight_assortment/knight_glaive"},{"type":"single","resource":"workshop_six:rpg_weapons_tools/pickaxe_ruby"}]}