{"credit":"Made with Blockbench","texture_size":[32,32],"textures":{"0":"elitecreatures:knight_assortment/knight_axe","particle":"elitecreatures:knight_assortment/knight_axe"},"elements":[{"from":[7.56,-15.88909,2.74135],"to":[7.6,-7.88909,10.74135],"rotation":{"angle":22.5,"axis":"x","origin":[7.6,-8.88909,10.74135]},"faces":{"east":{"uv":[4,0,0,4],"texture":"#0"},"west":{"uv":[0,0,4,4],"texture":"#0"}}},{"from":[6.1,-9,7.92333],"to":[9.1,-5,10.92333],"rotation":{"angle":0,"axis":"y","origin":[7.6,-7,9.42333]},"faces":{"north":{"uv":[0,9,1.5,11],"texture":"#0"},"east":{"uv":[0,9,1.5,11],"texture":"#0"},"south":{"uv":[0,9,1.5,11],"texture":"#0"},"west":{"uv":[0,9,1.5,11],"texture":"#0"},"up":{"uv":[11,4,9.5,2.5],"rotation":270,"texture":"#0"},"down":{"uv":[8,9.5,6.5,11],"rotation":90,"texture":"#0"}}},{"from":[6.6,-5,8.42333],"to":[8.6,8,10.42333],"rotation":{"angle":45,"axis":"y","origin":[7.6,-2.5,9.42333]},"faces":{"north":{"uv":[4,4.5,3,11],"texture":"#0"},"east":{"uv":[3,4.5,4,11],"texture":"#0"},"south":{"uv":[4,4.5,3,11],"texture":"#0"},"west":{"uv":[3,4.5,4,11],"texture":"#0"}}},{"from":[6.1,3,7.92333],"to":[9.1,5,10.92333],"rotation":{"angle":0,"axis":"y","origin":[7.6,-2,9.42333]},"faces":{"north":{"uv":[10.5,0,12,1],"texture":"#0"},"east":{"uv":[10.5,0,12,1],"texture":"#0"},"south":{"uv":[10.5,0,12,1],"texture":"#0"},"west":{"uv":[10.5,0,12,1],"texture":"#0"},"up":{"uv":[11,9,9.5,7.5],"rotation":270,"texture":"#0"},"down":{"uv":[10,9.5,8.5,11],"rotation":90,"texture":"#0"}}},{"from":[6.1,7.25,6.42333],"to":[9.1,12.25,11.42333],"rotation":{"angle":45,"axis":"x","origin":[7.1,9.25,9.42333]},"faces":{"north":{"uv":[7.5,2.5,9,5],"texture":"#0"},"east":{"uv":[7,4.5,4.5,7],"texture":"#0"},"south":{"uv":[4.5,7.5,6,10],"texture":"#0"},"west":{"uv":[4.5,4.5,7,7],"texture":"#0"},"up":{"uv":[10,7,7.5,5.5],"rotation":270,"texture":"#0"},"down":{"uv":[9,7.5,6.5,9],"rotation":90,"texture":"#0"}}},{"from":[7.6,8,2.42333],"to":[7.61,12,8.42333],"rotation":{"angle":0,"axis":"y","origin":[6.6,8,6.42333]},"faces":{"east":{"uv":[10,0,7,2],"texture":"#0"},"west":{"uv":[7,0,10,2],"texture":"#0"}}},{"from":[7.59,2,-0.57667],"to":[7.62,10,4.42333],"rotation":{"angle":-22.5,"axis":"x","origin":[7.6,10,-0.57667]},"faces":{"east":{"uv":[7,0,4.5,4],"texture":"#0"},"west":{"uv":[4.5,0,7,4],"texture":"#0"}}},{"from":[7.58,10,-0.57667],"to":[7.63,18,4.42333],"rotation":{"angle":22.5,"axis":"x","origin":[7.6,10,-0.57667]},"faces":{"east":{"uv":[2.5,4.5,0,8.5],"texture":"#0"},"west":{"uv":[0,4.5,2.5,8.5],"texture":"#0"}}},{"from":[7.6,8.35,10.82333],"to":[7.63,14.35,18.82333],"rotation":{"angle":-22.5,"axis":"x","origin":[7.6,8.7,11.82333]},"faces":{"east":{"uv":[15,1.5,11.5,4.5],"texture":"#0"},"west":{"uv":[11,1.5,15,4.5],"texture":"#0"}}},{"from":[7.1,8,2.42333],"to":[8.11,12,8.42333],"rotation":{"angle":0,"axis":"y","origin":[6.6,8,6.42333]},"faces":{"east":{"uv":[10,0,7,2],"texture":"#0"},"west":{"uv":[7,0,10,2],"texture":"#0"},"up":{"uv":[10,0,7,0.5],"rotation":270,"texture":"#0"},"down":{"uv":[10,1.5,7,2],"rotation":90,"texture":"#0"}}},{"from":[7.08,10,0.42333],"to":[8.13,14,3.42333],"rotation":{"angle":22.5,"axis":"x","origin":[7.6,10,-0.57667]},"faces":{"north":{"uv":[0.5,6.5,1,8.5],"texture":"#0"},"east":{"uv":[2,6.5,0.5,8.5],"texture":"#0"},"south":{"uv":[1.5,6.5,2,8.5],"texture":"#0"},"west":{"uv":[0.5,6.5,2,8.5],"texture":"#0"},"up":{"uv":[2,6.5,0.5,7],"rotation":270,"texture":"#0"}}},{"from":[7.09,5,0.42333],"to":[8.12,9,2.42333],"rotation":{"angle":-22.5,"axis":"x","origin":[7.6,10,-0.57667]},"faces":{"north":{"uv":[5,0.5,5.5,2.5],"texture":"#0"},"east":{"uv":[6,0.5,5,2.5],"texture":"#0"},"south":{"uv":[5.5,0.5,6,2.5],"texture":"#0"},"west":{"uv":[5,0.5,6,2.5],"texture":"#0"},"down":{"uv":[6,2,5,2.5],"rotation":90,"texture":"#0"}}}],"gui_light":"front","display":{"thirdperson_righthand":{"translation":[0,4,0],"scale":[0.6,0.6,0.6]},"thirdperson_lefthand":{"translation":[0,4,0],"scale":[0.6,0.6,0.6]},"firstperson_righthand":{"rotation":[11,16,0],"translation":[3,3.25,-2.25],"scale":[0.6,0.6,0.6]},"firstperson_lefthand":{"rotation":[11,16,0],"translation":[3,3.25,-2.25],"scale":[0.6,0.6,0.6]},"ground":{"rotation":[0,0,88],"translation":[-2,2.5,0.25],"scale":[0.45,0.45,0.45]},"gui":{"rotation":[-90,-135,-90],"translation":[-1.75,1.5,-1.5],"scale":[0.55,0.55,0.55]},"head":{"rotation":[90,-156,90],"translation":[-2,10,1.75],"scale":[0.6,0.6,0.6]},"fixed":{"rotation":[-90,-90,-90],"translation":[0,2.75,-1],"scale":[1.2,1.2,1.2]}},"groups":[{"name":"group","origin":[18,22,11.82333],"color":0,"children":[0,1,2,3,4,5,6,7,8,9,10,11]}]}