{"credit":"Made with Blockbench","texture_size":[32,32],"textures":{"0":"elitecreatures:knight_assortment/knight_flag","particle":"elitecreatures:knight_assortment/knight_flag"},"elements":[{"from":[10.27501,24.83125,7.675],"to":[10.92501,31.65625,8.325],"rotation":{"angle":-45,"axis":"y","origin":[10.60001,31.9,8]},"faces":{"north":{"uv":[16,16,15,5.5],"texture":"#0"},"east":{"uv":[15,16,16,5.5],"texture":"#0"},"south":{"uv":[16,16,15,5.5],"texture":"#0"},"west":{"uv":[15,16,16,5.5],"texture":"#0"},"up":{"uv":[5,11,6,12],"rotation":270,"texture":"#0"}}},{"from":[10.27501,20.6875,7.675],"to":[10.92501,24.2625,8.325],"rotation":{"angle":-45,"axis":"y","origin":[10.60001,31.9,8]},"faces":{"north":{"uv":[7,13.5,6,8],"texture":"#0"},"east":{"uv":[6,13.5,7,8],"texture":"#0"},"south":{"uv":[7,13.5,6,8],"texture":"#0"},"west":{"uv":[6,13.5,7,8],"texture":"#0"}}},{"from":[10.11251,24.2625,7.5125],"to":[11.08751,25.5625,8.4875],"rotation":{"angle":0,"axis":"y","origin":[10.60001,28.8125,8]},"faces":{"north":{"uv":[7.5,13,9,11],"texture":"#0"},"east":{"uv":[7.5,13,9,11],"texture":"#0"},"south":{"uv":[7.5,13,9,11],"texture":"#0"},"west":{"uv":[7.5,13,9,11],"texture":"#0"},"up":{"uv":[9.5,11,11,12.5],"rotation":270,"texture":"#0"},"down":{"uv":[4,15.5,5.5,14],"rotation":90,"texture":"#0"}}},{"from":[9.78751,24.84282,7.20394],"to":[11.41251,26.79282,7.21694],"rotation":{"angle":-22.5,"axis":"x","origin":[10.60001,25.49077,8]},"faces":{"north":{"uv":[0,11,2.5,8],"texture":"#0"},"south":{"uv":[0,11,2.5,8],"texture":"#0"}}},{"from":[9.78751,24.84282,8.78306],"to":[11.41251,26.79282,8.79606],"rotation":{"angle":22.5,"axis":"x","origin":[10.60001,25.49077,8]},"faces":{"north":{"uv":[2.5,11,0,8],"texture":"#0"},"south":{"uv":[2.5,11,0,8],"texture":"#0"}}},{"from":[9.80395,24.84282,7.1875],"to":[9.81695,26.79282,8.8125],"rotation":{"angle":22.5,"axis":"z","origin":[10.60001,25.49077,8]},"faces":{"east":{"uv":[2.5,11,0,8],"texture":"#0"},"west":{"uv":[2.5,11,0,8],"texture":"#0"}}},{"from":[11.38307,24.84282,7.1875],"to":[11.39607,26.79282,8.8125],"rotation":{"angle":-22.5,"axis":"z","origin":[10.60001,25.49077,8]},"faces":{"east":{"uv":[0,11,2.5,8],"texture":"#0"},"west":{"uv":[0,11,2.5,8],"texture":"#0"}}},{"from":[1.17501,18.7375,8],"to":[9.95001,23.9375,8.01625],"rotation":{"angle":-22.5,"axis":"z","origin":[8.51539,19.55,8.00813]},"faces":{"north":{"uv":[0,8,13.5,0],"texture":"#0"},"south":{"uv":[13.5,8,0,0],"texture":"#0"}}},{"from":[10.11251,19.0625,7.5125],"to":[11.08751,20.6875,8.4875],"rotation":{"angle":0,"axis":"y","origin":[10.60001,20.0375,8]},"faces":{"north":{"uv":[7.5,10.5,9,8],"texture":"#0"},"east":{"uv":[7.5,10.5,9,8],"texture":"#0"},"south":{"uv":[7.5,10.5,9,8],"texture":"#0"},"west":{"uv":[7.5,10.5,9,8],"texture":"#0"},"up":{"uv":[11.5,8,13,9.5],"rotation":270,"texture":"#0"},"down":{"uv":[0,13,1.5,11.5],"rotation":90,"texture":"#0"}}},{"from":[9.78751,17.925,7.506],"to":[11.41251,19.55,8.494],"rotation":{"angle":45,"axis":"z","origin":[10.60001,18.7375,8]},"faces":{"north":{"uv":[3,10.5,5.5,8],"texture":"#0"},"east":{"uv":[9.5,10.5,11,8],"texture":"#0"},"south":{"uv":[5.5,10.5,3,8],"texture":"#0"},"west":{"uv":[0,16,1.5,13.5],"texture":"#0"},"up":{"uv":[3,11,4.5,13.5],"rotation":270,"texture":"#0"},"down":{"uv":[2,16,3.5,13.5],"rotation":90,"texture":"#0"}}},{"from":[9.78751,29.95,7.506],"to":[11.41251,31.575,8.494],"rotation":{"angle":45,"axis":"z","origin":[10.60001,30.7625,8]},"faces":{"north":{"uv":[3,10.5,5.5,8],"texture":"#0"},"east":{"uv":[9.5,10.5,11,8],"texture":"#0"},"south":{"uv":[5.5,10.5,3,8],"texture":"#0"},"west":{"uv":[0,16,1.5,13.5],"texture":"#0"},"up":{"uv":[3,11,4.5,13.5],"rotation":270,"texture":"#0"},"down":{"uv":[2,16,3.5,13.5],"rotation":90,"texture":"#0"}}}],"gui_light":"front","display":{"thirdperson_righthand":{"rotation":[55,0,0],"translation":[0,2,1.75],"scale":[0.4,0.4,0.4]},"thirdperson_lefthand":{"rotation":[67.5,0,-35],"translation":[0.75,-6.5,6.75],"scale":[0.85,0.85,0.85]},"firstperson_righthand":{"rotation":[0,-76,0],"translation":[20.5,-4,-23.75]},"firstperson_lefthand":{"scale":[0,0,0]},"ground":{"rotation":[80,0,0],"translation":[0,2.25,-1.25],"scale":[0.6,0.6,0.6]},"gui":{"rotation":[0,180,30],"translation":[1,0,0],"scale":[0.43008,0.43008,0.43008]},"head":{"rotation":[0,0,150],"translation":[45.25,-80,5],"scale":[4,4,4]},"fixed":{"translation":[1.5,1.5,-3],"scale":[1.4,1.4,1.4]}},"groups":[{"name":"group","origin":[8,31.75,8],"color":0,"children":[0,1,2,3,4,5,6,7,8,9,10]}]}