{"credit":"Made with Blockbench","texture_size":[64,64],"textures":{"0":"elitecreatures:knight_assortment/knight_fishing_rod","particle":"elitecreatures:knight_assortment/knight_fishing_rod"},"elements":[{"from":[7,-5.3225,7],"to":[9,27.6775,9],"rotation":{"angle":45,"axis":"y","origin":[8,16.1775,8]},"faces":{"north":{"uv":[5.5,0,6,8.25],"texture":"#0"},"east":{"uv":[6,0,5.5,8.25],"texture":"#0"},"south":{"uv":[5.25,0,4.75,8.25],"texture":"#0"},"west":{"uv":[4.75,0,5.25,8.25],"texture":"#0"},"up":{"uv":[4.5,6.25,4,5.75],"rotation":270,"texture":"#0"}}},{"from":[6.5,-2.5725,2.75],"to":[9.5,2.4275,7.75],"rotation":{"angle":45,"axis":"x","origin":[8,4.1775,8]},"faces":{"north":{"uv":[2.25,7.75,3,9],"texture":"#0"},"east":{"uv":[7.5,4,6.25,5.25],"texture":"#0"},"south":{"uv":[3.25,7.75,4,9],"texture":"#0"},"west":{"uv":[6.25,4,7.5,5.25],"texture":"#0"},"up":{"uv":[9,4.75,7.75,4],"rotation":270,"texture":"#0"},"down":{"uv":[7.5,7.75,6.25,8.5],"rotation":90,"texture":"#0"}}},{"from":[5.5,-5.3225,5],"to":[5.52,1.6775,11],"rotation":{"angle":-45,"axis":"z","origin":[5.5,1.6775,11]},"faces":{"east":{"uv":[3.75,5.75,2.25,7.5],"texture":"#0"},"west":{"uv":[2.25,5.75,3.75,7.5],"texture":"#0"}}},{"from":[10.48,-5.3225,5],"to":[10.5,1.6775,11],"rotation":{"angle":45,"axis":"z","origin":[10.5,1.6775,11]},"faces":{"east":{"uv":[3.75,5.75,2.25,7.5],"texture":"#0","cullface":"north"},"west":{"uv":[2.25,5.75,3.75,7.5],"texture":"#0"}}},{"from":[5.5,1.6775,3],"to":[10.5,4.6775,9],"rotation":{"angle":0,"axis":"y","origin":[0,-1.8225,16]},"faces":{"north":{"uv":[7.75,7.75,9,8.5],"texture":"#0"},"east":{"uv":[7.75,5.5,6.25,6.25],"texture":"#0"},"south":{"uv":[0,8,1.25,8.75],"texture":"#0"},"west":{"uv":[6.25,5.5,7.75,6.25],"texture":"#0"},"up":{"uv":[7.75,2.25,6.25,1],"rotation":270,"texture":"#0"},"down":{"uv":[7.75,2.5,6.25,3.75],"rotation":90,"texture":"#0"}}},{"from":[6.72721,1.6575,7.43726],"to":[10.26274,4.6975,10.97279],"rotation":{"angle":45,"axis":"y","origin":[8,3.1775,9.7]},"faces":{"north":{"uv":[8,2,9,2.75],"texture":"#0"},"east":{"uv":[8,3,9,3.75],"texture":"#0"},"south":{"uv":[9,1,8,1.75],"texture":"#0"},"west":{"uv":[8,1,9,1.75],"texture":"#0"},"up":{"uv":[7.25,7.5,6.25,6.5],"rotation":270,"texture":"#0"},"down":{"uv":[8.5,6.5,7.5,7.5],"rotation":90,"texture":"#0"}}},{"from":[7,11.1775,4.2],"to":[10,11.2275,7.2],"rotation":{"angle":45,"axis":"y","origin":[8,11.1775,6.2]},"faces":{"up":{"uv":[9.5,7,8.75,6.25],"rotation":270,"texture":"#0"},"down":{"uv":[9.5,6.25,8.75,7],"rotation":90,"texture":"#0"}}},{"from":[6.5,-9.3225,6.5],"to":[9.5,-5.3225,9.5],"rotation":{"angle":0,"axis":"y","origin":[8,-7.3225,8]},"faces":{"north":{"uv":[8,5,8.75,6],"texture":"#0"},"east":{"uv":[8,5,8.75,6],"texture":"#0"},"south":{"uv":[8,5,8.75,6],"texture":"#0"},"west":{"uv":[8,5,8.75,6],"texture":"#0"},"up":{"uv":[7.5,9.5,6.75,8.75],"rotation":270,"texture":"#0"},"down":{"uv":[8.5,8.75,7.75,9.5],"rotation":90,"texture":"#0"}}},{"from":[7.96,-16,1.31802],"to":[8,-8,9.31802],"rotation":{"angle":22.5,"axis":"x","origin":[8,-9.21159,9.31802]},"faces":{"east":{"uv":[2,5.75,0,7.75],"texture":"#0"},"west":{"uv":[0,5.75,2,7.75],"texture":"#0"}}},{"from":[6.5,9.6775,6],"to":[9.5,11.6775,10],"rotation":{"angle":22.5,"axis":"x","origin":[8,10.6775,7.5]},"faces":{"north":{"uv":[9.25,2,10,2.5],"texture":"#0"},"east":{"uv":[3,9.25,2,9.75],"texture":"#0"},"south":{"uv":[9.25,2.75,10,3.25],"texture":"#0"},"west":{"uv":[2,9.25,3,9.75],"texture":"#0"},"up":{"uv":[5.25,9.25,4.25,8.5],"rotation":270,"texture":"#0"},"down":{"uv":[6.5,8.75,5.5,9.5],"rotation":90,"texture":"#0"}}},{"from":[6.5,17.1775,6],"to":[9.5,19.1775,10],"rotation":{"angle":22.5,"axis":"x","origin":[8,18.1775,7.5]},"faces":{"north":{"uv":[9.25,2,10,2.5],"texture":"#0"},"east":{"uv":[3,9.25,2,9.75],"texture":"#0"},"south":{"uv":[9.25,2.75,10,3.25],"texture":"#0"},"west":{"uv":[2,9.25,3,9.75],"texture":"#0"},"up":{"uv":[5.25,9.25,4.25,8.5],"rotation":270,"texture":"#0"},"down":{"uv":[6.5,8.75,5.5,9.5],"rotation":90,"texture":"#0"}}},{"from":[7,18.6775,4.2],"to":[10,18.7275,7.2],"rotation":{"angle":45,"axis":"y","origin":[8,18.6775,6.2]},"faces":{"up":{"uv":[9.5,7,8.75,6.25],"rotation":270,"texture":"#0"},"down":{"uv":[9.5,6.25,8.75,7],"rotation":90,"texture":"#0"}}},{"from":[6.5,24.9275,6],"to":[9.5,26.9275,10],"rotation":{"angle":22.5,"axis":"x","origin":[8,25.9275,7.5]},"faces":{"north":{"uv":[9.25,2,10,2.5],"texture":"#0"},"east":{"uv":[3,9.25,2,9.75],"texture":"#0"},"south":{"uv":[9.25,2.75,10,3.25],"texture":"#0"},"west":{"uv":[2,9.25,3,9.75],"texture":"#0"},"up":{"uv":[5.25,9.25,4.25,8.5],"rotation":270,"texture":"#0"},"down":{"uv":[6.5,8.75,5.5,9.5],"rotation":90,"texture":"#0"}}},{"from":[7,26.4275,4.2],"to":[10,26.4775,7.2],"rotation":{"angle":45,"axis":"y","origin":[8,26.4275,6.2]},"faces":{"up":{"uv":[9.5,7,8.75,6.25],"rotation":270,"texture":"#0"},"down":{"uv":[9.5,6.25,8.75,7],"rotation":90,"texture":"#0"}}},{"from":[8,7.55186,-9.19239],"to":[8.05,29.55186,8.80761],"rotation":{"angle":45,"axis":"x","origin":[8,16.55186,-1.19239]},"faces":{"east":{"uv":[4.5,0,0,5.5],"texture":"#0"},"west":{"uv":[0,0,4.5,5.5],"texture":"#0"}}},{"from":[6.4,26.1775,-2.75],"to":[9.4,29.1775,0.25],"rotation":{"angle":-22.5,"axis":"x","origin":[8,27.6775,7.25]},"faces":{"north":{"uv":[0,9,0.75,9.75],"texture":"#0"},"east":{"uv":[9.5,8.75,8.75,9.5],"texture":"#0"},"south":{"uv":[1,9,1.75,9.75],"texture":"#0"},"west":{"uv":[8.75,8.75,9.5,9.5],"texture":"#0"},"up":{"uv":[9.75,5.75,9,5],"rotation":270,"texture":"#0"},"down":{"uv":[10,1,9.25,1.75],"rotation":90,"texture":"#0"}}},{"from":[7.9,26.1775,-9.75],"to":[7.95,29.1775,7.25],"rotation":{"angle":-22.5,"axis":"x","origin":[8,27.6775,7.25]},"faces":{"east":{"uv":[10.5,0,6.25,0.75],"texture":"#0"},"west":{"uv":[6.25,0,10.5,0.75],"texture":"#0"}}}],"gui_light":"front","display":{"thirdperson_righthand":{"translation":[0,5,1.75],"scale":[0.5,0.5,0.5]},"thirdperson_lefthand":{"translation":[0,5,1.75],"scale":[0.5,0.5,0.5]},"firstperson_righthand":{"rotation":[-53,0,-8],"translation":[6,2.5,-6],"scale":[0.6,0.6,0.6]},"firstperson_lefthand":{"rotation":[-53,0,-8],"translation":[6,2.5,-6],"scale":[0.6,0.6,0.6]},"ground":{"rotation":[0,0,88],"translation":[-2,2.5,0.25],"scale":[0.45,0.45,0.45]},"gui":{"rotation":[-90,45,90],"translation":[-0.5,0.25,-1.5],"scale":[0.5,0.5,0.5]},"head":{"rotation":[90,-156,90],"translation":[1,10.5,1.75],"scale":[0.6,0.6,0.6]},"fixed":{"rotation":[-90,-90,-90],"translation":[0,5.5,0.25],"scale":[1.2,1.2,1.2]}},"groups":[{"name":"group","origin":[17.19239,16.55186,8],"color":0,"children":[0,1,2,3,4,5,6,7,8,9,10,11,12,13,14,{"name":"hook","origin":[8.75,17.6775,8],"color":0,"children":[15,16]}]}]}