{"credit":"Made with Blockbench","texture_size":[32,32],"textures":{"0":"elitecreatures:knight_assortment/knight_hoe","particle":"elitecreatures:knight_assortment/knight_hoe"},"elements":[{"from":[6.5,-9,6.5],"to":[9.5,-5,9.5],"rotation":{"angle":0,"axis":"y","origin":[8,-7,8]},"faces":{"north":{"uv":[6,7,7.5,9],"texture":"#0"},"east":{"uv":[6,7,7.5,9],"texture":"#0"},"south":{"uv":[6,7,7.5,9],"texture":"#0"},"west":{"uv":[6,7,7.5,9],"texture":"#0"},"up":{"uv":[1.5,10,0,8.5],"rotation":270,"texture":"#0"},"down":{"uv":[3.5,8.5,2,10],"rotation":90,"texture":"#0"}}},{"from":[7,-5,7],"to":[9,10,9],"rotation":{"angle":45,"axis":"y","origin":[8,-2.5,8]},"faces":{"north":{"uv":[4.5,0,5.5,7.5],"texture":"#0"},"east":{"uv":[5.5,0,4.5,7.5],"texture":"#0"},"south":{"uv":[4.5,0,5.5,7.5],"texture":"#0"},"west":{"uv":[5.5,0,4.5,7.5],"texture":"#0"}}},{"from":[6.5,5,6.5],"to":[9.5,7,9.5],"rotation":{"angle":0,"axis":"y","origin":[8,-2,8]},"faces":{"north":{"uv":[0,10.5,1.5,11.5],"texture":"#0"},"east":{"uv":[0,10.5,1.5,11.5],"texture":"#0"},"south":{"uv":[0,10.5,1.5,11.5],"texture":"#0"},"west":{"uv":[0,10.5,1.5,11.5],"texture":"#0"},"up":{"uv":[10.5,1.5,9,0],"rotation":270,"texture":"#0"},"down":{"uv":[10.5,2,9,3.5],"rotation":90,"texture":"#0"}}},{"from":[6,10,6],"to":[10,13,10],"rotation":{"angle":0,"axis":"y","origin":[-0.5,5,15.5]},"faces":{"east":{"uv":[8,5,6,6.5],"texture":"#0"},"west":{"uv":[6,5,8,6.5],"texture":"#0"},"up":{"uv":[8,2,6,0],"rotation":270,"texture":"#0"},"down":{"uv":[8,2.5,6,4.5],"rotation":90,"texture":"#0"}}},{"from":[7.96,-15.88909,1.31802],"to":[8,-7.88909,9.31802],"rotation":{"angle":22.5,"axis":"x","origin":[8,-8.88909,9.31802]},"faces":{"east":{"uv":[4,0,0,4],"texture":"#0"},"west":{"uv":[0,0,4,4],"texture":"#0"}}},{"from":[6.14645,9.99,3.52513],"to":[8.97487,13.01,6.35355],"rotation":{"angle":-45,"axis":"y","origin":[6.5,13,6]},"faces":{"north":{"uv":[9.5,9,8,10.5],"texture":"#0"},"west":{"uv":[8,9,9.5,10.5],"texture":"#0"},"up":{"uv":[7.5,11,6,9.5],"rotation":270,"texture":"#0"},"down":{"uv":[11.5,9,10,10.5],"rotation":90,"texture":"#0"}}},{"from":[4.5,11.5,-0.9],"to":[11.5,11.53,7.1],"rotation":{"angle":-22.5,"axis":"x","origin":[8,12,7.1]},"faces":{"up":{"uv":[4,8,0,4.5],"rotation":270,"texture":"#0","cullface":"north"},"down":{"uv":[4,4.5,0,8],"rotation":90,"texture":"#0"}}},{"from":[6.14645,9.99,9.64645],"to":[8.97487,13.01,12.47487],"rotation":{"angle":45,"axis":"y","origin":[6.5,13,10]},"faces":{"south":{"uv":[8,9,9.5,10.5],"texture":"#0"},"west":{"uv":[9.5,9,8,10.5],"texture":"#0"},"up":{"uv":[6,11,7.5,9.5],"rotation":270,"texture":"#0"},"down":{"uv":[10,9,11.5,10.5],"rotation":90,"texture":"#0"}}},{"from":[5.5,11,2.1],"to":[10.5,12,7.1],"rotation":{"angle":-22.5,"axis":"x","origin":[8,12,7.1]},"faces":{"north":{"uv":[2,7.5,1.5,5],"rotation":90,"texture":"#0","cullface":"north"},"east":{"uv":[4,5.5,1.5,5],"texture":"#0","cullface":"north"},"south":{"uv":[4,5,3.5,7.5],"rotation":90,"texture":"#0","cullface":"north"},"west":{"uv":[1.5,7.5,4,7],"texture":"#0","cullface":"north"},"up":{"uv":[4,7.5,1.5,5],"rotation":270,"texture":"#0","cullface":"north"},"down":{"uv":[4,5,1.5,7.5],"rotation":90,"texture":"#0","cullface":"north"}}},{"from":[4,10.5,7],"to":[6,12.5,9],"rotation":{"angle":45,"axis":"x","origin":[5,11.5,8]},"faces":{"north":{"uv":[12,1.5,11,2.5],"rotation":90,"texture":"#0"},"south":{"uv":[12,3,11,4],"rotation":90,"texture":"#0"},"west":{"uv":[11,0,12,1],"texture":"#0"},"up":{"uv":[11,1.5,12,2.5],"rotation":270,"texture":"#0"},"down":{"uv":[11,3,12,4],"rotation":90,"texture":"#0"}}},{"from":[10,10.5,7],"to":[12,12.5,9],"rotation":{"angle":45,"axis":"x","origin":[11,11.5,8]},"faces":{"north":{"uv":[12,2.5,11,1.5],"rotation":90,"texture":"#0"},"east":{"uv":[12,0,11,1],"texture":"#0"},"south":{"uv":[12,4,11,3],"rotation":90,"texture":"#0"},"up":{"uv":[11,2.5,12,1.5],"rotation":270,"texture":"#0"},"down":{"uv":[11,4,12,3],"rotation":90,"texture":"#0"}}}],"gui_light":"front","display":{"thirdperson_righthand":{"translation":[0,4.25,1],"scale":[0.5,0.5,0.5]},"thirdperson_lefthand":{"rotation":[0,180,0],"translation":[0,5,1],"scale":[0.6,0.6,0.6]},"firstperson_righthand":{"rotation":[-43,7,0],"translation":[-0.75,5,2.25],"scale":[0.5,0.5,0.5]},"firstperson_lefthand":{"rotation":[-43,7,0],"translation":[-0.75,5,2.25],"scale":[0.5,0.5,0.5]},"ground":{"rotation":[180,0,90],"translation":[-4.75,0.25,0],"scale":[0.5,0.5,0.5]},"gui":{"rotation":[80,152,-51],"translation":[-2.5,1.5,-1.25],"scale":[0.64726,0.64726,0.64726]},"head":{"rotation":[90,-168,90],"translation":[-0.5,11.75,0],"scale":[0.56,0.56,0.56]},"fixed":{"rotation":[-7,61,0],"translation":[0,4.5,-2.25],"scale":[1.07898,1.07898,1.07898]}},"groups":[{"name":"group","origin":[11.5,24,8],"color":0,"children":[0,1,2,3,4,5,6,7,8,9,10]}]}