{"credit":"Made with Blockbench","textures":{"0":"elitecreatures:knight_assortment/knight_key","particle":"elitecreatures:knight_assortment/knight_key"},"elements":[{"from":[7,-1,7],"to":[9,6,9],"rotation":{"angle":45,"axis":"y","origin":[8,2,8]},"faces":{"north":{"uv":[2,7,4,0],"texture":"#0"},"east":{"uv":[4,7,2,0],"texture":"#0"},"south":{"uv":[2,7,0,0],"texture":"#0"},"west":{"uv":[0,7,2,0],"texture":"#0"},"up":{"uv":[9,5,11,7],"rotation":90,"texture":"#0"}}},{"from":[6.5,-5,6.5],"to":[9.5,-1,9.5],"rotation":{"angle":0,"axis":"y","origin":[8,-2.5,8]},"faces":{"north":{"uv":[4,8,7,4],"texture":"#0"},"east":{"uv":[4,4,7,0],"texture":"#0"},"south":{"uv":[0,11,3,7],"texture":"#0"},"west":{"uv":[4,4,7,0],"texture":"#0"}}},{"from":[9.5,-1,9.5],"to":[6.5,-5,6.5],"rotation":{"angle":0,"axis":"y","origin":[5,0.5,11]},"faces":{"north":{"uv":[6,11,9,15],"texture":"#0"},"east":{"uv":[11,11,14,15],"texture":"#0"},"south":{"uv":[6,11,9,15],"texture":"#0"},"west":{"uv":[11,11,14,15],"texture":"#0"}}},{"from":[6.49,-6.20711,7.29289],"to":[9.51,-4.08579,9.41421],"rotation":{"angle":-45,"axis":"x","origin":[8,-5.5,8]},"faces":{"north":{"uv":[0,13,3,11],"texture":"#0"},"east":{"uv":[5,12,3,10],"texture":"#0"},"west":{"uv":[3,12,5,10],"texture":"#0"},"down":{"uv":[7,8,9,5],"rotation":270,"texture":"#0"}}},{"from":[9.51,-2.91424,6.58579],"to":[6.49,-5.03554,4.46449],"rotation":{"angle":-45,"axis":"x","origin":[4.98,-1.50003,8]},"faces":{"east":{"uv":[10,8,12,10],"texture":"#0"},"south":{"uv":[2,13,5,15],"texture":"#0"},"west":{"uv":[12,8,10,10],"texture":"#0"},"up":{"uv":[11,14,9,11],"rotation":90,"texture":"#0"}}},{"from":[9.51,-0.96446,6.58579],"to":[6.49,-3.08576,4.46449],"rotation":{"angle":45,"axis":"x","origin":[4.98,-4.49997,8]},"faces":{"east":{"uv":[10,10,12,8],"texture":"#0"},"south":{"uv":[2,15,5,13],"texture":"#0"},"west":{"uv":[12,10,10,8],"texture":"#0"},"down":{"uv":[11,11,9,14],"rotation":270,"texture":"#0"}}},{"from":[6.49,-2.20711,7.29289],"to":[9.51,-0.08579,9.41421],"rotation":{"angle":-45,"axis":"x","origin":[8,-1.5,8]},"faces":{"east":{"uv":[2,15,0,13],"texture":"#0"},"south":{"uv":[3,10,6,8],"texture":"#0"},"west":{"uv":[0,15,2,13],"texture":"#0"},"up":{"uv":[6,8,8,11],"rotation":90,"texture":"#0"}}},{"from":[8,3,4.6],"to":[8.01,6,6.6],"rotation":{"angle":0,"axis":"y","origin":[8,6,6.6]},"faces":{"east":{"uv":[10,11,8,8],"texture":"#0"},"west":{"uv":[8,11,10,8],"texture":"#0"}}},{"from":[7.99,-5,9.5],"to":[8,-1,13.5],"rotation":{"angle":0,"axis":"y","origin":[8,-5,11.5]},"faces":{"east":{"uv":[11,4,7,0],"texture":"#0"},"west":{"uv":[7,4,11,0],"texture":"#0"}}},{"from":[7.99,-5,2.5],"to":[8,-1,6.5],"rotation":{"angle":0,"axis":"y","origin":[8,-5,4.5]},"faces":{"east":{"uv":[7,4,11,0],"texture":"#0"},"west":{"uv":[11,4,7,0],"texture":"#0"}}}],"gui_light":"front","display":{"thirdperson_righthand":{"translation":[0,6.75,0.75],"scale":[0.6,0.6,0.6]},"thirdperson_lefthand":{"translation":[0,6.75,0.75],"scale":[0.6,0.6,0.6]},"firstperson_righthand":{"rotation":[-54,0,0],"translation":[23.25,4.75,-35.75],"scale":[2.12344,2.12344,2.12344]},"firstperson_lefthand":{"rotation":[-54,0,0],"translation":[23.25,4.75,-35.75],"scale":[2.12344,2.12344,2.12344]},"ground":{"rotation":[0,0,88],"translation":[-7,0.75,0.25],"scale":[0.75039,0.75039,0.75039]},"gui":{"rotation":[-90,90,-90],"translation":[0.25,-7.5,-1.5],"scale":[0.89117,0.89117,0.89117]},"head":{"rotation":[-180,0,0],"translation":[0,15.5,1.75],"scale":[0.6,0.6,0.6]},"fixed":{"rotation":[-90,-90,-90],"translation":[0,13.5,-2],"scale":[1.64141,1.64141,1.64141]}},"groups":[{"name":"group","origin":[6.5,11,8],"color":0,"children":[0,1,2,3,4,5,6,7,8,9]}]}