{"credit":"Made with Blockbench","texture_size":[64,64],"textures":{"0":"elitecreatures:knight_assortment/knight_shield","particle":"elitecreatures:knight_assortment/knight_shield"},"elements":[{"from":[6.93968,-7,-3],"to":[9.93968,15,7],"rotation":{"angle":22.5,"axis":"y","origin":[9.93968,-7,7]},"faces":{"north":{"uv":[1,5.75,1.75,11.25],"texture":"#0"},"east":{"uv":[0,0,2.5,5.5],"texture":"#0"},"south":{"uv":[0,5.75,0.75,11.25],"texture":"#0"},"west":{"uv":[2.75,0,5.25,5.5],"texture":"#0"},"up":{"uv":[8.25,6.5,5.75,5.75],"rotation":90,"texture":"#0"},"down":{"uv":[8.25,6.75,5.75,7.5],"rotation":270,"texture":"#0"}}},{"from":[6.93968,15,-3],"to":[9.93968,19,3],"rotation":{"angle":22.5,"axis":"y","origin":[9.93968,-7,7]},"faces":{"north":{"uv":[6.5,9.75,7.25,10.75],"texture":"#0"},"east":{"uv":[8.5,4.75,10,5.75],"texture":"#0"},"south":{"uv":[5.5,9.75,6.25,10.75],"texture":"#0"},"west":{"uv":[8.5,6,10,7],"texture":"#0"},"up":{"uv":[5.5,9.5,4,8.75],"rotation":90,"texture":"#0"},"down":{"uv":[7.25,8.75,5.75,9.5],"rotation":270,"texture":"#0"}}},{"from":[6.93968,15,11],"to":[9.93968,19,17],"rotation":{"angle":-22.5,"axis":"y","origin":[9.93968,-7,7]},"faces":{"north":{"uv":[6.25,9.75,5.5,10.75],"texture":"#0"},"east":{"uv":[10,4.75,8.5,5.75],"texture":"#0"},"south":{"uv":[7.25,9.75,6.5,10.75],"texture":"#0"},"west":{"uv":[10,6,8.5,7],"texture":"#0"},"up":{"uv":[4,9.5,5.5,8.75],"rotation":90,"texture":"#0"},"down":{"uv":[5.75,8.75,7.25,9.5],"rotation":270,"texture":"#0"}}},{"from":[-4.28222,12,-1.67094],"to":[4.71778,22,-1.65094],"rotation":{"angle":-22.5,"axis":"y","origin":[4.71778,15,-1.66094]},"faces":{"north":{"uv":[11.75,0,14,2.5],"texture":"#0"},"south":{"uv":[14,0,11.75,2.5],"texture":"#0"}}},{"from":[-4.28222,12,15.65094],"to":[4.71778,22,15.67094],"rotation":{"angle":22.5,"axis":"y","origin":[4.71778,15,15.66094]},"faces":{"north":{"uv":[11.75,0,14,2.5],"texture":"#0"},"south":{"uv":[14,0,11.75,2.5],"texture":"#0"}}},{"from":[6.93968,-7.01,7],"to":[9.93968,15.02,17],"rotation":{"angle":-22.5,"axis":"y","origin":[9.93968,-7,7]},"faces":{"north":{"uv":[3,5.75,3.75,11.25],"texture":"#0"},"east":{"uv":[5.5,0,8,5.5],"texture":"#0"},"south":{"uv":[2,5.75,2.75,11.25],"texture":"#0"},"west":{"uv":[5.25,0,2.75,5.5],"texture":"#0"},"up":{"uv":[6.5,8.5,4,7.75],"rotation":90,"texture":"#0"},"down":{"uv":[9.25,7.75,6.75,8.5],"rotation":270,"texture":"#0"}}},{"from":[1.93968,2,5.5],"to":[6.93968,8,8.5],"rotation":{"angle":0,"axis":"y","origin":[16.93968,-7,-1]},"faces":{"north":{"uv":[8.25,0,9.5,1.5],"texture":"#0"},"east":{"uv":[7.5,8.75,8.25,10.25],"texture":"#0"},"south":{"uv":[9.5,0,8.25,1.5],"texture":"#0"},"west":{"uv":[8.5,8.75,9.25,10.25],"texture":"#0"},"up":{"uv":[10.25,8.5,9.5,7.25],"rotation":90,"texture":"#0"},"down":{"uv":[10.25,8.75,9.5,10],"rotation":270,"texture":"#0"}}},{"from":[7.93968,1.5,4.5],"to":[10.93968,6.5,9.5],"rotation":{"angle":-45,"axis":"x","origin":[9.93968,4,7]},"faces":{"north":{"uv":[9.75,1.5,10.5,2.75],"texture":"#0"},"east":{"uv":[8.25,1.75,9.5,3],"texture":"#0"},"south":{"uv":[9.75,0,10.5,1.25],"texture":"#0"},"west":{"uv":[8.25,3.25,9.5,4.5],"texture":"#0"},"up":{"uv":[11,3.75,9.75,3],"rotation":90,"texture":"#0"},"down":{"uv":[5.25,9.75,4,10.5],"rotation":270,"texture":"#0"}}},{"from":[6.49552,-5,-0.31492],"to":[8.49552,-2,2.68508],"rotation":{"angle":-45,"axis":"x","origin":[6.49552,-3.5,1.18508]},"faces":{"north":{"uv":[7.5,10.5,8,11.25],"texture":"#0"},"east":{"uv":[10.25,4,11,4.75],"texture":"#0"},"south":{"uv":[10.5,7,11,7.75],"texture":"#0"},"west":{"uv":[10.25,5,11,5.75],"texture":"#0"},"up":{"uv":[11.25,8.5,10.5,8],"rotation":90,"texture":"#0"},"down":{"uv":[9,10.5,8.25,11],"rotation":270,"texture":"#0"}}},{"from":[6.49552,-5,11.31492],"to":[8.49552,-2,14.31492],"rotation":{"angle":45,"axis":"x","origin":[6.49552,-3.5,12.81492]},"faces":{"north":{"uv":[11,7,10.5,7.75],"texture":"#0"},"east":{"uv":[11,4,10.25,4.75],"texture":"#0"},"south":{"uv":[8,10.5,7.5,11.25],"texture":"#0"},"west":{"uv":[11,5,10.25,5.75],"texture":"#0"},"up":{"uv":[10.5,8.5,11.25,8],"rotation":90,"texture":"#0"},"down":{"uv":[8.25,10.5,9,11],"rotation":270,"texture":"#0"}}},{"from":[6.49552,10,-0.31492],"to":[8.49552,13,2.68508],"rotation":{"angle":-45,"axis":"x","origin":[6.49552,11.5,1.18508]},"faces":{"north":{"uv":[10.5,9.75,11,10.5],"texture":"#0"},"east":{"uv":[10.25,6,11,6.75],"texture":"#0"},"south":{"uv":[10.5,8.75,11,9.5],"texture":"#0"},"west":{"uv":[9.5,10.25,10.25,11],"texture":"#0"},"up":{"uv":[11.5,0.5,10.75,0],"rotation":90,"texture":"#0"},"down":{"uv":[11.5,0.75,10.75,1.25],"rotation":270,"texture":"#0"}}},{"from":[6.49552,10,11.31492],"to":[8.49552,13,14.31492],"rotation":{"angle":45,"axis":"x","origin":[6.49552,11.5,12.81492]},"faces":{"north":{"uv":[11,8.75,10.5,9.5],"texture":"#0"},"east":{"uv":[11,6,10.25,6.75],"texture":"#0"},"south":{"uv":[11,9.75,10.5,10.5],"texture":"#0"},"west":{"uv":[10.25,10.25,9.5,11],"texture":"#0"},"up":{"uv":[10.75,0.5,11.5,0],"rotation":90,"texture":"#0"},"down":{"uv":[10.75,0.75,11.5,1.25],"rotation":270,"texture":"#0"}}}],"gui_light":"front","display":{"thirdperson_righthand":{"translation":[4.5,0.25,2.25],"scale":[0.7,0.7,0.7]},"thirdperson_lefthand":{"rotation":[0,180,0],"translation":[4.5,0.25,1.5],"scale":[0.7,0.7,0.7]},"firstperson_righthand":{"rotation":[-5,0,8],"translation":[5.25,-0.75,-2],"scale":[0.6,0.6,0.6]},"firstperson_lefthand":{"rotation":[-5,180,-8],"translation":[4.75,-0.25,-1.75],"scale":[0.6,0.6,0.6]},"ground":{"rotation":[0,0,75],"translation":[0,3.25,0],"scale":[0.6,0.6,0.6]},"gui":{"rotation":[6,-122,18],"translation":[-0.25,0.75,-1.5],"scale":[0.61328,0.61328,0.61328]},"head":{"rotation":[-180,0,0],"translation":[0,15.5,0],"scale":[0.6,0.6,0.6]},"fixed":{"rotation":[90,90,-90],"translation":[0,2.5,-5.25],"scale":[1.6,1.6,1.6]}},"groups":[{"name":"group","origin":[2.12476,20.5,10.44415],"color":0,"children":[0,1,2,3,4,5,6,7,8,9,10,11]}]}