{"credit":"Made with Blockbench","texture_size":[32,32],"textures":{"0":"elitecreatures:knight_assortment/knight_shovel","particle":"elitecreatures:knight_assortment/knight_shovel"},"elements":[{"from":[6.5,5,6.5],"to":[9.5,7,9.5],"rotation":{"angle":0,"axis":"y","origin":[8,-2,8]},"faces":{"north":{"uv":[4,10,5.5,11],"texture":"#0"},"east":{"uv":[4,10,5.5,11],"texture":"#0"},"south":{"uv":[4,10,5.5,11],"texture":"#0"},"west":{"uv":[4,10,5.5,11],"texture":"#0"},"up":{"uv":[5.5,9.5,4,8],"rotation":90,"texture":"#0"},"down":{"uv":[9.5,6,8,7.5],"rotation":270,"texture":"#0"}}},{"from":[7,-5,7],"to":[9,10,9],"rotation":{"angle":45,"axis":"y","origin":[8,-2.5,8]},"faces":{"north":{"uv":[5.5,0,4.5,7.5],"texture":"#0"},"east":{"uv":[4.5,0,5.5,7.5],"texture":"#0"},"south":{"uv":[5.5,0,4.5,7.5],"texture":"#0"},"west":{"uv":[4.5,0,5.5,7.5],"texture":"#0"}}},{"from":[6.5,-9,6.5],"to":[9.5,-5,9.5],"rotation":{"angle":0,"axis":"y","origin":[8,-7,8]},"faces":{"north":{"uv":[6,6,7.5,8],"texture":"#0"},"east":{"uv":[6,6,7.5,8],"texture":"#0"},"south":{"uv":[6,6,7.5,8],"texture":"#0"},"west":{"uv":[6,6,7.5,8],"texture":"#0"},"up":{"uv":[9.5,9.5,8,8],"rotation":90,"texture":"#0"},"down":{"uv":[7.5,8.5,6,10],"rotation":270,"texture":"#0"}}},{"from":[8.21,-14.88909,0.68198],"to":[8.25,-6.88909,8.68198],"rotation":{"angle":22.5,"axis":"x","origin":[9.5,-7.88909,8.68198]},"faces":{"east":{"uv":[4,0,0,4],"texture":"#0"},"west":{"uv":[0,0,4,4],"texture":"#0"}}},{"from":[6.5,10,5.5],"to":[9.5,13,10.5],"rotation":{"angle":0,"axis":"y","origin":[16,5,0.5]},"faces":{"north":{"uv":[9,2,10.5,3.5],"texture":"#0"},"east":{"uv":[6,0,8.5,1.5],"texture":"#0"},"south":{"uv":[9,0,10.5,1.5],"texture":"#0"},"west":{"uv":[6,0,8.5,1.5],"texture":"#0"},"up":{"uv":[8.5,3.5,6,2],"rotation":90,"texture":"#0"},"down":{"uv":[8.5,4,6,5.5],"rotation":270,"texture":"#0"}}},{"from":[6.48,10.28,6],"to":[9.52,14.28,10],"rotation":{"angle":45,"axis":"x","origin":[8,12.28,8]},"faces":{"north":{"uv":[0,9.5,1.5,11.5],"texture":"#0"},"east":{"uv":[8.5,4,10.5,6],"texture":"#0"},"west":{"uv":[10.5,4,8.5,6],"texture":"#0"},"up":{"uv":[3.5,11,1.5,9.5],"rotation":90,"texture":"#0"}}},{"from":[7.37868,9.99,10.5],"to":[9.5,13.01,12.62132],"rotation":{"angle":-45,"axis":"y","origin":[9.5,13,10.5]},"faces":{"east":{"uv":[10,6,11,7.5],"texture":"#0"},"south":{"uv":[11,6,10,7.5],"texture":"#0"},"up":{"uv":[11,9,10,8],"rotation":90,"texture":"#0"},"down":{"uv":[10.5,10,9.5,11],"rotation":270,"texture":"#0"}}},{"from":[7.37868,9.99,3.37868],"to":[9.5,13.01,5.5],"rotation":{"angle":45,"axis":"y","origin":[9.5,13,5.5]},"faces":{"north":{"uv":[10,6,11,7.5],"texture":"#0"},"east":{"uv":[11,6,10,7.5],"texture":"#0"},"up":{"uv":[10,9,11,8],"rotation":90,"texture":"#0"},"down":{"uv":[9.5,10,10.5,11],"rotation":270,"texture":"#0"}}},{"from":[7.98,11,4.5],"to":[8,20,11.5],"rotation":{"angle":0,"axis":"y","origin":[16,-12,0]},"faces":{"east":{"uv":[0,4.5,3.5,9],"texture":"#0"},"west":{"uv":[3.5,4.5,0,9],"texture":"#0"}}},{"from":[7.48,13,5.5],"to":[8.5,18,10.5],"rotation":{"angle":0,"axis":"y","origin":[15.5,-12,0]},"faces":{"north":{"uv":[2.5,6.5,3,9],"texture":"#0"},"east":{"uv":[0.5,6.5,3,9],"texture":"#0"},"south":{"uv":[0.5,6.5,1,9],"texture":"#0"},"west":{"uv":[0.5,6.5,3,9],"texture":"#0"},"up":{"uv":[0.5,6.5,3,7],"rotation":90,"texture":"#0"}}}],"gui_light":"front","display":{"thirdperson_righthand":{"translation":[0,4,0.5],"scale":[0.6,0.6,0.6]},"thirdperson_lefthand":{"translation":[0,4,0.5],"scale":[0.6,0.6,0.6]},"firstperson_righthand":{"rotation":[11,16,0],"translation":[3,3.25,-1.25],"scale":[0.6,0.6,0.6]},"firstperson_lefthand":{"rotation":[11,16,0],"translation":[3,3.25,-1.25],"scale":[0.6,0.6,0.6]},"ground":{"rotation":[0,0,88],"translation":[-2,2.5,0.25],"scale":[0.45,0.45,0.45]},"gui":{"rotation":[-90,-135,-90],"translation":[-1,0.75,-1.5],"scale":[0.59492,0.59492,0.59492]},"head":{"rotation":[90,-156,90],"translation":[-2,10,1.75],"scale":[0.6,0.6,0.6]},"fixed":{"rotation":[-90,-90,-90],"translation":[0,2.75,-1],"scale":[1.2,1.2,1.2]}},"groups":[{"name":"group","origin":[0,0,0],"color":0,"children":[0,1,2,3,4,5,6,7,8,9]}]}