{"credit":"MadewithBlockbench","texture_size":[32,32],"textures":{"4":"workshop_six:rpg_weapons_tools/axe_mythril"},"elements":[{"from":[1.05,8.5,7.45],"to":[6.05,15.5,8.55],"rotation":{"angle":0,"axis":"z","origin":[3.05,13.5,8]},"faces":{"north":{"uv":[0,0,2.5,3.5],"texture":"#4"},"east":{"uv":[10,5,10.5,8.5],"texture":"#4"},"south":{"uv":[2.5,0,5,3.5],"texture":"#4"},"west":{"uv":[10.5,5,11,8.5],"texture":"#4"},"up":{"uv":[13,3,10.5,2.5],"texture":"#4"},"down":{"uv":[13.5,0,11,0.5],"texture":"#4"}}},{"from":[7,-7,7],"to":[9,10,9],"rotation":{"angle":0,"axis":"y","origin":[0,-3,0]},"faces":{"north":{"uv":[0,3.5,1,12],"texture":"#4"},"east":{"uv":[1,3.5,2,12],"texture":"#4"},"south":{"uv":[2,3.5,3,12],"texture":"#4"},"west":{"uv":[3,3.5,4,12],"texture":"#4"},"up":{"uv":[9.5,4,8.5,3],"texture":"#4"},"down":{"uv":[12,0.5,11,1.5],"texture":"#4"}}},{"from":[6.9,-3,6.9],"to":[9.1,5,9.1],"rotation":{"angle":0,"axis":"y","origin":[8,7.25,8]},"faces":{"north":{"uv":[7.5,0,8.5,4],"texture":"#4"},"east":{"uv":[4,7.5,5,11.5],"texture":"#4"},"south":{"uv":[5,7.5,6,11.5],"texture":"#4"},"west":{"uv":[6,7.5,7,11.5],"texture":"#4"},"up":{"uv":[12,2.5,11,1.5],"texture":"#4"},"down":{"uv":[12,5,11,6],"texture":"#4"}}},{"from":[6.9,9.5,6.5],"to":[10.9,13.5,9.5],"rotation":{"angle":45,"axis":"z","origin":[8.4,10.5,0]},"faces":{"north":{"uv":[4,5.5,6,7.5],"texture":"#4"},"east":{"uv":[7,7.5,8.5,9.5],"texture":"#4"},"south":{"uv":[6,5.5,8,7.5],"texture":"#4"},"west":{"uv":[8,4,9.5,6],"texture":"#4"},"up":{"uv":[7,3.5,5,2],"texture":"#4"},"down":{"uv":[10,6,8,7.5],"texture":"#4"}}},{"from":[7.4,10,6.2],"to":[10.4,13,9.8],"rotation":{"angle":45,"axis":"z","origin":[8.4,10.5,0]},"faces":{"north":{"uv":[6.5,4,8,5.5],"texture":"#4"},"east":{"uv":[8.5,0,10.5,1.5],"texture":"#4"},"south":{"uv":[9,9.5,10.5,11],"texture":"#4"},"west":{"uv":[8.5,1.5,10.5,3],"texture":"#4"},"up":{"uv":[10,9.5,8.5,7.5],"texture":"#4"},"down":{"uv":[11,3,9.5,5],"texture":"#4"}}},{"from":[6,10,7.5],"to":[11,14,8.5],"rotation":{"angle":0,"axis":"y","origin":[0,-3,0]},"faces":{"north":{"uv":[4,3.5,6.5,5.5],"texture":"#4"},"east":{"uv":[7,2,7.5,4],"texture":"#4"},"south":{"uv":[5,0,7.5,2],"texture":"#4"},"west":{"uv":[11,3,11.5,5],"texture":"#4"},"up":{"uv":[12.5,9,10,8.5],"texture":"#4"},"down":{"uv":[12.5,9,10,9.5],"texture":"#4"}}},{"from":[11,9.5,7.5],"to":[13,14.5,8.5],"rotation":{"angle":0,"axis":"y","origin":[-1,-2.5,0]},"faces":{"north":{"uv":[7,9.5,8,12],"texture":"#4"},"east":{"uv":[10.5,0,11,2.5],"texture":"#4"},"south":{"uv":[8,9.5,9,12],"texture":"#4"},"west":{"uv":[10.5,9.5,11,12],"texture":"#4"},"up":{"uv":[12,6.5,11,6],"texture":"#4"},"down":{"uv":[12,6.5,11,7],"texture":"#4"}}}],"gui_light":"front","display":{"thirdperson_righthand":{"rotation":[0,-91,0],"translation":[0,4.25,-0.25]},"thirdperson_lefthand":{"rotation":[0,90,0],"translation":[0,5,-0.5]},"firstperson_righthand":{"rotation":[11,-92,1],"translation":[5.5,3,-3.5]},"firstperson_lefthand":{"rotation":[11,88,1],"translation":[5.5,3,-3.5]},"ground":{"rotation":[-45,0,0],"translation":[0,8.5,0]},"gui":{"rotation":[0,-180,45],"translation":[0.75,1.5,0],"scale":[0.84,0.84,0.84]},"fixed":{"translation":[0,3.5,0]}},"groups":[{"name":"group","origin":[-1,-2.5,0],"color":0,"children":[0,1,2,3,4,5,6]}],"mcmodels":"14831e4dc6fdb61f65bab0c7e6b1b593"}