{"credit":"Made with Blockbench","texture_size":[32,32],"textures":{"1":"workshop_six:rpg_weapons_tools/axe_diamond","particle":"axe_copper"},"elements":[{"from":[0.55,8.5,7.45],"to":[5.55,15.5,8.55],"rotation":{"angle":0,"axis":"y","origin":[2.55,13.5,8]},"faces":{"north":{"uv":[0,0,2.5,3.5],"texture":"#1"},"east":{"uv":[7,8.5,7.5,12],"texture":"#1"},"south":{"uv":[2.5,0,5,3.5],"texture":"#1"},"west":{"uv":[7.5,8.5,8,12],"texture":"#1"},"up":{"uv":[11.5,9.5,9,9],"texture":"#1"},"down":{"uv":[12,5.5,9.5,6],"texture":"#1"}}},{"from":[7,-7,7],"to":[9,10,9],"rotation":{"angle":0,"axis":"y","origin":[0,-3,0]},"faces":{"north":{"uv":[0,3.5,1,12],"texture":"#1"},"east":{"uv":[1,3.5,2,12],"texture":"#1"},"south":{"uv":[2,3.5,3,12],"texture":"#1"},"west":{"uv":[3,3.5,4,12],"texture":"#1"},"up":{"uv":[6,3.5,5,2.5],"texture":"#1"},"down":{"uv":[10.5,6,9.5,7],"texture":"#1"}}},{"from":[6.9,-3,6.9],"to":[9.1,5,9.1],"rotation":{"angle":0,"axis":"y","origin":[8,7.25,8]},"faces":{"north":{"uv":[6.5,4.5,7.5,8.5],"texture":"#1"},"east":{"uv":[7.5,4.5,8.5,8.5],"texture":"#1"},"south":{"uv":[4,8,5,12],"texture":"#1"},"west":{"uv":[5,8,6,12],"texture":"#1"},"up":{"uv":[10.5,8,9.5,7],"texture":"#1"},"down":{"uv":[11,0,10,1],"texture":"#1"}}},{"from":[6,9.5,6.5],"to":[10,14.5,9.5],"rotation":{"angle":0,"axis":"z","origin":[7.5,10.5,0]},"faces":{"north":{"uv":[4,3.5,6,6],"texture":"#1"},"east":{"uv":[7,0,8.5,2.5],"texture":"#1"},"south":{"uv":[4,3.5,6,6],"texture":"#1"},"west":{"uv":[7,0,8.5,2.5],"texture":"#1"},"up":{"uv":[10.5,4,8.5,2.5],"texture":"#1"},"down":{"uv":[10.5,4,8.5,5.5],"texture":"#1"}}},{"from":[5.5,10,7.5],"to":[10.5,14,8.5],"rotation":{"angle":0,"axis":"y","origin":[-0.5,-3,0]},"faces":{"north":{"uv":[6,2.5,8.5,4.5],"texture":"#1"},"east":{"uv":[9,9.5,9.5,11.5],"texture":"#1"},"south":{"uv":[4,6,6.5,8],"texture":"#1"},"west":{"uv":[9.5,9.5,10,11.5],"texture":"#1"},"up":{"uv":[10.5,9,8,8.5],"texture":"#1"},"down":{"uv":[11,8,8.5,8.5],"texture":"#1"}}},{"from":[10.5,9.5,7.5],"to":[12.5,14.5,8.5],"rotation":{"angle":0,"axis":"y","origin":[-1.5,-2.5,0]},"faces":{"north":{"uv":[8.5,5.5,9.5,8],"texture":"#1"},"east":{"uv":[8,9,8.5,11.5],"texture":"#1"},"south":{"uv":[6,8.5,7,11],"texture":"#1"},"west":{"uv":[8.5,9,9,11.5],"texture":"#1"},"up":{"uv":[11,1.5,10,1],"texture":"#1"},"down":{"uv":[11,1.5,10,2],"texture":"#1"}}}],"gui_light":"front","display":{"thirdperson_righthand":{"rotation":[0,-91,0],"translation":[0,4.25,-0.25]},"thirdperson_lefthand":{"rotation":[0,90,0],"translation":[0,5,-0.5]},"firstperson_righthand":{"rotation":[11,-92,1],"translation":[5.5,3,-3.5]},"firstperson_lefthand":{"rotation":[11,88,1],"translation":[5.5,3,-3.5]},"ground":{"rotation":[-45,0,0],"translation":[0,8.5,0]},"gui":{"rotation":[0,-180,45],"translation":[0.75,1.5,0],"scale":[0.84,0.84,0.84]},"fixed":{"translation":[0,3.5,0]}},"groups":[{"name":"group","origin":[-1,-2.5,0],"color":0,"children":[0,1,2,3,4,5]}],"mcmodels":"14831e4dc6fdb61f65bab0c7e6b1b593"}