{"credit":"Made with Blockbench","texture_size":[32,32],"textures":{"1":"workshop_six:rpg_weapons_tools/destruction_staff_diamond","particle":"workshop_six:rpg_weapons_tools/destruction_staff_copper"},"elements":[{"from":[7,-15,7],"to":[9,12,9],"rotation":{"angle":0,"axis":"y","origin":[7,8,8]},"faces":{"north":{"uv":[0,0,1,13.5],"texture":"#1"},"east":{"uv":[1,0,2,13.5],"texture":"#1"},"south":{"uv":[2,0,3,13.5],"texture":"#1"},"west":{"uv":[3,0,4,13.5],"texture":"#1"},"up":{"uv":[12,4,11,3],"texture":"#1"},"down":{"uv":[12,4,11,5],"texture":"#1"}}},{"from":[7,12,7],"to":[9,17,9],"rotation":{"angle":0,"axis":"y","origin":[7,8,8]},"faces":{"north":{"uv":[7,7,8,9.5],"texture":"#1"},"east":{"uv":[4,8,5,10.5],"texture":"#1"},"south":{"uv":[5,8,6,10.5],"texture":"#1"},"west":{"uv":[6,8,7,10.5],"texture":"#1"},"up":{"uv":[8,12.5,7,11.5],"texture":"#1"},"down":{"uv":[13,0,12,1],"texture":"#1"}}},{"from":[6.925,0.5,6.925],"to":[9.125,8.5,9.125],"rotation":{"angle":0,"axis":"y","origin":[15.75,-3,0.6]},"faces":{"north":{"uv":[4,4,5,8],"texture":"#1"},"east":{"uv":[5,4,6,8],"texture":"#1"},"south":{"uv":[6,0,7,4],"texture":"#1"},"west":{"uv":[6,4,7,8],"texture":"#1"},"up":{"uv":[5,13,4,12],"texture":"#1"},"down":{"uv":[6,12,5,13],"texture":"#1"}}},{"from":[7,18,7],"to":[9,21,9],"rotation":{"angle":0,"axis":"y","origin":[7,8,8]},"faces":{"north":{"uv":[8,10.5,9,12],"texture":"#1"},"east":{"uv":[9,10.5,10,12],"texture":"#1"},"south":{"uv":[10,10.5,11,12],"texture":"#1"},"west":{"uv":[11,0,12,1.5],"texture":"#1"},"up":{"uv":[13,3.5,12,2.5],"texture":"#1"},"down":{"uv":[13,3.5,12,4.5],"texture":"#1"}}},{"from":[6.5,17,6.5],"to":[9.5,18,9.5],"rotation":{"angle":0,"axis":"y","origin":[7.5,4,8.5]},"faces":{"north":{"uv":[12,1,13.5,1.5],"texture":"#1"},"east":{"uv":[12,4.5,13.5,5],"texture":"#1"},"south":{"uv":[12,7,13.5,7.5],"texture":"#1"},"west":{"uv":[12,7.5,13.5,8],"texture":"#1"},"up":{"uv":[9.5,8.5,8,7],"texture":"#1"},"down":{"uv":[10,0,8.5,1.5],"texture":"#1"}}},{"from":[5.5,20,6.5],"to":[9.5,24,9.5],"rotation":{"angle":45,"axis":"z","origin":[8,22.5,8]},"faces":{"north":{"uv":[4,0,6,2],"texture":"#1"},"east":{"uv":[7,0,8.5,2],"texture":"#1"},"south":{"uv":[4,2,6,4],"texture":"#1"},"west":{"uv":[7,2,8.5,4],"texture":"#1"},"up":{"uv":[9,5.5,7,4],"texture":"#1"},"down":{"uv":[9,5.5,7,7],"texture":"#1"}}},{"from":[9.5,20,7.01],"to":[11.5,23,8.99],"rotation":{"angle":45,"axis":"z","origin":[8,22.5,8.5]},"faces":{"north":{"uv":[10,0,11,1.5],"texture":"#1"},"east":{"uv":[10,7.5,11,9],"texture":"#1"},"south":{"uv":[10,9,11,10.5],"texture":"#1"},"west":{"uv":[10.5,1.5,11.5,3],"texture":"#1"},"up":{"uv":[12,8,11,7],"texture":"#1"},"down":{"uv":[12,8,11,9],"texture":"#1"}}},{"from":[8.70711,23.91421,7],"to":[10.70711,27.91421,9],"rotation":{"angle":0,"axis":"y","origin":[7.20711,26.41421,8.5]},"faces":{"north":{"uv":[8.5,1.5,9.5,3.5],"texture":"#1"},"east":{"uv":[8,8.5,9,10.5],"texture":"#1"},"south":{"uv":[9,3.5,10,5.5],"texture":"#1"},"west":{"uv":[9,8.5,10,10.5],"texture":"#1"},"up":{"uv":[12,10,11,9],"texture":"#1"},"down":{"uv":[12,10,11,11],"texture":"#1"}}},{"from":[5.29289,23.91421,7],"to":[7.29289,27.91421,9],"rotation":{"angle":0,"axis":"y","origin":[8.79289,26.41421,8.5]},"faces":{"north":{"uv":[9.5,1.5,10.5,3.5],"texture":"#1"},"east":{"uv":[9.5,5.5,10.5,7.5],"texture":"#1"},"south":{"uv":[7,9.5,8,11.5],"texture":"#1"},"west":{"uv":[10,3.5,11,5.5],"texture":"#1"},"up":{"uv":[12,12,11,11],"texture":"#1"},"down":{"uv":[12.5,1.5,11.5,2.5],"texture":"#1"}}},{"from":[4.5,20,7.01],"to":[6.5,23,8.99],"rotation":{"angle":-45,"axis":"z","origin":[8,22.5,8.5]},"faces":{"north":{"uv":[4,10.5,5,12],"texture":"#1"},"east":{"uv":[5,10.5,6,12],"texture":"#1"},"south":{"uv":[10.5,5.5,11.5,7],"texture":"#1"},"west":{"uv":[6,10.5,7,12],"texture":"#1"},"up":{"uv":[12.5,6,11.5,5],"texture":"#1"},"down":{"uv":[12.5,6,11.5,7],"texture":"#1"}}}],"gui_light":"front","display":{"thirdperson_righthand":{"rotation":[49,90,0],"translation":[0.5,2,2.5],"scale":[0.8,0.8,0.8]},"thirdperson_lefthand":{"rotation":[49,90,0],"translation":[0.5,2,2.5],"scale":[0.8,0.8,0.8]},"firstperson_righthand":{"rotation":[-6,107,0],"translation":[4.75,1.25,-1],"scale":[0.7,0.7,0.7]},"firstperson_lefthand":{"rotation":[-6,107,0],"translation":[4.75,1.25,-1],"scale":[0.7,0.7,0.7]},"ground":{"rotation":[44,0,0],"translation":[1,7.25,1.5],"scale":[0.5,0.5,0.5]},"gui":{"rotation":[0,0,-45],"scale":[0.47,0.47,0.47]},"head":{"translation":[0,18.75,0]},"fixed":{"scale":[0.7,0.7,0.7]}},"groups":[{"name":"group","origin":[8,22.5,8.5],"color":0,"children":[0,1,2,3,4,5,6,7,8,9]}],"mcmodels":"14831e4dc6fdb61f65bab0c7e6b1b593"}