{"credit":"Made with Blockbench","texture_size":[32,32],"textures":{"4":"workshop_six:rpg_weapons_tools/destruction_staff_amber"},"elements":[{"from":[7,-15,7],"to":[9,12,9],"rotation":{"angle":0,"axis":"y","origin":[7,8,8]},"faces":{"north":{"uv":[0.016,0.016,0.984,13.484],"texture":"#4"},"east":{"uv":[1.016,0.016,1.984,13.484],"texture":"#4"},"south":{"uv":[2.016,0.016,2.984,13.484],"texture":"#4"},"west":{"uv":[3.016,0.016,3.984,13.484],"texture":"#4"},"up":{"uv":[13.984,6.984,13.016,6.016],"texture":"#4"},"down":{"uv":[13.984,7.016,13.016,7.984],"texture":"#4"}}},{"from":[7,11,7],"to":[9,17,9],"rotation":{"angle":0,"axis":"y","origin":[7,8,8]},"faces":{"north":{"uv":[9.016,8.016,9.984,10.984],"texture":"#4"},"east":{"uv":[9.516,1.516,10.484,4.484],"texture":"#4"},"south":{"uv":[9.516,4.516,10.484,7.484],"texture":"#4"},"west":{"uv":[7.016,9.516,7.984,12.484],"texture":"#4"},"up":{"uv":[14.484,10.984,13.516,10.016],"texture":"#4"},"down":{"uv":[14.484,11.016,13.516,11.984],"texture":"#4"}}},{"from":[6.925,0.5,6.925],"to":[9.125,8.5,9.125],"rotation":{"angle":0,"axis":"y","origin":[15.75,-3,0.6]},"faces":{"north":{"uv":[4.016,7.016,4.984,10.984],"texture":"#4"},"east":{"uv":[7.016,4.016,7.984,7.984],"texture":"#4"},"south":{"uv":[5.016,7.016,5.984,10.984],"texture":"#4"},"west":{"uv":[6.016,7.016,6.984,10.984],"texture":"#4"},"up":{"uv":[14.484,13.984,13.516,13.016],"texture":"#4"},"down":{"uv":[14.984,1.016,14.016,1.984],"texture":"#4"}}},{"from":[7,18,7],"to":[9,21,9],"rotation":{"angle":0,"axis":"y","origin":[7,8,8]},"faces":{"north":{"uv":[12.516,12.016,13.484,13.484],"texture":"#4"},"east":{"uv":[13.016,1.516,13.984,2.984],"texture":"#4"},"south":{"uv":[13.016,3.016,13.984,4.484],"texture":"#4"},"west":{"uv":[13.016,4.516,13.984,5.984],"texture":"#4"},"up":{"uv":[14.484,12.984,13.516,12.016],"texture":"#4"},"down":{"uv":[13.484,13.516,12.516,14.484],"texture":"#4"}}},{"from":[6.5,11,6.5],"to":[9.5,12,9.5],"rotation":{"angle":0,"axis":"y","origin":[7.5,4,8.5]},"faces":{"north":{"uv":[14.016,2.016,15.484,2.484],"texture":"#4"},"east":{"uv":[14.016,2.516,15.484,2.984],"texture":"#4"},"south":{"uv":[14.016,3.016,15.484,3.484],"texture":"#4"},"west":{"uv":[14.016,3.516,15.484,3.984],"texture":"#4"},"up":{"uv":[11.484,8.984,10.016,7.516],"texture":"#4"},"down":{"uv":[11.484,9.016,10.016,10.484],"texture":"#4"}}},{"from":[6.5,17,6.5],"to":[9.5,18,9.5],"rotation":{"angle":0,"axis":"y","origin":[7.5,4,8.5]},"faces":{"north":{"uv":[14.016,4.016,15.484,4.484],"texture":"#4"},"east":{"uv":[14.016,4.516,15.484,4.984],"texture":"#4"},"south":{"uv":[5.016,14.016,6.484,14.484],"texture":"#4"},"west":{"uv":[14.016,5.016,15.484,5.484],"texture":"#4"},"up":{"uv":[9.484,12.484,8.016,11.016],"texture":"#4"},"down":{"uv":[12.984,7.516,11.516,8.984],"texture":"#4"}}},{"from":[5.5,20,6.5],"to":[9.5,24,9.5],"rotation":{"angle":45,"axis":"z","origin":[8,22.5,8]},"faces":{"north":{"uv":[7.016,0.016,8.984,1.984],"texture":"#4"},"east":{"uv":[8.016,4.016,9.484,5.984],"texture":"#4"},"south":{"uv":[7.016,2.016,8.984,3.984],"texture":"#4"},"west":{"uv":[8.016,6.016,9.484,7.984],"texture":"#4"},"up":{"uv":[8.984,9.484,7.016,8.016],"texture":"#4"},"down":{"uv":[10.984,0.016,9.016,1.484],"texture":"#4"}}},{"from":[6,20.5,6.3],"to":[9,23.5,9.7],"rotation":{"angle":45,"axis":"z","origin":[8,22.5,8]},"faces":{"north":{"uv":[10.516,4.516,11.984,5.984],"texture":"#4"},"east":{"uv":[10.516,6.016,11.984,7.484],"texture":"#4"},"south":{"uv":[10.016,10.516,11.484,11.984],"texture":"#4"},"west":{"uv":[11.016,0.016,12.484,1.484],"texture":"#4"},"up":{"uv":[5.484,12.484,4.016,11.016],"texture":"#4"},"down":{"uv":[6.984,11.016,5.516,12.484],"texture":"#4"}}},{"from":[6.5,25,6.5],"to":[9.5,32,9.5],"rotation":{"angle":45,"axis":"y","origin":[8,29.5,8]},"faces":{"north":{"uv":[4.016,0.016,5.484,3.484],"texture":"#4"},"east":{"uv":[4.016,3.516,5.484,6.984],"texture":"#4"},"south":{"uv":[5.516,0.016,6.984,3.484],"texture":"#4"},"west":{"uv":[5.516,3.516,6.984,6.984],"texture":"#4"},"up":{"uv":[11.984,2.984,10.516,1.516],"texture":"#4"},"down":{"uv":[11.984,3.016,10.516,4.484],"texture":"#4"}}},{"from":[9.5,20,7.01],"to":[11.5,23,8.99],"rotation":{"angle":45,"axis":"z","origin":[8,22.5,8.5]},"faces":{"north":{"uv":[8.016,9.516,8.984,10.984],"texture":"#4"},"east":{"uv":[12.516,0.016,13.484,1.484],"texture":"#4"},"south":{"uv":[5.016,12.516,5.984,13.984],"texture":"#4"},"west":{"uv":[6.016,12.516,6.984,13.984],"texture":"#4"},"up":{"uv":[13.984,8.984,13.016,8.016],"texture":"#4"},"down":{"uv":[12.484,13.016,11.516,13.984],"texture":"#4"}}},{"from":[8.70711,23.91421,7],"to":[10.70711,27.91421,9],"rotation":{"angle":0,"axis":"y","origin":[7.20711,26.41421,8.5]},"faces":{"north":{"uv":[11.516,9.016,12.484,10.984],"texture":"#4"},"east":{"uv":[11.516,11.016,12.484,12.984],"texture":"#4"},"south":{"uv":[12.016,1.516,12.984,3.484],"texture":"#4"},"west":{"uv":[12.016,3.516,12.984,5.484],"texture":"#4"},"up":{"uv":[0.984,14.484,0.016,13.516],"texture":"#4"},"down":{"uv":[14.484,0.016,13.516,0.984],"texture":"#4"}}},{"from":[5.29289,23.91421,7],"to":[7.29289,27.91421,9],"rotation":{"angle":0,"axis":"y","origin":[8.79289,26.41421,8.5]},"faces":{"north":{"uv":[12.016,5.516,12.984,7.484],"texture":"#4"},"east":{"uv":[9.516,12.016,10.484,13.984],"texture":"#4"},"south":{"uv":[10.516,12.016,11.484,13.984],"texture":"#4"},"west":{"uv":[4.016,12.516,4.984,14.484],"texture":"#4"},"up":{"uv":[1.984,14.484,1.016,13.516],"texture":"#4"},"down":{"uv":[2.984,13.516,2.016,14.484],"texture":"#4"}}},{"from":[4.5,20,7.01],"to":[6.5,23,8.99],"rotation":{"angle":-45,"axis":"z","origin":[8,22.5,8.5]},"faces":{"north":{"uv":[7.016,12.516,7.984,13.984],"texture":"#4"},"east":{"uv":[8.016,12.516,8.984,13.984],"texture":"#4"},"south":{"uv":[12.516,9.016,13.484,10.484],"texture":"#4"},"west":{"uv":[12.516,10.516,13.484,11.984],"texture":"#4"},"up":{"uv":[3.984,14.484,3.016,13.516],"texture":"#4"},"down":{"uv":[14.484,9.016,13.516,9.984],"texture":"#4"}}}],"gui_light":"front","display":{"thirdperson_righthand":{"rotation":[49,90,0],"translation":[0.5,2,2.5],"scale":[0.8,0.8,0.8]},"thirdperson_lefthand":{"rotation":[49,90,0],"translation":[0.5,2,2.5],"scale":[0.8,0.8,0.8]},"firstperson_righthand":{"rotation":[-6,107,0],"translation":[4.75,1.25,-1],"scale":[0.7,0.7,0.7]},"firstperson_lefthand":{"rotation":[-6,107,0],"translation":[4.75,1.25,-1],"scale":[0.7,0.7,0.7]},"ground":{"rotation":[44,0,0],"translation":[1,7.25,1.5],"scale":[0.5,0.5,0.5]},"gui":{"rotation":[0,0,-45],"scale":[0.47,0.47,0.47]},"head":{"translation":[0,18.75,0]},"fixed":{"scale":[0.7,0.7,0.7]}},"groups":[{"name":"group","origin":[8,22.5,8.5],"color":0,"children":[0,1,2,3,4,5,6,7,8,9,10,11,12]}],"mcmodels":"14831e4dc6fdb61f65bab0c7e6b1b593"}