{"credit":"Made with Blockbench","texture_size":[64,64],"textures":{"1":"workshop_six:rpg_weapons_tools/destruction_staff_iridium","particle":"workshop_six:rpg_weapons_tools/destruction_staff_iridium"},"elements":[{"from":[7,-15,7],"to":[9,12,9],"rotation":{"angle":0,"axis":"y","origin":[7,8,8]},"faces":{"north":{"uv":[0,0,0.5,6.75],"texture":"#1"},"east":{"uv":[0.5,0,1,6.75],"texture":"#1"},"south":{"uv":[1,0,1.5,6.75],"texture":"#1"},"west":{"uv":[1.5,0,2,6.75],"texture":"#1"},"up":{"uv":[3.25,7.5,2.75,7],"texture":"#1"},"down":{"uv":[7.5,3,7,3.5],"texture":"#1"}}},{"from":[7,11,7],"to":[9,17,9],"rotation":{"angle":0,"axis":"y","origin":[7,8,8]},"faces":{"north":{"uv":[5,5.25,5.5,6.75],"texture":"#1"},"east":{"uv":[2,5.5,2.5,7],"texture":"#1"},"south":{"uv":[2.5,5.5,3,7],"texture":"#1"},"west":{"uv":[3,5.5,3.5,7],"texture":"#1"},"up":{"uv":[7.5,6.5,7,6],"texture":"#1"},"down":{"uv":[7,7.25,6.5,7.75],"texture":"#1"}}},{"from":[6.925,0.5,6.925],"to":[9.125,8.5,9.125],"rotation":{"angle":0,"axis":"y","origin":[15.75,-3,0.6]},"faces":{"north":{"uv":[2,3.5,2.5,5.5],"texture":"#1"},"east":{"uv":[3.5,2,4,4],"texture":"#1"},"south":{"uv":[2.5,3.5,3,5.5],"texture":"#1"},"west":{"uv":[3,3.5,3.5,5.5],"texture":"#1"},"up":{"uv":[0.5,8,0,7.5],"texture":"#1"},"down":{"uv":[1,7.5,0.5,8],"texture":"#1"}}},{"from":[7,18,7],"to":[9,21,9],"rotation":{"angle":0,"axis":"y","origin":[7,8,8]},"faces":{"north":{"uv":[1.5,6.75,2,7.5],"texture":"#1"},"east":{"uv":[5,6.75,5.5,7.5],"texture":"#1"},"south":{"uv":[5.5,6.75,6,7.5],"texture":"#1"},"west":{"uv":[6,6.75,6.5,7.5],"texture":"#1"},"up":{"uv":[7.75,7,7.25,6.5],"texture":"#1"},"down":{"uv":[7.5,7.25,7,7.75],"texture":"#1"}}},{"from":[6.5,11,6.5],"to":[9.5,12,9.5],"rotation":{"angle":0,"axis":"y","origin":[7.5,4,8.5]},"faces":{"north":{"uv":[7.25,7,8,7.25],"texture":"#1"},"east":{"uv":[3,7.5,3.75,7.75],"texture":"#1"},"south":{"uv":[7.5,3,8.25,3.25],"texture":"#1"},"west":{"uv":[7.5,3.25,8.25,3.5],"texture":"#1"},"up":{"uv":[6.25,0.75,5.5,0],"texture":"#1"},"down":{"uv":[6.25,3.75,5.5,4.5],"texture":"#1"}}},{"from":[6.5,17,6.5],"to":[9.5,18,9.5],"rotation":{"angle":0,"axis":"y","origin":[7.5,4,8.5]},"faces":{"north":{"uv":[7.5,3.5,8.25,3.75],"texture":"#1"},"east":{"uv":[3.75,7.5,4.5,7.75],"texture":"#1"},"south":{"uv":[7.5,3.75,8.25,4],"texture":"#1"},"west":{"uv":[7.5,4,8.25,4.25],"texture":"#1"},"up":{"uv":[4.25,7,3.5,6.25],"texture":"#1"},"down":{"uv":[7,3.75,6.25,4.5],"texture":"#1"}}},{"from":[6.5,-3,6.5],"to":[9.5,-2,9.5],"rotation":{"angle":0,"axis":"y","origin":[7.5,4,8.5]},"faces":{"north":{"uv":[7.5,5,8.25,5.25],"texture":"#1"},"east":{"uv":[5.25,7.5,6,7.75],"texture":"#1"},"south":{"uv":[7.5,5.25,8.25,5.5],"texture":"#1"},"west":{"uv":[7.5,5.5,8.25,5.75],"texture":"#1"},"up":{"uv":[7,6,6.25,5.25],"texture":"#1"},"down":{"uv":[7,6,6.25,6.75],"texture":"#1"}}},{"from":[6.5,-9,6.5],"to":[9.5,-8,9.5],"rotation":{"angle":0,"axis":"y","origin":[7.5,4,8.5]},"faces":{"north":{"uv":[7.5,4.25,8.25,4.5],"texture":"#1"},"east":{"uv":[4.5,7.5,5.25,7.75],"texture":"#1"},"south":{"uv":[7.5,4.5,8.25,4.75],"texture":"#1"},"west":{"uv":[7.5,4.75,8.25,5],"texture":"#1"},"up":{"uv":[5,7,4.25,6.25],"texture":"#1"},"down":{"uv":[7,4.5,6.25,5.25],"texture":"#1"}}},{"from":[5.5,20,6.5],"to":[9.5,24,9.5],"rotation":{"angle":45,"axis":"z","origin":[8,22.5,8]},"faces":{"north":{"uv":[3.5,0,4.5,1],"texture":"#1"},"east":{"uv":[4,2,4.75,3],"texture":"#1"},"south":{"uv":[3.5,1,4.5,2],"texture":"#1"},"west":{"uv":[4,3,4.75,4],"texture":"#1"},"up":{"uv":[4.5,4.75,3.5,4],"texture":"#1"},"down":{"uv":[5.5,0,4.5,0.75],"texture":"#1"}}},{"from":[6,20.5,6.3],"to":[9,23.5,9.7],"rotation":{"angle":45,"axis":"z","origin":[8,22.5,8]},"faces":{"north":{"uv":[5.75,0.75,6.5,1.5],"texture":"#1"},"east":{"uv":[5.75,1.5,6.5,2.25],"texture":"#1"},"south":{"uv":[5.75,2.25,6.5,3],"texture":"#1"},"west":{"uv":[5.75,3,6.5,3.75],"texture":"#1"},"up":{"uv":[6.25,6.75,5.5,6],"texture":"#1"},"down":{"uv":[7,0,6.25,0.75],"texture":"#1"}}},{"from":[6.5,25,6.5],"to":[9.5,32,9.5],"rotation":{"angle":45,"axis":"y","origin":[8,29.5,8]},"faces":{"north":{"uv":[2,0,2.75,1.75],"texture":"#1"},"east":{"uv":[2,1.75,2.75,3.5],"texture":"#1"},"south":{"uv":[2.75,0,3.5,1.75],"texture":"#1"},"west":{"uv":[2.75,1.75,3.5,3.5],"texture":"#1"},"up":{"uv":[6.25,5.25,5.5,4.5],"texture":"#1"},"down":{"uv":[6.25,5.25,5.5,6],"texture":"#1"}}},{"from":[9.5,20,7.01],"to":[11.5,23,8.99],"rotation":{"angle":45,"axis":"z","origin":[8,22.5,8.5]},"faces":{"north":{"uv":[4.5,5.5,5,6.25],"texture":"#1"},"east":{"uv":[6.5,0.75,7,1.5],"texture":"#1"},"south":{"uv":[6.5,1.5,7,2.25],"texture":"#1"},"west":{"uv":[6.5,2.25,7,3],"texture":"#1"},"up":{"uv":[3.75,7.5,3.25,7],"texture":"#1"},"down":{"uv":[7.5,3.5,7,4],"texture":"#1"}}},{"from":[11.5,20,7.01],"to":[14.5,22,8.99],"rotation":{"angle":45,"axis":"z","origin":[8,22.5,8.5]},"faces":{"north":{"uv":[6.5,6.75,7.25,7.25],"texture":"#1"},"east":{"uv":[1,7.5,1.5,8],"texture":"#1"},"south":{"uv":[7,0,7.75,0.5],"texture":"#1"},"west":{"uv":[1.5,7.5,2,8],"texture":"#1"},"up":{"uv":[7.75,1,7,0.5],"texture":"#1"},"down":{"uv":[7.75,1,7,1.5],"texture":"#1"}}},{"from":[1.5,20,7.01],"to":[4.5,22,8.99],"rotation":{"angle":-45,"axis":"z","origin":[8,22.5,8.5]},"faces":{"north":{"uv":[7,1.5,7.75,2],"texture":"#1"},"east":{"uv":[2,7.5,2.5,8],"texture":"#1"},"south":{"uv":[2,7,2.75,7.5],"texture":"#1"},"west":{"uv":[2.5,7.5,3,8],"texture":"#1"},"up":{"uv":[7.75,2.5,7,2],"texture":"#1"},"down":{"uv":[7.75,2.5,7,3],"texture":"#1"}}},{"from":[8.95711,23.66421,7],"to":[10.95711,29.66421,9],"rotation":{"angle":0,"axis":"y","origin":[7.20711,26.41421,8.5]},"faces":{"north":{"uv":[4.5,4,5,5.5],"texture":"#1"},"east":{"uv":[4.75,0.75,5.25,2.25],"texture":"#1"},"south":{"uv":[4.75,2.25,5.25,3.75],"texture":"#1"},"west":{"uv":[3.5,4.75,4,6.25],"texture":"#1"},"up":{"uv":[4.25,7.5,3.75,7],"texture":"#1"},"down":{"uv":[7.5,4,7,4.5],"texture":"#1"}}},{"from":[5.04289,23.66421,7],"to":[7.04289,29.66421,9],"rotation":{"angle":0,"axis":"y","origin":[8.79289,26.41421,8.5]},"faces":{"north":{"uv":[4,4.75,4.5,6.25],"texture":"#1"},"east":{"uv":[5,3.75,5.5,5.25],"texture":"#1"},"south":{"uv":[5.25,0.75,5.75,2.25],"texture":"#1"},"west":{"uv":[5.25,2.25,5.75,3.75],"texture":"#1"},"up":{"uv":[4.75,7.5,4.25,7],"texture":"#1"},"down":{"uv":[7.5,4.5,7,5],"texture":"#1"}}},{"from":[4.5,20,7.01],"to":[6.5,23,8.99],"rotation":{"angle":-45,"axis":"z","origin":[8,22.5,8.5]},"faces":{"north":{"uv":[6.5,3,7,3.75],"texture":"#1"},"east":{"uv":[0,6.75,0.5,7.5],"texture":"#1"},"south":{"uv":[0.5,6.75,1,7.5],"texture":"#1"},"west":{"uv":[1,6.75,1.5,7.5],"texture":"#1"},"up":{"uv":[7.5,5.5,7,5],"texture":"#1"},"down":{"uv":[7.5,5.5,7,6],"texture":"#1"}}}],"gui_light":"front","display":{"thirdperson_righthand":{"rotation":[49,90,0],"translation":[0.5,2,2.5],"scale":[0.8,0.8,0.8]},"thirdperson_lefthand":{"rotation":[49,90,0],"translation":[0.5,2,2.5],"scale":[0.8,0.8,0.8]},"firstperson_righthand":{"rotation":[-6,107,0],"translation":[4.75,1.25,-1],"scale":[0.7,0.7,0.7]},"firstperson_lefthand":{"rotation":[-6,107,0],"translation":[4.75,1.25,-1],"scale":[0.7,0.7,0.7]},"ground":{"rotation":[44,0,0],"translation":[1,7.25,1.5],"scale":[0.5,0.5,0.5]},"gui":{"rotation":[0,0,-45],"scale":[0.47,0.47,0.47]},"head":{"translation":[0,18.75,0]},"fixed":{"scale":[0.7,0.7,0.7]}},"groups":[{"name":"group","origin":[8,22.5,8.5],"color":0,"children":[0,1,2,3,4,5,6,7,8,9,10,11,12,13,14,15,16]}],"mcmodels":"14831e4dc6fdb61f65bab0c7e6b1b593"}