{"credit":"Made with Blockbench","texture_size":[64,64],"textures":{"0":"workshop_six:rpg_weapons_tools/flintlock_copper","particle":"workshop_six:rpg_weapons_tools/flintlock_copper"},"elements":[{"from":[-3.76237,9,6],"to":[11.23763,12,10],"rotation":{"angle":0,"axis":"y","origin":[-3.76237,10,6]},"faces":{"north":{"uv":[3.742,2.758,0.008,3.492],"texture":"#0"},"east":{"uv":[1.508,5.508,2.492,6.242],"texture":"#0"},"south":{"uv":[0.008,2.758,3.742,3.492],"texture":"#0"},"west":{"uv":[5.508,4.258,6.492,4.992],"texture":"#0"},"up":{"uv":[3.742,0.992,0.008,0.008],"texture":"#0"},"down":{"uv":[3.742,1.008,0.008,1.992],"texture":"#0"}}},{"from":[9.81263,9.6,6.025],"to":[15.81263,12.6,9.975],"rotation":{"angle":-45,"axis":"z","origin":[9.81263,10.6,6]},"faces":{"north":{"uv":[1.492,5.508,0.008,6.242],"texture":"#0"},"east":{"uv":[6.008,2.258,6.992,2.992],"texture":"#0"},"south":{"uv":[0.008,5.508,1.492,6.242],"texture":"#0"},"west":{"uv":[6.008,3.008,6.992,3.742],"texture":"#0"},"up":{"uv":[3.992,5.242,2.508,4.258],"texture":"#0"},"down":{"uv":[5.492,4.258,4.008,5.242],"texture":"#0"}}},{"from":[15.81263,9.1,5.525],"to":[16.81263,13.1,10.475],"rotation":{"angle":-45,"axis":"z","origin":[9.81263,10.6,6]},"faces":{"north":{"uv":[5.508,6.758,5.742,7.742],"texture":"#0"},"east":{"uv":[2.508,5.258,3.742,6.242],"texture":"#0"},"south":{"uv":[5.758,6.758,5.992,7.742],"texture":"#0"},"west":{"uv":[3.758,5.258,4.992,6.242],"texture":"#0"},"up":{"uv":[5.242,7.992,5.008,6.758],"texture":"#0"},"down":{"uv":[5.492,6.758,5.258,7.992],"texture":"#0"}}},{"from":[-4.26237,9.45,6.5],"to":[8.73763,12.45,9.5],"rotation":{"angle":0,"axis":"y","origin":[-6.26237,10.25,6.5]},"faces":{"north":{"uv":[0.008,3.508,3.742,4.242],"texture":"#0"},"east":{"uv":[2.008,6.258,2.742,6.992],"texture":"#0"},"south":{"uv":[3.758,0.008,7.492,0.742],"texture":"#0"},"west":{"uv":[2.758,6.258,3.492,6.992],"texture":"#0"},"up":{"uv":[7.492,1.492,3.758,0.758],"texture":"#0"},"down":{"uv":[7.492,1.508,3.758,2.242],"texture":"#0"}}},{"from":[8.23763,7.6,5.5],"to":[10.23763,12.6,10.5],"rotation":{"angle":0,"axis":"y","origin":[-2.76237,10.6,5.5]},"faces":{"north":{"uv":[0.008,6.258,0.492,7.492],"texture":"#0"},"east":{"uv":[0.008,4.258,1.242,5.492],"texture":"#0"},"south":{"uv":[0.508,6.258,0.992,7.492],"texture":"#0"},"west":{"uv":[1.258,4.258,2.492,5.492],"texture":"#0"},"up":{"uv":[1.492,7.492,1.008,6.258],"texture":"#0"},"down":{"uv":[1.992,6.258,1.508,7.492],"texture":"#0"}}},{"from":[5.48763,11.5,7.5],"to":[6.48763,13.5,8.5],"rotation":{"angle":-22.5,"axis":"z","origin":[-3.76237,7,6]},"faces":{"north":{"uv":[7.008,3.258,7.242,3.742],"texture":"#0"},"east":{"uv":[7.008,4.008,7.242,4.492],"texture":"#0"},"south":{"uv":[4.508,7.008,4.742,7.492],"texture":"#0"},"west":{"uv":[4.758,7.008,4.992,7.492],"texture":"#0"},"up":{"uv":[6.242,4.242,6.008,4.008],"texture":"#0"},"down":{"uv":[6.492,4.008,6.258,4.242],"texture":"#0"}}},{"from":[7.16263,10.85,7.5],"to":[8.16263,13.85,8.5],"rotation":{"angle":-22.5,"axis":"z","origin":[-3.76237,7,6]},"faces":{"north":{"uv":[7.008,2.508,7.242,3.242],"texture":"#0"},"east":{"uv":[2.758,7.008,2.992,7.742],"texture":"#0"},"south":{"uv":[3.008,7.008,3.242,7.742],"texture":"#0"},"west":{"uv":[3.258,7.008,3.492,7.742],"texture":"#0"},"up":{"uv":[7.242,6.992,7.008,6.758],"texture":"#0"},"down":{"uv":[7.242,7.008,7.008,7.242],"texture":"#0"}}},{"from":[4.73763,6,7.5],"to":[5.73763,9,8.5],"rotation":{"angle":0,"axis":"y","origin":[-3.76237,7,6]},"faces":{"north":{"uv":[6.008,6.758,6.242,7.492],"texture":"#0"},"east":{"uv":[6.258,6.758,6.492,7.492],"texture":"#0"},"south":{"uv":[6.508,6.758,6.742,7.492],"texture":"#0"},"west":{"uv":[6.758,6.758,6.992,7.492],"texture":"#0"},"up":{"uv":[7.242,4.742,7.008,4.508],"texture":"#0"},"down":{"uv":[7.242,6.008,7.008,6.242],"texture":"#0"}}},{"from":[5.73763,6,7.5],"to":[8.73763,7,8.5],"rotation":{"angle":0,"axis":"y","origin":[-3.76237,7,6]},"faces":{"north":{"uv":[6.508,5.508,7.242,5.742],"texture":"#0"},"east":{"uv":[7.008,6.258,7.242,6.492],"texture":"#0"},"south":{"uv":[6.508,5.758,7.242,5.992],"texture":"#0"},"west":{"uv":[7.008,6.508,7.242,6.742],"texture":"#0"},"up":{"uv":[2.742,7.242,2.008,7.008],"texture":"#0"},"down":{"uv":[7.742,2.258,7.008,2.492],"texture":"#0"}}},{"from":[2.23763,8,6],"to":[11.23763,9,10],"rotation":{"angle":0,"axis":"y","origin":[-3.76237,7,6]},"faces":{"north":{"uv":[5.508,5.008,7.742,5.242],"texture":"#0"},"east":{"uv":[6.508,4.758,7.492,4.992],"texture":"#0"},"south":{"uv":[6.008,3.758,8.242,3.992],"texture":"#0"},"west":{"uv":[6.508,5.258,7.492,5.492],"texture":"#0"},"up":{"uv":[5.992,3.242,3.758,2.258],"texture":"#0"},"down":{"uv":[5.992,3.258,3.758,4.242],"texture":"#0"}}}],"gui_light":"front","display":{"thirdperson_righthand":{"rotation":[35.07,-88.41,31.7],"translation":[-0.5,0.25,0],"scale":[0.65,0.65,0.65]},"thirdperson_lefthand":{"rotation":[151.75,89,-152],"translation":[-0.75,0,-0.5],"scale":[0.65,0.65,0.65]},"firstperson_righthand":{"rotation":[95.46,-83.23,92.07],"translation":[6.5,-0.25,-4.25]},"firstperson_lefthand":{"rotation":[-166.67,71.75,172.92],"translation":[8,-0.75,-5.75]},"ground":{"rotation":[37,0,0],"translation":[0,3.75,3.25],"scale":[0.83,0.83,0.83]},"gui":{"rotation":[-175.64,5.15,145.35],"translation":[-1.75,-2.5,0],"scale":[0.87,0.87,0.87]},"head":{"scale":[0.12,0.12,0.12]},"fixed":{"rotation":[0,0,-35.25],"translation":[2,-3,0]}},"groups":[{"name":"group","origin":[-3.76237,7,6],"color":0,"children":[0,1,2,3,4,5,6,7,8,9]}],"mcmodels":"14831e4dc6fdb61f65bab0c7e6b1b593"}