{"credit":"Made with Blockbench","texture_size":[64,64],"textures":{"2":"workshop_six:rpg_weapons_tools/flintlock_iridium","particle":"workshop_six:rpg_weapons_tools/flintlock_iridium"},"elements":[{"from":[-3.76237,9,5.5],"to":[11.23763,12,10.5],"rotation":{"angle":0,"axis":"y","origin":[-3.76237,10,5.5]},"faces":{"north":{"uv":[0,2.5,3.75,3.25],"texture":"#2"},"east":{"uv":[4.5,6.5,5.75,7.25],"texture":"#2"},"south":{"uv":[0,3.25,3.75,4],"texture":"#2"},"west":{"uv":[5.75,6.5,7,7.25],"texture":"#2"},"up":{"uv":[3.75,1.25,0,0],"texture":"#2"},"down":{"uv":[3.75,1.25,0,2.5],"texture":"#2"}}},{"from":[9.81263,9.6,6.025],"to":[15.81263,12.6,9.975],"rotation":{"angle":-45,"axis":"z","origin":[9.81263,10.6,6]},"faces":{"north":{"uv":[1.5,6,3,6.75],"texture":"#2"},"east":{"uv":[6.75,2,7.75,2.75],"texture":"#2"},"south":{"uv":[3,6.25,4.5,7],"texture":"#2"},"west":{"uv":[6.75,5.5,7.75,6.25],"texture":"#2"},"up":{"uv":[6.75,6.5,5.25,5.5],"texture":"#2"},"down":{"uv":[1.5,6,0,7],"texture":"#2"}}},{"from":[15.81263,9.1,5.525],"to":[16.81263,13.1,10.475],"rotation":{"angle":-45,"axis":"z","origin":[9.81263,10.6,6]},"faces":{"north":{"uv":[7.5,6.25,7.75,7.25],"texture":"#2"},"east":{"uv":[6,0,7.25,1],"texture":"#2"},"south":{"uv":[7,7.5,7.25,8.5],"texture":"#2"},"west":{"uv":[6,1,7.25,2],"texture":"#2"},"up":{"uv":[6.75,8.5,6.5,7.25],"texture":"#2"},"down":{"uv":[7,7.25,6.75,8.5],"texture":"#2"}}},{"from":[12.81263,9.5,5.925],"to":[14.81263,12.7,10.075],"rotation":{"angle":-45,"axis":"z","origin":[9.81263,10.6,6]},"faces":{"north":{"uv":[7.25,1.25,7.75,2],"texture":"#2"},"east":{"uv":[0,7,1,7.75],"texture":"#2"},"south":{"uv":[6,7.25,6.5,8],"texture":"#2"},"west":{"uv":[2.5,7,3.5,7.75],"texture":"#2"},"up":{"uv":[5.5,8.25,5,7.25],"texture":"#2"},"down":{"uv":[6,7.25,5.5,8.25],"texture":"#2"}}},{"from":[-6.2774,10.95,6.4],"to":[-5.2774,11.95,7.4],"rotation":{"angle":0,"axis":"y","origin":[-6.26237,10.25,5.9]},"faces":{"north":{"uv":[6.75,6.25,7,6.5],"texture":"#2"},"east":{"uv":[7.75,3,8,3.25],"texture":"#2"},"south":{"uv":[7.75,7,8,7.25],"texture":"#2"},"west":{"uv":[7.75,7.5,8,7.75],"texture":"#2"},"up":{"uv":[8,8,7.75,7.75],"texture":"#2"},"down":{"uv":[8.25,0.5,8,0.75],"texture":"#2"}}},{"from":[-6.2774,10.95,8.6],"to":[-5.2774,11.95,9.6],"rotation":{"angle":0,"axis":"y","origin":[-6.26237,10.25,5.9]},"faces":{"north":{"uv":[8,2.5,8.25,2.75],"texture":"#2"},"east":{"uv":[8,3,8.25,3.25],"texture":"#2"},"south":{"uv":[8,4.5,8.25,4.75],"texture":"#2"},"west":{"uv":[8,4.75,8.25,5],"texture":"#2"},"up":{"uv":[8.25,5.75,8,5.5],"texture":"#2"},"down":{"uv":[8.25,5.75,8,6],"texture":"#2"}}},{"from":[-6.26237,10.45,5.9],"to":[8.73763,12.45,7.9],"rotation":{"angle":0,"axis":"y","origin":[-6.26237,10.25,5.9]},"faces":{"north":{"uv":[5.25,3.25,9,3.75],"texture":"#2"},"east":{"uv":[0,7.75,0.5,8.25],"texture":"#2"},"south":{"uv":[5.25,3.75,9,4.25],"texture":"#2"},"west":{"uv":[7.75,0,8.25,0.5],"texture":"#2"},"up":{"uv":[9,5.5,5.25,5],"texture":"#2"},"down":{"uv":[3.75,5.5,0,6],"texture":"#2"}}},{"from":[-6.26237,10.45,8.1],"to":[8.73763,12.45,10.1],"rotation":{"angle":0,"axis":"y","origin":[-6.26237,10.25,8.1]},"faces":{"north":{"uv":[0,4,3.75,4.5],"texture":"#2"},"east":{"uv":[7.5,4.5,8,5],"texture":"#2"},"south":{"uv":[0,4.5,3.75,5],"texture":"#2"},"west":{"uv":[7.25,7.5,7.75,8],"texture":"#2"},"up":{"uv":[7.5,5,3.75,4.5],"texture":"#2"},"down":{"uv":[3.75,5,0,5.5],"texture":"#2"}}},{"from":[8.23763,7.6,5],"to":[10.23763,12.6,11],"rotation":{"angle":0,"axis":"y","origin":[-2.76237,10.6,5]},"faces":{"north":{"uv":[4,7,4.5,8.25],"texture":"#2"},"east":{"uv":[3.75,2,5.25,3.25],"texture":"#2"},"south":{"uv":[7,6.25,7.5,7.5],"texture":"#2"},"west":{"uv":[3.75,3.25,5.25,4.5],"texture":"#2"},"up":{"uv":[2,8.25,1.5,6.75],"texture":"#2"},"down":{"uv":[2.5,6.75,2,8.25],"texture":"#2"}}},{"from":[1.23763,7.6,5],"to":[3.23763,12.6,11],"rotation":{"angle":0,"axis":"y","origin":[-9.76237,10.6,5]},"faces":{"north":{"uv":[7.25,0,7.75,1.25],"texture":"#2"},"east":{"uv":[3.75,5,5.25,6.25],"texture":"#2"},"south":{"uv":[4.5,7.25,5,8.5],"texture":"#2"},"west":{"uv":[5.25,2,6.75,3.25],"texture":"#2"},"up":{"uv":[1.5,8.5,1,7],"texture":"#2"},"down":{"uv":[4,7,3.5,8.5],"texture":"#2"}}},{"from":[5.48763,11.5,7.5],"to":[6.48763,13.5,8.5],"rotation":{"angle":-22.5,"axis":"z","origin":[-3.76237,7,6]},"faces":{"north":{"uv":[7.75,2.25,8,2.75],"texture":"#2"},"east":{"uv":[7.75,5.5,8,6],"texture":"#2"},"south":{"uv":[7.75,6,8,6.5],"texture":"#2"},"west":{"uv":[7.75,6.5,8,7],"texture":"#2"},"up":{"uv":[2.75,7,2.5,6.75],"texture":"#2"},"down":{"uv":[3,6.75,2.75,7],"texture":"#2"}}},{"from":[7.16263,10.85,7.5],"to":[8.16263,13.85,8.5],"rotation":{"angle":-22.5,"axis":"z","origin":[-3.76237,7,6]},"faces":{"north":{"uv":[2.5,7.75,2.75,8.5],"texture":"#2"},"east":{"uv":[2.75,7.75,3,8.5],"texture":"#2"},"south":{"uv":[3,7.75,3.25,8.5],"texture":"#2"},"west":{"uv":[3.25,7.75,3.5,8.5],"texture":"#2"},"up":{"uv":[8.25,2,8,1.75],"texture":"#2"},"down":{"uv":[8.25,2.25,8,2.5],"texture":"#2"}}},{"from":[4.73763,6,7.5],"to":[5.73763,9,8.5],"rotation":{"angle":0,"axis":"z","origin":[-3.76237,7,6]},"faces":{"north":{"uv":[0.5,7.75,0.75,8.5],"texture":"#2"},"east":{"uv":[7.75,0.5,8,1.25],"texture":"#2"},"south":{"uv":[0.75,7.75,1,8.5],"texture":"#2"},"west":{"uv":[7.75,1.25,8,2],"texture":"#2"},"up":{"uv":[8.25,1,8,0.75],"texture":"#2"},"down":{"uv":[8.25,1,8,1.25],"texture":"#2"}}},{"from":[5.73763,6,7.5],"to":[8.73763,7,8.5],"rotation":{"angle":0,"axis":"z","origin":[-3.76237,7,6]},"faces":{"north":{"uv":[3,6,3.75,6.25],"texture":"#2"},"east":{"uv":[8,1.25,8.25,1.5],"texture":"#2"},"south":{"uv":[4.5,6.25,5.25,6.5],"texture":"#2"},"west":{"uv":[8,1.5,8.25,1.75],"texture":"#2"},"up":{"uv":[8.25,7.5,7.5,7.25],"texture":"#2"},"down":{"uv":[8.5,2,7.75,2.25],"texture":"#2"}}},{"from":[2.23763,8,6],"to":[11.23763,9,10],"rotation":{"angle":0,"axis":"y","origin":[-3.76237,7,6]},"faces":{"north":{"uv":[5.25,4.25,7.5,4.5],"texture":"#2"},"east":{"uv":[6.75,3,7.75,3.25],"texture":"#2"},"south":{"uv":[6.75,2.75,9,3],"texture":"#2"},"west":{"uv":[7.5,4.25,8.5,4.5],"texture":"#2"},"up":{"uv":[6,1,3.75,0],"texture":"#2"},"down":{"uv":[6,1,3.75,2],"texture":"#2"}}}],"gui_light":"front","display":{"thirdperson_righthand":{"rotation":[35.07,-88.41,31.7],"translation":[-0.5,0.25,0],"scale":[0.65,0.65,0.65]},"thirdperson_lefthand":{"rotation":[151.75,89,-152],"translation":[-0.75,0,-0.5],"scale":[0.65,0.65,0.65]},"firstperson_righthand":{"rotation":[95.46,-83.23,92.07],"translation":[6.5,-0.25,-4.25]},"firstperson_lefthand":{"rotation":[-166.67,71.75,172.92],"translation":[8,-0.75,-5.75]},"ground":{"rotation":[37,0,0],"translation":[0,3.75,3.25],"scale":[0.83,0.83,0.83]},"gui":{"rotation":[-175.64,5.15,145.35],"translation":[-1.75,-2.5,0],"scale":[0.87,0.87,0.87]},"head":{"scale":[0.12,0.12,0.12]},"fixed":{"rotation":[0,0,-35.25],"translation":[2,-3,0]}},"groups":[{"name":"group","origin":[-3.76237,7,6],"color":0,"children":[0,1,2,3,4,5,6,7,8,9,10,11,12,13,14]}],"mcmodels":"14831e4dc6fdb61f65bab0c7e6b1b593"}