{"credit":"Made with Blockbench","texture_size":[32,32],"textures":{"5":"workshop_six:rpg_weapons_tools/gauntlet_diamond"},"elements":[{"from":[5.5,-4.2,5.475],"to":[10.5,2.8,10.475],"rotation":{"angle":0,"axis":"y","origin":[-14,20.8,-0.025]},"faces":{"north":{"uv":[0.016,0.016,2.484,3.484],"texture":"#5"},"east":{"uv":[2.516,0.016,4.984,3.484],"texture":"#5"},"south":{"uv":[0.016,3.516,2.484,6.984],"texture":"#5"},"west":{"uv":[2.516,3.516,4.984,6.984],"texture":"#5"},"up":{"uv":[7.484,2.484,5.016,0.016],"texture":"#5"},"down":{"uv":[7.484,2.516,5.016,4.984],"texture":"#5"}}},{"from":[9.5,-3.2,6.475],"to":[11.5,0.8,9.475],"rotation":{"angle":0,"axis":"y","origin":[11.5,-3.2,7.975]},"faces":{"north":{"uv":[7.516,7.016,8.484,8.984],"texture":"#5"},"east":{"uv":[7.516,2.016,8.984,3.984],"texture":"#5"},"south":{"uv":[5.016,8.516,5.984,10.484],"texture":"#5"},"west":{"uv":[7.516,4.016,8.984,5.984],"texture":"#5"},"up":{"uv":[6.984,9.984,6.016,8.516],"texture":"#5"},"down":{"uv":[9.984,2.016,9.016,3.484],"texture":"#5"}}},{"from":[5.5,-3.2,4.975],"to":[10.5,1.8,4.975],"rotation":{"angle":0,"axis":"y","origin":[7.5,-1.2,5.475]},"faces":{"north":{"uv":[5.016,5.016,7.484,7.484],"texture":"#5"},"east":{"uv":[0.016,0.016,0.016,2.484],"texture":"#5"},"south":{"uv":[0.016,7.016,2.484,9.484],"texture":"#5"},"west":{"uv":[0.016,0.016,0.016,2.484],"texture":"#5"},"up":{"uv":[2.484,0.016,0.016,0.016],"texture":"#5"},"down":{"uv":[2.484,0.016,0.016,0.016],"texture":"#5"}}},{"from":[5.5,-3.2,4.975],"to":[10.5,-3.2,5.975],"rotation":{"angle":0,"axis":"y","origin":[7.5,-6.2,5.475]},"faces":{"north":{"uv":[0.016,0.016,2.484,0.016],"texture":"#5"},"east":{"uv":[0.016,0.016,0.484,0.016],"texture":"#5"},"south":{"uv":[0.016,0.016,2.484,0.016],"texture":"#5"},"west":{"uv":[0.016,0.016,0.484,0.016],"texture":"#5"},"up":{"uv":[4.984,9.484,2.516,9.016],"texture":"#5"},"down":{"uv":[11.484,3.516,9.016,3.984],"texture":"#5"}}},{"from":[5.5,1.8,4.975],"to":[10.5,1.8,5.975],"rotation":{"angle":0,"axis":"y","origin":[7.5,-1.2,5.475]},"faces":{"north":{"uv":[0.016,0.016,2.484,0.016],"texture":"#5"},"east":{"uv":[0.016,0.016,0.484,0.016],"texture":"#5"},"south":{"uv":[0.016,0.016,2.484,0.016],"texture":"#5"},"west":{"uv":[0.016,0.016,0.484,0.016],"texture":"#5"},"up":{"uv":[11.484,4.484,9.016,4.016],"texture":"#5"},"down":{"uv":[11.484,4.516,9.016,4.984],"texture":"#5"}}},{"from":[10.501,-3.2,4.975],"to":[10.501,1.8,5.975],"rotation":{"angle":0,"axis":"y","origin":[7.5,-1.2,5.475]},"faces":{"north":{"uv":[0.016,0.016,0.016,2.484],"texture":"#5"},"east":{"uv":[7.016,8.516,7.484,10.984],"texture":"#5"},"south":{"uv":[0.016,0.016,0.016,2.484],"texture":"#5"},"west":{"uv":[7.516,9.016,7.984,11.484],"texture":"#5"},"up":{"uv":[0.016,0.484,0.016,0.016],"texture":"#5"},"down":{"uv":[0.016,0.016,0.016,0.484],"texture":"#5"}}},{"from":[5.499,-3.2,4.975],"to":[5.499,1.8,5.975],"rotation":{"angle":0,"axis":"y","origin":[8.5,-1.2,5.475]},"faces":{"north":{"uv":[0.016,0.016,0.016,2.484],"texture":"#5"},"east":{"uv":[8.016,9.016,8.484,11.484],"texture":"#5"},"south":{"uv":[0.016,0.016,0.016,2.484],"texture":"#5"},"west":{"uv":[8.516,9.016,8.984,11.484],"texture":"#5"},"up":{"uv":[0.016,0.484,0.016,0.016],"texture":"#5"},"down":{"uv":[0.016,0.016,0.016,0.484],"texture":"#5"}}}],"gui_light":"front","display":{"thirdperson_righthand":{"rotation":[0,-90,90],"translation":[0,-2,-8.75],"scale":[1.23,1.23,1.23]},"thirdperson_lefthand":{"rotation":[0,-90,90],"translation":[0,-2,-8.75],"scale":[-1.23,1.23,1.23]},"firstperson_righthand":{"rotation":[-15,-145,0],"translation":[2,7.75,-1.5],"scale":[0.8,0.8,0.8]},"firstperson_lefthand":{"rotation":[-15,35,0],"translation":[1,8.25,-0.75],"scale":[0.8,0.8,-0.8]},"ground":{"translation":[0,12,0]},"gui":{"rotation":[13,-180,45],"translation":[10,9.5,-0.75],"scale":[1.61,1.61,1.61]},"head":{"rotation":[-90,-180,0],"translation":[0.25,0.5,-0.75],"scale":[0.2,0.2,0.2]},"fixed":{"translation":[-0.5,16.5,-0.75],"scale":[1.64,1.64,1.64]}},"groups":[{"name":"group","origin":[8,8,8],"color":0,"children":[0,1,2,3,4,5,6]}],"mcmodels":"14831e4dc6fdb61f65bab0c7e6b1b593"}