{"credit":"MadewithBlockbench","texture_size":[32,32],"textures":{"1":"workshop_six:rpg_weapons_tools/gauntlet_iridium","particle":"workshop_six:rpg_weapons_tools/gauntlet_iridium"},"elements":[{"from":[5.5,-4.2,5.475],"to":[10.5,2.8,10.475],"rotation":{"angle":0,"axis":"y","origin":[-14,20.8,-0.025]},"faces":{"north":{"uv":[0,0,2.5,3.5],"texture":"#1"},"east":{"uv":[2.5,0,5,3.5],"texture":"#1"},"south":{"uv":[0,3.5,2.5,7],"texture":"#1"},"west":{"uv":[2.5,3.5,5,7],"texture":"#1"},"up":{"uv":[7.5,2.5,5,0],"texture":"#1"},"down":{"uv":[7.5,2.5,5,5],"texture":"#1"}}},{"from":[5.5,-5.7,5.475],"to":[10.5,-4.7,10.475],"rotation":{"angle":0,"axis":"y","origin":[-14,20.8,-0.025]},"faces":{"north":{"uv":[9,11,11.5,11.5],"texture":"#1"},"east":{"uv":[0,11.5,2.5,12],"texture":"#1"},"south":{"uv":[11.5,0,14,0.5],"texture":"#1"},"west":{"uv":[11.5,0.5,14,1],"texture":"#1"},"up":{"uv":[5,9.5,2.5,7],"texture":"#1"},"down":{"uv":[10,0,7.5,2.5],"texture":"#1"}}},{"from":[5.75,-7.95,5.975],"to":[10.35,-5.95,9.975],"rotation":{"angle":0,"axis":"y","origin":[-14,20.8,-0.025]},"faces":{"north":{"uv":[10,2,12.5,3],"texture":"#1"},"east":{"uv":[10,7,12,8],"texture":"#1"},"south":{"uv":[10,3,12.5,4],"texture":"#1"},"west":{"uv":[10,8,12,9],"texture":"#1"},"up":{"uv":[10,7,7.5,5],"texture":"#1"},"down":{"uv":[10,7,7.5,9],"texture":"#1"}}},{"from":[9.5,-3.2,6.475],"to":[11.5,0.8,9.475],"rotation":{"angle":0,"axis":"z","origin":[11.5,-3.2,7.975]},"faces":{"north":{"uv":[10,5,11,7],"texture":"#1"},"east":{"uv":[2.5,9.5,4,11.5],"texture":"#1"},"south":{"uv":[6.5,10,7.5,12],"texture":"#1"},"west":{"uv":[10,0,11.5,2],"texture":"#1"},"up":{"uv":[5,12.5,4,11],"texture":"#1"},"down":{"uv":[6,11,5,12.5],"texture":"#1"}}},{"from":[6.999,-1.701,4.899],"to":[9.001,0.301,5.901],"rotation":{"angle":0,"axis":"y","origin":[8,-0.7,5.475]},"faces":{"north":{"uv":[2.5,11.5,3.5,12.5],"texture":"#1"},"east":{"uv":[3.5,11.5,4,12.5],"texture":"#1"},"south":{"uv":[11.5,11.5,12.5,12.5],"texture":"#1"},"west":{"uv":[0,12,0.5,13],"texture":"#1"},"up":{"uv":[5,10,4,9.5],"texture":"#1"},"down":{"uv":[1.5,12,0.5,12.5],"texture":"#1"}}},{"from":[5.5,-3.2,4.975],"to":[10.5,1.8,4.975],"rotation":{"angle":0,"axis":"y","origin":[7.5,-1.2,5.475]},"faces":{"north":{"uv":[5,5,7.5,7.5],"texture":"#1"},"east":{"uv":[0,0,0,2.5],"texture":"#1"},"south":{"uv":[0,7,2.5,9.5],"texture":"#1"},"west":{"uv":[0,0,0,2.5],"texture":"#1"},"up":{"uv":[2.5,0,0,0],"texture":"#1"},"down":{"uv":[2.5,0,0,0],"texture":"#1"}}},{"from":[5.5,-3.2,4.975],"to":[10.5,-3.2,5.975],"rotation":{"angle":0,"axis":"y","origin":[7.5,-6.2,5.475]},"faces":{"north":{"uv":[0,0,2.5,0],"texture":"#1"},"east":{"uv":[0,0,0.5,0],"texture":"#1"},"south":{"uv":[0,0,2.5,0],"texture":"#1"},"west":{"uv":[0,0,0.5,0],"texture":"#1"},"up":{"uv":[13.5,5.5,11,5],"texture":"#1"},"down":{"uv":[13.5,5.5,11,6],"texture":"#1"}}},{"from":[5.5,1.8,4.975],"to":[10.5,1.8,5.975],"rotation":{"angle":0,"axis":"y","origin":[7.5,-1.2,5.475]},"faces":{"north":{"uv":[0,0,2.5,0],"texture":"#1"},"east":{"uv":[0,0,0.5,0],"texture":"#1"},"south":{"uv":[0,0,2.5,0],"texture":"#1"},"west":{"uv":[0,0,0.5,0],"texture":"#1"},"up":{"uv":[13.5,6.5,11,6],"texture":"#1"},"down":{"uv":[13.5,6.5,11,7],"texture":"#1"}}},{"from":[10.501,-3.2,4.975],"to":[10.501,1.8,5.975],"rotation":{"angle":0,"axis":"y","origin":[7.5,-1.2,5.475]},"faces":{"north":{"uv":[0,0,0,2.5],"texture":"#1"},"east":{"uv":[6,11,6.5,13.5],"texture":"#1"},"south":{"uv":[0,0,0,2.5],"texture":"#1"},"west":{"uv":[7.5,11,8,13.5],"texture":"#1"},"up":{"uv":[0,0.5,0,0],"texture":"#1"},"down":{"uv":[0,0,0,0.5],"texture":"#1"}}},{"from":[5.499,-3.2,4.975],"to":[5.499,1.8,5.975],"rotation":{"angle":0,"axis":"y","origin":[8.5,-1.2,5.475]},"faces":{"north":{"uv":[0,0,0,2.5],"texture":"#1"},"east":{"uv":[8,11,8.5,13.5],"texture":"#1"},"south":{"uv":[0,0,0,2.5],"texture":"#1"},"west":{"uv":[8.5,11,9,13.5],"texture":"#1"},"up":{"uv":[0,0.5,0,0],"texture":"#1"},"down":{"uv":[0,0,0,0.5],"texture":"#1"}}},{"name":"cube inverted","from":[10.35,-5.95,9.975],"to":[5.75,-7.95,5.975],"rotation":{"angle":0,"axis":"y","origin":[-14,20.8,-0.025]},"faces":{"north":{"uv":[4,10,6.5,11],"texture":"#1"},"east":{"uv":[10,9,12,10],"texture":"#1"},"south":{"uv":[10,4,12.5,5],"texture":"#1"},"west":{"uv":[10,10,12,11],"texture":"#1"},"up":{"uv":[10,11,7.5,9],"texture":"#1"},"down":{"uv":[2.5,9.5,0,11.5],"texture":"#1"}}}],"gui_light":"front","display":{"thirdperson_righthand":{"rotation":[0,-90,90],"translation":[0,-2,-8.75],"scale":[1.23,1.23,1.23]},"thirdperson_lefthand":{"rotation":[0,-90,90],"translation":[0,-2,-8.75],"scale":[-1.23,1.23,1.23]},"firstperson_righthand":{"rotation":[-15,-145,0],"translation":[2,7.75,-1.5],"scale":[0.8,0.8,0.8]},"firstperson_lefthand":{"rotation":[-15,35,0],"translation":[1,8.25,-0.75],"scale":[0.8,0.8,-0.8]},"ground":{"translation":[0,12,0]},"gui":{"rotation":[13,-180,45],"translation":[11.25,10.75,-0.75],"scale":[1.53,1.53,1.53]},"head":{"rotation":[-90,-180,0],"translation":[0.25,0.5,-0.75],"scale":[0.2,0.2,0.2]},"fixed":{"translation":[-0.5,16.5,-0.75],"scale":[1.64,1.64,1.64]}},"groups":[{"name":"group","origin":[8,8,8],"color":0,"children":[0,1,2,3,4,5,6,7,8,9,10]}],"mcmodels":"14831e4dc6fdb61f65bab0c7e6b1b593"}