{"credit":"MadewithBlockbench","texture_size":[64,64],"textures":{"5":"workshop_six:rpg_weapons_tools/greatsword_amber"},"elements":[{"from":[6.4,-12.5,7],"to":[8.4,-1.5,9],"rotation":{"angle":0,"axis":"y","origin":[0,-12,0]},"faces":{"north":{"uv":[4,5.25,4.5,8],"texture":"#5"},"east":{"uv":[6.5,4.25,7,7],"texture":"#5"},"south":{"uv":[0,7,0.5,9.75],"texture":"#5"},"west":{"uv":[7,0,7.5,2.75],"texture":"#5"},"up":{"uv":[4.5,2.75,4,2.25],"texture":"#5"},"down":{"uv":[1,8.5,0.5,9],"texture":"#5"}}},{"from":[6.3,-10.5,6.9],"to":[8.5,-2.5,9.1],"rotation":{"angle":0,"axis":"y","origin":[0,-12,0]},"faces":{"north":{"uv":[3.25,7.25,3.75,9.25],"texture":"#5"},"east":{"uv":[5.5,7.25,6,9.25],"texture":"#5"},"south":{"uv":[6,7.25,6.5,9.25],"texture":"#5"},"west":{"uv":[7.5,0,8,2],"texture":"#5"},"up":{"uv":[9,1,8.5,0.5],"texture":"#5"},"down":{"uv":[9,2,8.5,2.5],"texture":"#5"}}},{"from":[6,-2,5],"to":[9,0,13],"rotation":{"angle":0,"axis":"y","origin":[0,-12,0]},"faces":{"north":{"uv":[8,8,8.75,8.5],"texture":"#5"},"east":{"uv":[7,2.75,9,3.25],"texture":"#5"},"south":{"uv":[2.25,8.25,3,8.75],"texture":"#5"},"west":{"uv":[7,3.25,9,3.75],"texture":"#5"},"up":{"uv":[3.25,7.25,2.5,5.25],"texture":"#5"},"down":{"uv":[4,5.25,3.25,7.25],"texture":"#5"}}},{"from":[5.5,-2,3],"to":[9.5,4,6],"rotation":{"angle":0,"axis":"y","origin":[0,-12,0]},"faces":{"north":{"uv":[5.5,4.25,6.5,5.75],"texture":"#5"},"east":{"uv":[6,0,6.75,1.5],"texture":"#5"},"south":{"uv":[5.5,5.75,6.5,7.25],"texture":"#5"},"west":{"uv":[0.5,7,1.25,8.5],"texture":"#5"},"up":{"uv":[7,2.25,6,1.5],"texture":"#5"},"down":{"uv":[8.5,2,7.5,2.75],"texture":"#5"}}},{"from":[5.5,0,6],"to":[9.5,4,10],"rotation":{"angle":0,"axis":"y","origin":[0,-12,0]},"faces":{"north":{"uv":[1.25,7,2.25,8],"texture":"#5"},"east":{"uv":[7,3.75,8,4.75],"texture":"#5"},"south":{"uv":[7,4.75,8,5.75],"texture":"#5"},"west":{"uv":[7,5.75,8,6.75],"texture":"#5"},"up":{"uv":[7.5,8,6.5,7],"texture":"#5"},"down":{"uv":[3.25,7.25,2.25,8.25],"texture":"#5"}}},{"from":[7,0,4.5],"to":[8,9,12.5],"rotation":{"angle":0,"axis":"y","origin":[0,-8,0.5]},"faces":{"north":{"uv":[1.75,8,2,10.25],"texture":"#5"},"east":{"uv":[2.5,3,4.5,5.25],"texture":"#5"},"south":{"uv":[2,8,2.25,10.25],"texture":"#5"},"west":{"uv":[4,0,6,2.25],"texture":"#5"},"up":{"uv":[4.25,10,4,8],"texture":"#5"},"down":{"uv":[4.5,8,4.25,10],"texture":"#5"}}},{"from":[6.5,0,3.75],"to":[8.5,16,8.75],"rotation":{"angle":0,"axis":"y","origin":[0,-8,0.5]},"faces":{"north":{"uv":[4.5,4.25,5,8.25],"texture":"#5"},"east":{"uv":[0,3,1.25,7],"texture":"#5"},"south":{"uv":[5,4.25,5.5,8.25],"texture":"#5"},"west":{"uv":[1.25,3,2.5,7],"texture":"#5"},"up":{"uv":[8.25,8,7.75,6.75],"texture":"#5"},"down":{"uv":[8.5,0,8,1.25],"texture":"#5"}}},{"from":[7,9,4.5],"to":[8,21,12.5],"rotation":{"angle":0,"axis":"y","origin":[0,4,0.5]},"faces":{"north":{"uv":[3.75,7.25,4,10.25],"texture":"#5"},"east":{"uv":[0,0,2,3],"texture":"#5"},"south":{"uv":[7.5,6.75,7.75,9.75],"texture":"#5"},"west":{"uv":[2,0,4,3],"texture":"#5"},"up":{"uv":[7.5,10,7.25,8],"texture":"#5"},"down":{"uv":[8,8,7.75,10],"texture":"#5"}}},{"from":[7,21,2.5],"to":[8,25,12.5],"rotation":{"angle":0,"axis":"y","origin":[0,4,0.5]},"faces":{"north":{"uv":[6.75,0,7,1],"texture":"#5"},"east":{"uv":[4.5,2.25,7,3.25],"texture":"#5"},"south":{"uv":[3,8.25,3.25,9.25],"texture":"#5"},"west":{"uv":[4.5,3.25,7,4.25],"texture":"#5"},"up":{"uv":[1.5,10.5,1.25,8],"texture":"#5"},"down":{"uv":[1.75,8,1.5,10.5],"texture":"#5"}}},{"from":[6,-14.25,6.5],"to":[8.8,-11.25,9.5],"rotation":{"angle":45,"axis":"x","origin":[7.5,-12.75,8]},"faces":{"north":{"uv":[8,1.25,8.75,2],"texture":"#5"},"east":{"uv":[8,3.75,8.75,4.5],"texture":"#5"},"south":{"uv":[8,4.5,8.75,5.25],"texture":"#5"},"west":{"uv":[8,5.25,8.75,6],"texture":"#5"},"up":{"uv":[8.75,6.75,8,6],"texture":"#5"},"down":{"uv":[7.25,8,6.5,8.75],"texture":"#5"}}},{"from":[5.9,-13.75,7],"to":[8.9,-11.75,9],"rotation":{"angle":45,"axis":"x","origin":[7.5,-12.75,8]},"faces":{"north":{"uv":[4.5,8.25,5.25,8.75],"texture":"#5"},"east":{"uv":[8,8.5,8.5,9],"texture":"#5"},"south":{"uv":[8.25,6.75,9,7.25],"texture":"#5"},"west":{"uv":[8.5,8.5,9,9],"texture":"#5"},"up":{"uv":[9,7.75,8.25,7.25],"texture":"#5"},"down":{"uv":[9.25,0,8.5,0.5],"texture":"#5"}}}],"gui_light":"front","display":{"thirdperson_righthand":{"rotation":[0,-180,0],"translation":[0,9.5,0.25],"scale":[0.8,0.8,0.8]},"thirdperson_lefthand":{"rotation":[0,-180,0],"translation":[0,9.5,-0.75],"scale":[0.8,0.8,0.8]},"firstperson_righthand":{"rotation":[4,-177,15],"translation":[4.25,5.75,-3.75],"scale":[0.8,0.8,0.8]},"firstperson_lefthand":{"rotation":[4,-177,15],"translation":[5.25,5.75,-4.5],"scale":[0.8,0.8,0.8]},"ground":{"rotation":[0,0,50],"translation":[0,11.25,0],"scale":[0.6,0.6,0.6]},"gui":{"rotation":[82,44,-82],"translation":[0.5,0.25,0],"scale":[0.52,0.52,0.52]},"fixed":{"rotation":[0,-90,0],"translation":[0,1.75,-1],"scale":[0.54,0.54,0.54]}},"mcmodels":"14831e4dc6fdb61f65bab0c7e6b1b593"}