{"credit":"Made with Blockbench","texture_size":[64,64],"textures":{"2":"workshop_six:rpg_weapons_tools/greatsword_diamond"},"elements":[{"from":[6.4,-12.5,7],"to":[8.4,-1.5,9],"rotation":{"angle":0,"axis":"y","origin":[0,-12,0]},"faces":{"north":{"uv":[4.75,5,5.25,7.75],"texture":"#2"},"east":{"uv":[0,5.25,0.5,8],"texture":"#2"},"south":{"uv":[0.5,5.25,1,8],"texture":"#2"},"west":{"uv":[1,5.25,1.5,8],"texture":"#2"},"up":{"uv":[2.25,8,1.75,7.5],"texture":"#2"},"down":{"uv":[8,4,7.5,4.5],"texture":"#2"}}},{"from":[6.3,-10.5,6.9],"to":[8.5,-2.5,9.1],"rotation":{"angle":0,"axis":"y","origin":[0,-12,0]},"faces":{"north":{"uv":[4,6,4.5,8],"texture":"#2"},"east":{"uv":[5.25,6,5.75,8],"texture":"#2"},"south":{"uv":[5.75,6,6.25,8],"texture":"#2"},"west":{"uv":[3,6.25,3.5,8.25],"texture":"#2"},"up":{"uv":[8,6,7.5,5.5],"texture":"#2"},"down":{"uv":[8,6,7.5,6.5],"texture":"#2"}}},{"from":[6,-2,5],"to":[9,0,13],"rotation":{"angle":0,"axis":"y","origin":[0,-12,0]},"faces":{"north":{"uv":[7,3,7.75,3.5],"texture":"#2"},"east":{"uv":[5.25,5,7.25,5.5],"texture":"#2"},"south":{"uv":[7,3.5,7.75,4],"texture":"#2"},"west":{"uv":[5.25,5.5,7.25,6],"texture":"#2"},"up":{"uv":[4.75,4,4,2],"texture":"#2"},"down":{"uv":[4.75,4,4,6],"texture":"#2"}}},{"from":[5.5,-2,3],"to":[9.5,4,6],"rotation":{"angle":0,"axis":"y","origin":[0,-12,0]},"faces":{"north":{"uv":[4.75,2,5.75,3.5],"texture":"#2"},"east":{"uv":[1.5,5.25,2.25,6.75],"texture":"#2"},"south":{"uv":[4.75,3.5,5.75,5],"texture":"#2"},"west":{"uv":[2.25,5.25,3,6.75],"texture":"#2"},"up":{"uv":[7.25,6.75,6.25,6],"texture":"#2"},"down":{"uv":[2.5,6.75,1.5,7.5],"texture":"#2"}}},{"from":[5.5,0,6],"to":[9.5,4,10],"rotation":{"angle":0,"axis":"y","origin":[0,-12,0]},"faces":{"north":{"uv":[3,5.25,4,6.25],"texture":"#2"},"east":{"uv":[5.75,2,6.75,3],"texture":"#2"},"south":{"uv":[5.75,3,6.75,4],"texture":"#2"},"west":{"uv":[5.75,4,6.75,5],"texture":"#2"},"up":{"uv":[7,1,6,0],"texture":"#2"},"down":{"uv":[7,1,6,2],"texture":"#2"}}},{"from":[7,0,4.5],"to":[8,9,12.5],"rotation":{"angle":0,"axis":"y","origin":[0,-8,0.5]},"faces":{"north":{"uv":[3.75,6.25,4,8.5],"texture":"#2"},"east":{"uv":[0,3,2,5.25],"texture":"#2"},"south":{"uv":[6.75,2,7,4.25],"texture":"#2"},"west":{"uv":[2,3,4,5.25],"texture":"#2"},"up":{"uv":[2.75,8.75,2.5,6.75],"texture":"#2"},"down":{"uv":[3,6.75,2.75,8.75],"texture":"#2"}}},{"from":[7,9,4.5],"to":[8,21,12.5],"rotation":{"angle":0,"axis":"y","origin":[0,4,0.5]},"faces":{"north":{"uv":[4.5,6,4.75,9],"texture":"#2"},"east":{"uv":[0,0,2,3],"texture":"#2"},"south":{"uv":[3.5,6.25,3.75,9.25],"texture":"#2"},"west":{"uv":[2,0,4,3],"texture":"#2"},"up":{"uv":[7.25,8.75,7,6.75],"texture":"#2"},"down":{"uv":[7.5,5,7.25,7],"texture":"#2"}}},{"from":[7,21,4.5],"to":[8,25,12.5],"rotation":{"angle":0,"axis":"y","origin":[0,4,0.5]},"faces":{"north":{"uv":[2.25,7.5,2.5,8.5],"texture":"#2"},"east":{"uv":[4,0,6,1],"texture":"#2"},"south":{"uv":[7.5,4.5,7.75,5.5],"texture":"#2"},"west":{"uv":[4,1,6,2],"texture":"#2"},"up":{"uv":[7.5,9,7.25,7],"texture":"#2"},"down":{"uv":[1.75,7.5,1.5,9.5],"texture":"#2"}}},{"from":[6,-14,6.5],"to":[8.8,-11,9.5],"rotation":{"angle":0,"axis":"x","origin":[7.5,-12.5,8]},"faces":{"north":{"uv":[6.75,4.25,7.5,5],"texture":"#2"},"east":{"uv":[6.25,6.75,7,7.5],"texture":"#2"},"south":{"uv":[7,0,7.75,0.75],"texture":"#2"},"west":{"uv":[7,0.75,7.75,1.5],"texture":"#2"},"up":{"uv":[7.75,2.25,7,1.5],"texture":"#2"},"down":{"uv":[7.75,2.25,7,3],"texture":"#2"}}}],"gui_light":"front","display":{"thirdperson_righthand":{"rotation":[0,-180,0],"translation":[0,9.5,0.25],"scale":[0.8,0.8,0.8]},"thirdperson_lefthand":{"rotation":[0,-180,0],"translation":[0,9.5,-0.75],"scale":[0.8,0.8,0.8]},"firstperson_righthand":{"rotation":[4,-177,15],"translation":[5,5.75,-3.75],"scale":[0.8,0.8,0.8]},"firstperson_lefthand":{"rotation":[4,-177,15],"translation":[7,5.75,-4.5],"scale":[0.8,0.8,0.8]},"ground":{"rotation":[0,0,50],"translation":[0,7.5,0],"scale":[0.6,0.6,0.6]},"gui":{"rotation":[107.44,41.49,-97.66],"translation":[0.5,0.5,0],"scale":[0.54,0.54,0.54]},"head":{"scale":[0.23,0.23,0.23]},"fixed":{"rotation":[0,-90,0],"translation":[0,1.75,0.25],"scale":[0.7,0.7,0.7]}},"groups":[{"name":"group","origin":[7.5,-12.75,8],"color":0,"children":[0,1,2,3,4,5,6,7,8]}],"mcmodels":"14831e4dc6fdb61f65bab0c7e6b1b593"}