{"credit":"MadewithBlockbench","texture_size":[64,64],"textures":{"1":"workshop_six:rpg_weapons_tools/greatsword_iridium","particle":"workshop_six:rpg_weapons_tools/greatsword_iridium"},"elements":[{"from":[6.4,-12.5,7],"to":[8.4,-1.5,9],"rotation":{"angle":0,"axis":"y","origin":[0,-12,0]},"faces":{"north":{"uv":[4,5.25,4.5,8],"texture":"#1"},"east":{"uv":[6.5,4.25,7,7],"texture":"#1"},"south":{"uv":[0,7,0.5,9.75],"texture":"#1"},"west":{"uv":[7,0,7.5,2.75],"texture":"#1"},"up":{"uv":[4.5,2.75,4,2.25],"texture":"#1"},"down":{"uv":[7,7,6.5,7.5],"texture":"#1"}}},{"from":[6.3,-10.5,6.9],"to":[8.5,-2.5,9.1],"rotation":{"angle":0,"axis":"y","origin":[0,-12,0]},"faces":{"north":{"uv":[7.75,2.5,8.25,4.5],"texture":"#1"},"east":{"uv":[3,7.75,3.5,9.75],"texture":"#1"},"south":{"uv":[3.5,7.75,4,9.75],"texture":"#1"},"west":{"uv":[7.75,4.5,8.25,6.5],"texture":"#1"},"up":{"uv":[9.5,6.25,9,5.75],"texture":"#1"},"down":{"uv":[9.75,0.5,9.25,1],"texture":"#1"}}},{"from":[6,-2,5],"to":[9,0,13],"rotation":{"angle":0,"axis":"y","origin":[0,-12,0]},"faces":{"north":{"uv":[6,1.75,6.75,2.25],"texture":"#1"},"east":{"uv":[2,7.25,4,7.75],"texture":"#1"},"south":{"uv":[8.5,2,9.25,2.5],"texture":"#1"},"west":{"uv":[7.5,0,9.5,0.5],"texture":"#1"},"up":{"uv":[3.25,7.25,2.5,5.25],"texture":"#1"},"down":{"uv":[4,5.25,3.25,7.25],"texture":"#1"}}},{"from":[5.5,-2,3],"to":[9.5,4,6],"rotation":{"angle":0,"axis":"y","origin":[0,-12,0]},"faces":{"north":{"uv":[5.5,4.25,6.5,5.75],"texture":"#1"},"east":{"uv":[7,4.5,7.75,6],"texture":"#1"},"south":{"uv":[5.5,5.75,6.5,7.25],"texture":"#1"},"west":{"uv":[7,6,7.75,7.5],"texture":"#1"},"up":{"uv":[9.25,4.25,8.25,3.5],"texture":"#1"},"down":{"uv":[5,8.25,4,9],"texture":"#1"}}},{"from":[5.5,0,6],"to":[9.5,4,10],"rotation":{"angle":0,"axis":"y","origin":[0,-12,0]},"faces":{"north":{"uv":[5.5,7.25,6.5,8.25],"texture":"#1"},"east":{"uv":[7.5,0.5,8.5,1.5],"texture":"#1"},"south":{"uv":[7.5,1.5,8.5,2.5],"texture":"#1"},"west":{"uv":[6.5,7.5,7.5,8.5],"texture":"#1"},"up":{"uv":[8.5,8.5,7.5,7.5],"texture":"#1"},"down":{"uv":[3,7.75,2,8.75],"texture":"#1"}}},{"from":[7,0,4.5],"to":[8,9,12.5],"rotation":{"angle":0,"axis":"y","origin":[0,-8,0.5]},"faces":{"north":{"uv":[6.75,0,7,2.25],"texture":"#1"},"east":{"uv":[2.5,3,4.5,5.25],"texture":"#1"},"south":{"uv":[6.5,8.5,6.75,10.75],"texture":"#1"},"west":{"uv":[4,0,6,2.25],"texture":"#1"},"up":{"uv":[8.5,10.5,8.25,8.5],"texture":"#1"},"down":{"uv":[8.75,8.25,8.5,10.25],"texture":"#1"}}},{"from":[6.5,0,3.75],"to":[8.5,16,8.75],"rotation":{"angle":0,"axis":"y","origin":[0,-8,0.5]},"faces":{"north":{"uv":[4.5,4.25,5,8.25],"texture":"#1"},"east":{"uv":[0,3,1.25,7],"texture":"#1"},"south":{"uv":[5,4.25,5.5,8.25],"texture":"#1"},"west":{"uv":[1.25,3,2.5,7],"texture":"#1"},"up":{"uv":[8.75,5.5,8.25,4.25],"texture":"#1"},"down":{"uv":[6,8.25,5.5,9.5],"texture":"#1"}}},{"from":[6,12,3],"to":[9,14,10],"rotation":{"angle":0,"axis":"y","origin":[0.5,-3,0.75]},"faces":{"north":{"uv":[4,9,4.75,9.5],"texture":"#1"},"east":{"uv":[8.25,2.5,10,3],"texture":"#1"},"south":{"uv":[9,5.25,9.75,5.75],"texture":"#1"},"west":{"uv":[8.25,3,10,3.5],"texture":"#1"},"up":{"uv":[2,8.75,1.25,7],"texture":"#1"},"down":{"uv":[7.75,2.75,7,4.5],"texture":"#1"}}},{"from":[6,7,3],"to":[9,9,10],"rotation":{"angle":0,"axis":"y","origin":[0.5,-3,0.75]},"faces":{"north":{"uv":[4,9,4.75,9.5],"texture":"#1"},"east":{"uv":[8.25,2.5,10,3],"texture":"#1"},"south":{"uv":[9,5.25,9.75,5.75],"texture":"#1"},"west":{"uv":[8.25,3,10,3.5],"texture":"#1"},"up":{"uv":[2,8.75,1.25,7],"texture":"#1"},"down":{"uv":[7.75,2.75,7,4.5],"texture":"#1"}}},{"from":[7,9,4.5],"to":[8,21,12.5],"rotation":{"angle":0,"axis":"y","origin":[0,4,0.5]},"faces":{"north":{"uv":[5,8.25,5.25,11.25],"texture":"#1"},"east":{"uv":[0,0,2,3],"texture":"#1"},"south":{"uv":[5.25,8.25,5.5,11.25],"texture":"#1"},"west":{"uv":[2,0,4,3],"texture":"#1"},"up":{"uv":[0.75,10.75,0.5,8.75],"texture":"#1"},"down":{"uv":[1,8.75,0.75,10.75],"texture":"#1"}}},{"from":[7,21,2.5],"to":[8,25,12.5],"rotation":{"angle":0,"axis":"y","origin":[0,4,0.5]},"faces":{"north":{"uv":[2.5,8.75,2.75,9.75],"texture":"#1"},"east":{"uv":[4.5,2.25,7,3.25],"texture":"#1"},"south":{"uv":[2.75,8.75,3,9.75],"texture":"#1"},"west":{"uv":[4.5,3.25,7,4.25],"texture":"#1"},"up":{"uv":[6.25,10.75,6,8.25],"texture":"#1"},"down":{"uv":[6.5,8.25,6.25,10.75],"texture":"#1"}}},{"from":[6,-14.25,6.5],"to":[8.8,-11.25,9.5],"rotation":{"angle":45,"axis":"x","origin":[7.5,-12.75,8]},"faces":{"north":{"uv":[8.25,5.5,9,6.25],"texture":"#1"},"east":{"uv":[8.5,0.5,9.25,1.25],"texture":"#1"},"south":{"uv":[8.5,1.25,9.25,2],"texture":"#1"},"west":{"uv":[6.75,8.5,7.5,9.25],"texture":"#1"},"up":{"uv":[8.25,9.25,7.5,8.5],"texture":"#1"},"down":{"uv":[9.25,7.5,8.5,8.25],"texture":"#1"}}},{"from":[5.9,-13.75,7],"to":[8.9,-11.75,9],"rotation":{"angle":45,"axis":"x","origin":[7.5,-12.75,8]},"faces":{"north":{"uv":[1,8.75,1.75,9.25],"texture":"#1"},"east":{"uv":[1,9.25,1.5,9.75],"texture":"#1"},"south":{"uv":[1.75,8.75,2.5,9.25],"texture":"#1"},"west":{"uv":[9.25,1,9.75,1.5],"texture":"#1"},"up":{"uv":[9.5,4.75,8.75,4.25],"texture":"#1"},"down":{"uv":[9.5,4.75,8.75,5.25],"texture":"#1"}}}],"gui_light":"front","display":{"thirdperson_righthand":{"rotation":[0,-180,0],"translation":[0,9.5,0.25],"scale":[0.8,0.8,0.8]},"thirdperson_lefthand":{"rotation":[0,-180,0],"translation":[0,9.5,-0.75],"scale":[0.8,0.8,0.8]},"firstperson_righthand":{"rotation":[4,-177,15],"translation":[4.25,5.75,-3.75],"scale":[0.8,0.8,0.8]},"firstperson_lefthand":{"rotation":[4,-177,15],"translation":[5.25,5.75,-4.5],"scale":[0.8,0.8,0.8]},"ground":{"rotation":[0,0,50],"translation":[0,11.25,0],"scale":[0.6,0.6,0.6]},"gui":{"rotation":[82,44,-82],"translation":[0.5,0.25,0],"scale":[0.52,0.52,0.52]},"fixed":{"rotation":[0,-90,0],"translation":[0,1.75,-1],"scale":[0.54,0.54,0.54]}},"mcmodels":"14831e4dc6fdb61f65bab0c7e6b1b593"}