{"credit":"Made with Blockbench","texture_size":[32,32],"textures":{"3":"workshop_six:rpg_weapons_tools/grimoire_gold"},"elements":[{"from":[10.1,3.35,3.4],"to":[11.1,11.15,5.4],"rotation":{"angle":0,"axis":"y","origin":[-0.25,3,0]},"faces":{"north":{"uv":[9,5.5,9.5,9.5],"texture":"#3"},"east":{"uv":[2.5,8,3.5,12],"texture":"#3"},"south":{"uv":[6,9,6.5,13],"texture":"#3"},"west":{"uv":[3.5,8,4.5,12],"texture":"#3"},"up":{"uv":[2.5,11,2,10],"texture":"#3"},"down":{"uv":[8,10,7.5,11],"texture":"#3"}}},{"from":[4.7,6.15,5.6],"to":[6.9,8.15,6.1],"rotation":{"angle":0,"axis":"y","origin":[0,3.15,0]},"faces":{"north":{"uv":[7.5,9,8.5,10],"texture":"#3"},"east":{"uv":[8,10,8.5,11],"texture":"#3"},"south":{"uv":[9.5,7,10.5,8],"texture":"#3"},"west":{"uv":[8.5,10,9,11],"texture":"#3"},"up":{"uv":[10,10.5,9,10],"texture":"#3"},"down":{"uv":[11,10,10,10.5],"texture":"#3"}}},{"from":[4.725,6.175,2.85],"to":[5.675,8.125,5.85],"rotation":{"angle":0,"axis":"y","origin":[0,3.15,0]},"faces":{"north":{"uv":[10.5,7,11,8],"texture":"#3"},"east":{"uv":[9.5,1,11,2],"texture":"#3"},"south":{"uv":[10.5,8.5,11,9.5],"texture":"#3"},"west":{"uv":[9.5,2,11,3],"texture":"#3"},"up":{"uv":[1.5,11.5,1,10],"texture":"#3"},"down":{"uv":[2,10,1.5,11.5],"texture":"#3"}}},{"from":[5.3,3.4,3.4],"to":[10.4,10.7,5.3],"rotation":{"angle":0,"axis":"y","origin":[8,7.05,2.75]},"faces":{"north":{"uv":[6,0,8.5,3.5],"texture":"#3"},"east":{"uv":[4.5,8,5.5,11.5],"texture":"#3"},"south":{"uv":[6,3.5,8.5,7],"texture":"#3"},"west":{"uv":[8.5,0,9.5,3.5],"texture":"#3"},"up":{"uv":[11,4.5,8.5,3.5],"texture":"#3"},"down":{"uv":[11,4.5,8.5,5.5],"texture":"#3"}}},{"from":[6,6.65,2.685],"to":[11.3,7.65,6.185],"rotation":{"angle":0,"axis":"y","origin":[8,7.15,2.925]},"faces":{"north":{"uv":[9.5,6,12,6.5],"texture":"#3"},"east":{"uv":[9.5,8,11.5,8.5],"texture":"#3"},"south":{"uv":[9.5,6.5,12,7],"texture":"#3"},"west":{"uv":[8.5,9.5,10.5,10],"texture":"#3"},"up":{"uv":[8.5,9,6,7],"texture":"#3"},"down":{"uv":[2.5,8,0,10],"texture":"#3"}}},{"from":[4.7,6.15,2.75],"to":[6.9,8.15,3.25],"rotation":{"angle":0,"axis":"y","origin":[8,7.15,2.75]},"faces":{"north":{"uv":[9.5,8.5,10.5,9.5],"texture":"#3"},"east":{"uv":[9,10.5,9.5,11.5],"texture":"#3"},"south":{"uv":[0,10,1,11],"texture":"#3"},"west":{"uv":[9.5,10.5,10,11.5],"texture":"#3"},"up":{"uv":[11.5,10,10.5,9.5],"texture":"#3"},"down":{"uv":[11,10.5,10,11],"texture":"#3"}}},{"from":[5,3.25,2.8],"to":[11,11.25,3.8],"rotation":{"angle":0,"axis":"y","origin":[8,7,2.75]},"faces":{"north":{"uv":[0,4,3,8],"texture":"#3"},"east":{"uv":[6.5,9,7,13],"texture":"#3"},"south":{"uv":[3,4,6,8],"texture":"#3"},"west":{"uv":[7,9,7.5,13],"texture":"#3"},"up":{"uv":[12.5,3.5,9.5,3],"texture":"#3"},"down":{"uv":[12.5,5.5,9.5,6],"texture":"#3"}}},{"from":[5,3.25,4.95],"to":[11,11.25,5.95],"rotation":{"angle":0,"axis":"y","origin":[8,7,6]},"faces":{"north":{"uv":[6,4,3,8],"texture":"#3"},"east":{"uv":[7,9,6.5,13],"texture":"#3"},"south":{"uv":[3,4,0,8],"texture":"#3"},"west":{"uv":[7.5,9,7,13],"texture":"#3"},"up":{"uv":[12.5,3,9.5,3.5],"texture":"#3"},"down":{"uv":[12.5,6,9.5,5.5],"texture":"#3"}}}],"gui_light":"front","display":{"thirdperson_righthand":{"rotation":[76.25,-89,71],"translation":[-4,-1.25,-2.75]},"thirdperson_lefthand":{"rotation":[-104,-89,71],"translation":[-4,-2.5,-2.25]},"firstperson_righthand":{"rotation":[-95.08,88.17,79.83],"translation":[6,3.25,3.5]},"firstperson_lefthand":{"rotation":[-95.08,88.17,79.83],"translation":[6,3.25,3.5]},"ground":{"rotation":[37,0,0],"translation":[0,3.75,3.25]},"gui":{"rotation":[-174.62,35.77,-131.75],"translation":[4,1.25,0],"scale":[1.59,1.59,1.59]},"head":{"rotation":[0,-180,0],"translation":[0,4.5,2],"scale":[0.36,0.36,0.36]},"fixed":{"translation":[0,2.5,7],"scale":[2.02,2.02,2.02]}},"groups":[{"name":"group","origin":[0,0,0],"color":0,"children":[0,1,2,3,4,5,6,7]}],"mcmodels":"14831e4dc6fdb61f65bab0c7e6b1b593"}