{"credit":"MadewithBlockbench","texture_size":[32,32],"textures":{"2":"workshop_six:rpg_weapons_tools/grimoire_jade"},"elements":[{"from":[5,3.25,4.95],"to":[11,11.25,5.95],"rotation":{"angle":0,"axis":"y","origin":[0,3,0]},"faces":{"north":{"uv":[0.016,0.016,2.984,3.984],"texture":"#2"},"east":{"uv":[8.516,0.016,8.984,3.984],"texture":"#2"},"south":{"uv":[3.016,0.016,5.984,3.984],"texture":"#2"},"west":{"uv":[9.016,0.016,9.484,3.984],"texture":"#2"},"up":{"uv":[11.484,4.484,8.516,4.016],"texture":"#2"},"down":{"uv":[11.484,4.516,8.516,4.984],"texture":"#2"}}},{"from":[10.1,3.35,3.4],"to":[11.1,11.15,5.4],"rotation":{"angle":0,"axis":"y","origin":[-0.25,3,0]},"faces":{"north":{"uv":[2.016,9.016,2.484,12.984],"texture":"#2"},"east":{"uv":[6.016,7.016,6.984,10.984],"texture":"#2"},"south":{"uv":[2.516,9.016,2.984,12.984],"texture":"#2"},"west":{"uv":[7.016,7.016,7.984,10.984],"texture":"#2"},"up":{"uv":[11.484,7.484,11.016,6.516],"texture":"#2"},"down":{"uv":[7.984,11.016,7.516,11.984],"texture":"#2"}}},{"from":[4.7,6.15,5.6],"to":[6.9,8.15,6.1],"rotation":{"angle":0,"axis":"y","origin":[0,3.15,0]},"faces":{"north":{"uv":[9.516,3.016,10.484,3.984],"texture":"#2"},"east":{"uv":[11.016,7.516,11.484,8.484],"texture":"#2"},"south":{"uv":[4.016,9.516,4.984,10.484],"texture":"#2"},"west":{"uv":[8.516,11.016,8.984,11.984],"texture":"#2"},"up":{"uv":[9.984,11.484,9.016,11.016],"texture":"#2"},"down":{"uv":[11.984,9.016,11.016,9.484],"texture":"#2"}}},{"from":[4.725,6.175,2.85],"to":[5.675,8.125,5.85],"rotation":{"angle":0,"axis":"y","origin":[0,3.15,0]},"faces":{"north":{"uv":[11.016,9.516,11.484,10.484],"texture":"#2"},"east":{"uv":[8.516,5.016,9.984,5.984],"texture":"#2"},"south":{"uv":[10.016,11.016,10.484,11.984],"texture":"#2"},"west":{"uv":[8.516,6.016,9.984,6.984],"texture":"#2"},"up":{"uv":[4.484,11.984,4.016,10.516],"texture":"#2"},"down":{"uv":[4.984,10.516,4.516,11.984],"texture":"#2"}}},{"from":[6,6.65,5.76],"to":[11.3,7.65,6.26],"rotation":{"angle":0,"axis":"y","origin":[0,3.15,0]},"faces":{"north":{"uv":[9.516,1.016,11.984,1.484],"texture":"#2"},"east":{"uv":[4.016,9.016,4.484,9.484],"texture":"#2"},"south":{"uv":[9.516,1.516,11.984,1.984],"texture":"#2"},"west":{"uv":[9.516,9.016,9.984,9.484],"texture":"#2"},"up":{"uv":[11.984,2.484,9.516,2.016],"texture":"#2"},"down":{"uv":[11.984,2.516,9.516,2.984],"texture":"#2"}}},{"from":[10.325,6.65,2.9],"to":[11.325,7.65,5.9],"rotation":{"angle":0,"axis":"y","origin":[-0.675,3.15,-0.1]},"faces":{"north":{"uv":[11.516,4.016,11.984,4.484],"texture":"#2"},"east":{"uv":[10.516,3.016,11.984,3.484],"texture":"#2"},"south":{"uv":[11.516,4.516,11.984,4.984],"texture":"#2"},"west":{"uv":[10.516,3.516,11.984,3.984],"texture":"#2"},"up":{"uv":[5.484,11.984,5.016,10.516],"texture":"#2"},"down":{"uv":[5.984,10.516,5.516,11.984],"texture":"#2"}}},{"from":[5.75,6.9,2.425],"to":[7.75,8.9,4.425],"rotation":{"angle":45,"axis":"z","origin":[7.75,7.9,2.75]},"faces":{"north":{"uv":[5.016,9.516,5.984,10.484],"texture":"#2"},"east":{"uv":[8.016,9.516,8.984,10.484],"texture":"#2"},"south":{"uv":[9.516,8.016,10.484,8.984],"texture":"#2"},"west":{"uv":[9.016,9.516,9.984,10.484],"texture":"#2"},"up":{"uv":[10.984,5.984,10.016,5.016],"texture":"#2"},"down":{"uv":[10.984,6.016,10.016,6.984],"texture":"#2"}}},{"from":[5.25,6.4,2.5],"to":[8.25,9.4,3],"rotation":{"angle":45,"axis":"z","origin":[7.75,7.9,2.75]},"faces":{"north":{"uv":[4.516,8.016,5.984,9.484],"texture":"#2"},"east":{"uv":[10.516,7.016,10.984,8.484],"texture":"#2"},"south":{"uv":[8.016,8.016,9.484,9.484],"texture":"#2"},"west":{"uv":[8.016,10.516,8.484,11.984],"texture":"#2"},"up":{"uv":[9.984,10.984,8.516,10.516],"texture":"#2"},"down":{"uv":[11.984,8.516,10.516,8.984],"texture":"#2"}}},{"from":[5.3,3.4,3.4],"to":[10.4,10.7,5.3],"rotation":{"angle":0,"axis":"y","origin":[8,7.05,2.75]},"faces":{"north":{"uv":[6.016,0.016,8.484,3.484],"texture":"#2"},"east":{"uv":[0.016,8.016,0.984,11.484],"texture":"#2"},"south":{"uv":[6.016,3.516,8.484,6.984],"texture":"#2"},"west":{"uv":[1.016,8.016,1.984,11.484],"texture":"#2"},"up":{"uv":[4.484,8.984,2.016,8.016],"texture":"#2"},"down":{"uv":[10.484,7.016,8.016,7.984],"texture":"#2"}}},{"from":[8,6.65,2.51],"to":[11.3,7.65,3.01],"rotation":{"angle":0,"axis":"y","origin":[8,7.15,2.75]},"faces":{"north":{"uv":[11.016,5.016,12.484,5.484],"texture":"#2"},"east":{"uv":[6.016,11.516,6.484,11.984],"texture":"#2"},"south":{"uv":[11.016,5.516,12.484,5.984],"texture":"#2"},"west":{"uv":[6.516,11.516,6.984,11.984],"texture":"#2"},"up":{"uv":[7.484,11.484,6.016,11.016],"texture":"#2"},"down":{"uv":[12.484,6.016,11.016,6.484],"texture":"#2"}}},{"from":[4.7,6.15,2.75],"to":[6.9,8.15,3.25],"rotation":{"angle":0,"axis":"y","origin":[8,7.15,2.75]},"faces":{"north":{"uv":[10.016,9.016,10.984,9.984],"texture":"#2"},"east":{"uv":[10.516,11.016,10.984,11.984],"texture":"#2"},"south":{"uv":[10.016,10.016,10.984,10.984],"texture":"#2"},"west":{"uv":[11.016,10.516,11.484,11.484],"texture":"#2"},"up":{"uv":[0.984,11.984,0.016,11.516],"texture":"#2"},"down":{"uv":[1.984,11.516,1.016,11.984],"texture":"#2"}}},{"from":[5,3.25,2.8],"to":[11,11.25,3.8],"rotation":{"angle":0,"axis":"y","origin":[8,7,2.75]},"faces":{"north":{"uv":[0.016,4.016,2.984,7.984],"texture":"#2"},"east":{"uv":[3.016,9.016,3.484,12.984],"texture":"#2"},"south":{"uv":[3.016,4.016,5.984,7.984],"texture":"#2"},"west":{"uv":[3.516,9.016,3.984,12.984],"texture":"#2"},"up":{"uv":[12.484,0.484,9.516,0.016],"texture":"#2"},"down":{"uv":[12.484,0.516,9.516,0.984],"texture":"#2"}}}],"gui_light":"front","display":{"thirdperson_righthand":{"rotation":[76.25,-89,71],"translation":[-4,-1.25,-2.75]},"thirdperson_lefthand":{"rotation":[-104,-89,71],"translation":[-4,-2.5,-2.25]},"firstperson_righthand":{"rotation":[-95.08,88.17,79.83],"translation":[6,3.25,3.5]},"firstperson_lefthand":{"rotation":[-95.08,88.17,79.83],"translation":[6,3.25,3.5]},"ground":{"rotation":[37,0,0],"translation":[0,3.75,3.25]},"gui":{"rotation":[-174.62,35.77,-131.75],"translation":[4,1.25,0],"scale":[1.59,1.59,1.59]},"head":{"rotation":[0,-180,0],"translation":[0,4.5,2],"scale":[0.36,0.36,0.36]},"fixed":{"translation":[0,2.5,7],"scale":[2.02,2.02,2.02]}},"groups":[{"name":"group","origin":[0,0,0],"color":0,"children":[0,1,2,3,4,5,6,7,8,9,10,11]}],"mcmodels":"14831e4dc6fdb61f65bab0c7e6b1b593"}