{"credit":"MadewithBlockbench","texture_size":[32,32],"textures":{"1":"workshop_six:rpg_weapons_tools/grimoire_iridium","particle":"workshop_six:rpg_weapons_tools/grimoire_iridium"},"elements":[{"from":[5,3.25,4.95],"to":[11,11.25,5.95],"rotation":{"angle":0,"axis":"y","origin":[0,3,0]},"faces":{"north":{"uv":[0,0,3,4],"texture":"#1"},"east":{"uv":[8.5,0,9,4],"texture":"#1"},"south":{"uv":[3,0,6,4],"texture":"#1"},"west":{"uv":[9,0,9.5,4],"texture":"#1"},"up":{"uv":[11.5,4.5,8.5,4],"texture":"#1"},"down":{"uv":[11.5,4.5,8.5,5],"texture":"#1"}}},{"from":[10.1,3.35,3.4],"to":[11.1,11.15,5.4],"rotation":{"angle":0,"axis":"y","origin":[-0.25,3,0]},"faces":{"north":{"uv":[2,9,2.5,13],"texture":"#1"},"east":{"uv":[6,7,7,11],"texture":"#1"},"south":{"uv":[2.5,9,3,13],"texture":"#1"},"west":{"uv":[7,7,8,11],"texture":"#1"},"up":{"uv":[0.5,12.5,0,11.5],"texture":"#1"},"down":{"uv":[1,11.5,0.5,12.5],"texture":"#1"}}},{"from":[4.7,6.15,5.6],"to":[6.9,8.15,6.1],"rotation":{"angle":0,"axis":"y","origin":[0,3.15,0]},"faces":{"north":{"uv":[9.5,3,10.5,4],"texture":"#1"},"east":{"uv":[1,11.5,1.5,12.5],"texture":"#1"},"south":{"uv":[4,9.5,5,10.5],"texture":"#1"},"west":{"uv":[1.5,11.5,2,12.5],"texture":"#1"},"up":{"uv":[12,11,11,10.5],"texture":"#1"},"down":{"uv":[12.5,3,11.5,3.5],"texture":"#1"}}},{"from":[4.725,6.175,2.85],"to":[5.675,8.125,5.85],"rotation":{"angle":0,"axis":"y","origin":[0,3.15,0]},"faces":{"north":{"uv":[11.5,3.5,12,4.5],"texture":"#1"},"east":{"uv":[8.5,5,10,6],"texture":"#1"},"south":{"uv":[4,11.5,4.5,12.5],"texture":"#1"},"west":{"uv":[8.5,6,10,7],"texture":"#1"},"up":{"uv":[8.5,12,8,10.5],"texture":"#1"},"down":{"uv":[9,10.5,8.5,12],"texture":"#1"}}},{"from":[6,6.65,5.76],"to":[11.3,7.65,6.26],"rotation":{"angle":0,"axis":"y","origin":[0,3.15,0]},"faces":{"north":{"uv":[9.5,1,12,1.5],"texture":"#1"},"east":{"uv":[4,9,4.5,9.5],"texture":"#1"},"south":{"uv":[9.5,1.5,12,2],"texture":"#1"},"west":{"uv":[9.5,9,10,9.5],"texture":"#1"},"up":{"uv":[12,2.5,9.5,2],"texture":"#1"},"down":{"uv":[12,2.5,9.5,3],"texture":"#1"}}},{"from":[10.325,6.65,2.9],"to":[11.325,7.65,5.9],"rotation":{"angle":0,"axis":"y","origin":[-0.675,3.15,-0.1]},"faces":{"north":{"uv":[5.5,12,6,12.5],"texture":"#1"},"east":{"uv":[10.5,8,12,8.5],"texture":"#1"},"south":{"uv":[12,7.5,12.5,8],"texture":"#1"},"west":{"uv":[10.5,8.5,12,9],"texture":"#1"},"up":{"uv":[9.5,12,9,10.5],"texture":"#1"},"down":{"uv":[10,10.5,9.5,12],"texture":"#1"}}},{"from":[5.75,6.9,2.425],"to":[7.75,8.9,4.425],"rotation":{"angle":45,"axis":"z","origin":[7.75,7.9,2.75]},"faces":{"north":{"uv":[5,9.5,6,10.5],"texture":"#1"},"east":{"uv":[8,9.5,9,10.5],"texture":"#1"},"south":{"uv":[9.5,8,10.5,9],"texture":"#1"},"west":{"uv":[9,9.5,10,10.5],"texture":"#1"},"up":{"uv":[11,6,10,5],"texture":"#1"},"down":{"uv":[11,6,10,7],"texture":"#1"}}},{"from":[5.25,6.4,2.5],"to":[8.25,9.4,3],"rotation":{"angle":45,"axis":"z","origin":[7.75,7.9,2.75]},"faces":{"north":{"uv":[4.5,8,6,9.5],"texture":"#1"},"east":{"uv":[11,5,11.5,6.5],"texture":"#1"},"south":{"uv":[8,8,9.5,9.5],"texture":"#1"},"west":{"uv":[6,11,6.5,12.5],"texture":"#1"},"up":{"uv":[8,11.5,6.5,11],"texture":"#1"},"down":{"uv":[12.5,6.5,11,7],"texture":"#1"}}},{"from":[8.5,6.9,2.7],"to":[10.5,8.9,3.2],"rotation":{"angle":45,"axis":"z","origin":[7.75,7.9,2.95]},"faces":{"north":{"uv":[10.5,3,11.5,4],"texture":"#1"},"east":{"uv":[10,11.5,10.5,12.5],"texture":"#1"},"south":{"uv":[4,10.5,5,11.5],"texture":"#1"},"west":{"uv":[10.5,11.5,11,12.5],"texture":"#1"},"up":{"uv":[12,12,11,11.5],"texture":"#1"},"down":{"uv":[12.5,11,11.5,11.5],"texture":"#1"}}},{"from":[9,7.4,2.625],"to":[10,8.4,4.625],"rotation":{"angle":45,"axis":"z","origin":[7.75,7.9,2.95]},"faces":{"north":{"uv":[8.5,12,9,12.5],"texture":"#1"},"east":{"uv":[11.5,6,12.5,6.5],"texture":"#1"},"south":{"uv":[12,8.5,12.5,9],"texture":"#1"},"west":{"uv":[6.5,11.5,7.5,12],"texture":"#1"},"up":{"uv":[12,8,11.5,7],"texture":"#1"},"down":{"uv":[8,11.5,7.5,12.5],"texture":"#1"}}},{"from":[8.5,2.9,2.7],"to":[10.5,4.9,3.2],"rotation":{"angle":45,"axis":"z","origin":[7.75,3.9,2.95]},"faces":{"north":{"uv":[5,10.5,6,11.5],"texture":"#1"},"east":{"uv":[12,4.5,12.5,5.5],"texture":"#1"},"south":{"uv":[10.5,7,11.5,8],"texture":"#1"},"west":{"uv":[5,12,5.5,13],"texture":"#1"},"up":{"uv":[7.5,12.5,6.5,12],"texture":"#1"},"down":{"uv":[13,7,12,7.5],"texture":"#1"}}},{"from":[9,3.4,2.625],"to":[10,4.4,4.625],"rotation":{"angle":45,"axis":"z","origin":[7.75,3.9,2.95]},"faces":{"north":{"uv":[9,12,9.5,12.5],"texture":"#1"},"east":{"uv":[12,1,13,1.5],"texture":"#1"},"south":{"uv":[9.5,12,10,12.5],"texture":"#1"},"west":{"uv":[12,1.5,13,2],"texture":"#1"},"up":{"uv":[12.5,3,12,2],"texture":"#1"},"down":{"uv":[12.5,3.5,12,4.5],"texture":"#1"}}},{"from":[5.3,3.4,3.4],"to":[10.4,10.7,5.3],"rotation":{"angle":0,"axis":"y","origin":[8,7.05,2.75]},"faces":{"north":{"uv":[6,0,8.5,3.5],"texture":"#1"},"east":{"uv":[0,8,1,11.5],"texture":"#1"},"south":{"uv":[6,3.5,8.5,7],"texture":"#1"},"west":{"uv":[1,8,2,11.5],"texture":"#1"},"up":{"uv":[4.5,9,2,8],"texture":"#1"},"down":{"uv":[10.5,7,8,8],"texture":"#1"}}},{"from":[8,6.65,2.51],"to":[11.3,7.65,3.01],"rotation":{"angle":0,"axis":"y","origin":[8,7.15,2.75]},"faces":{"north":{"uv":[11,9,12.5,9.5],"texture":"#1"},"east":{"uv":[8,12,8.5,12.5],"texture":"#1"},"south":{"uv":[11,9.5,12.5,10],"texture":"#1"},"west":{"uv":[12,8,12.5,8.5],"texture":"#1"},"up":{"uv":[11.5,11.5,10,11],"texture":"#1"},"down":{"uv":[12.5,10,11,10.5],"texture":"#1"}}},{"from":[4.7,6.15,2.75],"to":[6.9,8.15,3.25],"rotation":{"angle":0,"axis":"y","origin":[8,7.15,2.75]},"faces":{"north":{"uv":[10,9,11,10],"texture":"#1"},"east":{"uv":[4.5,11.5,5,12.5],"texture":"#1"},"south":{"uv":[10,10,11,11],"texture":"#1"},"west":{"uv":[11.5,4.5,12,5.5],"texture":"#1"},"up":{"uv":[6,12,5,11.5],"texture":"#1"},"down":{"uv":[12.5,5.5,11.5,6],"texture":"#1"}}},{"from":[5,3.25,2.8],"to":[11,11.25,3.8],"rotation":{"angle":0,"axis":"y","origin":[8,7,2.75]},"faces":{"north":{"uv":[0,4,3,8],"texture":"#1"},"east":{"uv":[3,9,3.5,13],"texture":"#1"},"south":{"uv":[3,4,6,8],"texture":"#1"},"west":{"uv":[3.5,9,4,13],"texture":"#1"},"up":{"uv":[12.5,0.5,9.5,0],"texture":"#1"},"down":{"uv":[12.5,0.5,9.5,1],"texture":"#1"}}}],"gui_light":"front","display":{"thirdperson_righthand":{"rotation":[76.25,-89,71],"translation":[-4,-1.25,-2.25]},"thirdperson_lefthand":{"rotation":[-104,-89,71],"translation":[-4,-2.5,-2.25]},"firstperson_righthand":{"rotation":[-95.08,88.17,79.83],"translation":[6,3.25,3.5]},"firstperson_lefthand":{"rotation":[-95.08,88.17,79.83],"translation":[6,3.25,3.5]},"ground":{"rotation":[37,0,0],"translation":[0,3.75,3.25]},"gui":{"rotation":[-174.62,35.77,-131.75],"translation":[4,1.25,0],"scale":[1.59,1.59,1.59]},"head":{"rotation":[0,-180,0],"translation":[0,4.5,2],"scale":[0.36,0.36,0.36]},"fixed":{"translation":[0,2.5,7],"scale":[2.02,2.02,2.02]}},"groups":[{"name":"group","origin":[0,0,0],"color":0,"children":[0,1,2,3,4,5,6,7,8,9,10,11,12,13,14,15]}],"mcmodels":"14831e4dc6fdb61f65bab0c7e6b1b593"}