{"credit":"MadewithBlockbench","texture_size":[64,64],"textures":{"8":"workshop_six:rpg_weapons_tools/halberd_mythril"},"elements":[{"from":[6.75,-12,7],"to":[8.75,13,9],"rotation":{"angle":0,"axis":"y","origin":[8.75,0,7]},"faces":{"north":{"uv":[0.008,0.008,0.492,6.242],"texture":"#8"},"east":{"uv":[0.508,0.008,0.992,6.242],"texture":"#8"},"south":{"uv":[1.008,0.008,1.492,6.242],"texture":"#8"},"west":{"uv":[1.508,0.008,1.992,6.242],"texture":"#8"},"up":{"uv":[6.742,5.742,6.258,5.258],"texture":"#8"},"down":{"uv":[6.742,5.758,6.258,6.242],"texture":"#8"}}},{"from":[6.25,-13,6.5],"to":[9.25,-8,9.5],"rotation":{"angle":0,"axis":"y","origin":[9.25,-1,7.5]},"faces":{"north":{"uv":[2.508,5.508,3.242,6.742],"texture":"#8"},"east":{"uv":[3.258,5.508,3.992,6.742],"texture":"#8"},"south":{"uv":[4.008,5.508,4.742,6.742],"texture":"#8"},"west":{"uv":[5.508,4.008,6.242,5.242],"texture":"#8"},"up":{"uv":[0.742,6.992,0.008,6.258],"texture":"#8"},"down":{"uv":[6.992,0.008,6.258,0.742],"texture":"#8"}}},{"from":[6.25,13,6.5],"to":[9.25,22,9.5],"rotation":{"angle":0,"axis":"y","origin":[9.25,26,7.5]},"faces":{"north":{"uv":[3.008,0.008,3.742,2.242],"texture":"#8"},"east":{"uv":[3.008,2.258,3.742,4.492],"texture":"#8"},"south":{"uv":[3.758,0.008,4.492,2.242],"texture":"#8"},"west":{"uv":[3.758,2.258,4.492,4.492],"texture":"#8"},"up":{"uv":[6.492,3.242,5.758,2.508],"texture":"#8"},"down":{"uv":[6.492,3.258,5.758,3.992],"texture":"#8"}}},{"from":[9.25,16,7.5],"to":[10.25,19,8.5],"rotation":{"angle":0,"axis":"y","origin":[6.25,26,7.5]},"faces":{"north":{"uv":[6.508,3.508,6.742,4.242],"texture":"#8"},"east":{"uv":[6.508,4.258,6.742,4.992],"texture":"#8"},"south":{"uv":[5.008,6.508,5.242,7.242],"texture":"#8"},"west":{"uv":[5.258,6.508,5.492,7.242],"texture":"#8"},"up":{"uv":[5.492,4.242,5.258,4.008],"texture":"#8"},"down":{"uv":[5.492,4.258,5.258,4.492],"texture":"#8"}}},{"from":[4.25,15,7.5],"to":[6.25,20,8.5],"rotation":{"angle":0,"axis":"y","origin":[2.25,26,7.5]},"faces":{"north":{"uv":[5.758,0.008,6.242,1.242],"texture":"#8"},"east":{"uv":[1.758,6.258,1.992,7.492],"texture":"#8"},"south":{"uv":[5.758,1.258,6.242,2.492],"texture":"#8"},"west":{"uv":[6.258,4.008,6.492,5.242],"texture":"#8"},"up":{"uv":[1.742,6.992,1.258,6.758],"texture":"#8"},"down":{"uv":[3.742,6.758,3.258,6.992],"texture":"#8"}}},{"from":[3.25,16,7.5],"to":[4.25,19,8.5],"rotation":{"angle":0,"axis":"y","origin":[2.25,26,7.5]},"faces":{"north":{"uv":[6.258,6.508,6.492,7.242],"texture":"#8"},"east":{"uv":[6.508,6.508,6.742,7.242],"texture":"#8"},"south":{"uv":[0.758,6.758,0.992,7.492],"texture":"#8"},"west":{"uv":[1.008,6.758,1.242,7.492],"texture":"#8"},"up":{"uv":[6.992,3.742,6.758,3.508],"texture":"#8"},"down":{"uv":[3.992,6.758,3.758,6.992],"texture":"#8"}}},{"from":[-0.75,12,7.5],"to":[3.25,23,8.5],"rotation":{"angle":0,"axis":"y","origin":[-0.75,27,7.5]},"faces":{"north":{"uv":[2.008,0.008,2.992,2.742],"texture":"#8"},"east":{"uv":[4.758,5.508,4.992,8.242],"texture":"#8"},"south":{"uv":[2.008,2.758,2.992,5.492],"texture":"#8"},"west":{"uv":[5.508,5.258,5.742,7.992],"texture":"#8"},"up":{"uv":[7.242,2.492,6.258,2.258],"texture":"#8"},"down":{"uv":[7.242,6.258,6.258,6.492],"texture":"#8"}}},{"from":[10.25,13,7.5],"to":[13.25,22,8.5],"rotation":{"angle":0,"axis":"y","origin":[8.25,26,7.5]},"faces":{"north":{"uv":[4.508,0.008,5.242,2.242],"texture":"#8"},"east":{"uv":[5.758,5.258,5.992,7.492],"texture":"#8"},"south":{"uv":[4.508,2.258,5.242,4.492],"texture":"#8"},"west":{"uv":[6.008,5.258,6.242,7.492],"texture":"#8"},"up":{"uv":[7.242,5.242,6.508,5.008],"texture":"#8"},"down":{"uv":[3.242,6.758,2.508,6.992],"texture":"#8"}}},{"from":[5.75,22,6],"to":[9.75,24,10],"rotation":{"angle":0,"axis":"y","origin":[5.75,26,8]},"faces":{"north":{"uv":[0.758,6.258,1.742,6.742],"texture":"#8"},"east":{"uv":[6.258,0.758,7.242,1.242],"texture":"#8"},"south":{"uv":[6.258,1.258,7.242,1.742],"texture":"#8"},"west":{"uv":[6.258,1.758,7.242,2.242],"texture":"#8"},"up":{"uv":[3.992,5.492,3.008,4.508],"texture":"#8"},"down":{"uv":[4.992,4.508,4.008,5.492],"texture":"#8"}}},{"from":[6.65,-1.5,6.9],"to":[8.85,6.5,9.1],"rotation":{"angle":0,"axis":"y","origin":[0.35,-3,0]},"faces":{"north":{"uv":[5.008,4.508,5.492,6.492],"texture":"#8"},"east":{"uv":[5.258,0.008,5.742,1.992],"texture":"#8"},"south":{"uv":[5.258,2.008,5.742,3.992],"texture":"#8"},"west":{"uv":[2.008,5.508,2.492,7.492],"texture":"#8"},"up":{"uv":[6.992,2.992,6.508,2.508],"texture":"#8"},"down":{"uv":[6.992,3.008,6.508,3.492],"texture":"#8"}}}],"gui_light":"front","display":{"thirdperson_righthand":{"rotation":[0,-90,0],"translation":[0,2.5,0.25],"scale":[0.85,0.85,0.85]},"thirdperson_lefthand":{"rotation":[0,88,0],"translation":[0,2.25,-0.25],"scale":[0.85,0.85,0.85]},"firstperson_righthand":{"rotation":[-22,-69,-17],"translation":[2.75,3.25,0.25],"scale":[0.8,0.8,0.8]},"firstperson_lefthand":{"rotation":[1,102,-8],"translation":[3.25,3.25,0.25],"scale":[0.8,0.8,0.8]},"ground":{"rotation":[46,0,0],"translation":[0,8.25,0],"scale":[0.6,0.6,0.6]},"gui":{"rotation":[0,0,-46],"translation":[0.75,0.25,0],"scale":[0.53,0.53,0.53]},"head":{"scale":[0.27,0.27,0.27]},"fixed":{"translation":[0,2,-0.5],"scale":[0.7,0.7,0.7]}},"groups":[{"name":"group","origin":[0.35,-3,0],"color":0,"children":[0,1,2,3,4,5,6,7,8,9]}],"mcmodels":"14831e4dc6fdb61f65bab0c7e6b1b593"}