{"credit":"Made with Blockbench","texture_size":[32,32],"textures":{"1":"workshop_six:rpg_weapons_tools/halberd_gold","particle":"workshop_six:rpg_weapons_tools/halberd_copper"},"elements":[{"from":[6.75,-12,7],"to":[8.75,13,9],"rotation":{"angle":0,"axis":"y","origin":[8.75,0,7]},"faces":{"north":{"uv":[0,0,1,12.5],"texture":"#1"},"east":{"uv":[1,0,2,12.5],"texture":"#1"},"south":{"uv":[2,0,3,12.5],"texture":"#1"},"west":{"uv":[3,0,4,12.5],"texture":"#1"},"up":{"uv":[12,10.5,11,9.5],"texture":"#1"},"down":{"uv":[12.5,4,11.5,5],"texture":"#1"}}},{"from":[6.25,-13,6.5],"to":[9.25,-8,9.5],"rotation":{"angle":0,"axis":"y","origin":[9.25,-1,7.5]},"faces":{"north":{"uv":[8,9,9.5,11.5],"texture":"#1"},"east":{"uv":[9.5,8,11,10.5],"texture":"#1"},"south":{"uv":[10,0,11.5,2.5],"texture":"#1"},"west":{"uv":[10,2.5,11.5,5],"texture":"#1"},"up":{"uv":[12.5,9.5,11,8],"texture":"#1"},"down":{"uv":[13,0,11.5,1.5],"texture":"#1"}}},{"from":[6.25,13,6.5],"to":[9.25,22,9.5],"rotation":{"angle":0,"axis":"y","origin":[9.25,26,7.5]},"faces":{"north":{"uv":[6,0,7.5,4.5],"texture":"#1"},"east":{"uv":[6,4.5,7.5,9],"texture":"#1"},"south":{"uv":[7.5,0,9,4.5],"texture":"#1"},"west":{"uv":[7.5,4.5,9,9],"texture":"#1"},"up":{"uv":[12.5,6.5,11,5],"texture":"#1"},"down":{"uv":[12.5,6.5,11,8],"texture":"#1"}}},{"from":[9.25,16,7.5],"to":[10.25,19,8.5],"rotation":{"angle":0,"axis":"y","origin":[6.25,26,7.5]},"faces":{"north":{"uv":[12,2.5,12.5,4],"texture":"#1"},"east":{"uv":[0,12.5,0.5,14],"texture":"#1"},"south":{"uv":[12.5,2.5,12,4],"texture":"#1"},"west":{"uv":[1,12.5,1.5,14],"texture":"#1"},"up":{"uv":[9.5,8.5,9,8],"texture":"#1"},"down":{"uv":[9.5,8.5,9,9],"texture":"#1"}}},{"from":[4.25,15,7.5],"to":[6.25,20,8.5],"rotation":{"angle":0,"axis":"y","origin":[2.25,26,7.5]},"faces":{"north":{"uv":[10,5,11,7.5],"texture":"#1"},"east":{"uv":[11.5,1.5,12,4],"texture":"#1"},"south":{"uv":[11,5,10,7.5],"texture":"#1"},"west":{"uv":[8,11.5,8.5,14],"texture":"#1"},"up":{"uv":[11,8,10,7.5],"texture":"#1"},"down":{"uv":[13,9.5,12,10],"texture":"#1"}}},{"from":[0.25,12,7.5],"to":[4.25,23,8.5],"rotation":{"angle":0,"axis":"y","origin":[0.25,27,7.5]},"faces":{"north":{"uv":[4,0,6,5.5],"texture":"#1"},"east":{"uv":[9.5,10.5,10,16],"texture":"#1"},"south":{"uv":[6,0,4,5.5],"texture":"#1"},"west":{"uv":[10,10.5,10.5,16],"texture":"#1"},"up":{"uv":[13.5,11,11.5,10.5],"texture":"#1"},"down":{"uv":[13.5,11,11.5,11.5],"texture":"#1"}}},{"from":[10.25,15,7.5],"to":[12.25,20,8.5],"rotation":{"angle":0,"axis":"y","origin":[8.25,26,7.5]},"faces":{"north":{"uv":[4,11,5,13.5],"texture":"#1"},"east":{"uv":[8.5,11.5,9,14],"texture":"#1"},"south":{"uv":[5,11,4,13.5],"texture":"#1"},"west":{"uv":[9,11.5,9.5,14],"texture":"#1"},"up":{"uv":[13,10.5,12,10],"texture":"#1"},"down":{"uv":[2.5,12.5,1.5,13],"texture":"#1"}}},{"from":[6.65,-1.5,6.9],"to":[8.85,6.5,9.1],"rotation":{"angle":0,"axis":"y","origin":[0.35,-3,0]},"faces":{"north":{"uv":[9,0,10,4],"texture":"#1"},"east":{"uv":[9,4,10,8],"texture":"#1"},"south":{"uv":[6,9,7,13],"texture":"#1"},"west":{"uv":[7,9,8,13],"texture":"#1"},"up":{"uv":[12.5,12.5,11.5,11.5],"texture":"#1"},"down":{"uv":[13,1.5,12,2.5],"texture":"#1"}}}],"gui_light":"front","display":{"thirdperson_righthand":{"rotation":[0,-90,0],"translation":[0,2.5,0.25],"scale":[0.85,0.85,0.85]},"thirdperson_lefthand":{"rotation":[0,88,0],"translation":[0,2.25,-0.25],"scale":[0.85,0.85,0.85]},"firstperson_righthand":{"rotation":[-22,-69,-17],"translation":[2.75,3.25,0.25],"scale":[0.8,0.8,0.8]},"firstperson_lefthand":{"rotation":[1,102,-8],"translation":[3.25,3.25,0.25],"scale":[0.8,0.8,0.8]},"ground":{"rotation":[46,0,0],"translation":[0,8.25,0],"scale":[0.6,0.6,0.6]},"gui":{"rotation":[0,0,-46],"translation":[0.75,0.25,0],"scale":[0.53,0.53,0.53]},"head":{"scale":[0.27,0.27,0.27]},"fixed":{"translation":[0,2,-0.5],"scale":[0.7,0.7,0.7]}},"groups":[{"name":"group","origin":[0.35,-3,0],"color":0,"children":[0,1,2,3,4,5,6,7]}],"mcmodels":"14831e4dc6fdb61f65bab0c7e6b1b593"}