{"credit":"MadewithBlockbench","texture_size":[64,64],"textures":{"1":"workshop_six:rpg_weapons_tools/halberd_iridium","particle":"workshop_six:rpg_weapons_tools/halberd_iridium"},"elements":[{"from":[6.75,-12,7],"to":[8.75,13,9],"rotation":{"angle":0,"axis":"y","origin":[8.75,0,7]},"faces":{"north":{"uv":[0,0,0.5,6.25],"texture":"#1"},"east":{"uv":[0.5,0,1,6.25],"texture":"#1"},"south":{"uv":[1,0,1.5,6.25],"texture":"#1"},"west":{"uv":[1.5,0,2,6.25],"texture":"#1"},"up":{"uv":[7,2.75,6.5,2.25],"texture":"#1"},"down":{"uv":[7,2.75,6.5,3.25],"texture":"#1"}}},{"from":[6.25,-13,6.5],"to":[9.25,-8,9.5],"rotation":{"angle":0,"axis":"y","origin":[9.25,-1,7.5]},"faces":{"north":{"uv":[2.5,5.5,3.25,6.75],"texture":"#1"},"east":{"uv":[3.25,5.5,4,6.75],"texture":"#1"},"south":{"uv":[4,5.5,4.75,6.75],"texture":"#1"},"west":{"uv":[5.5,4,6.25,5.25],"texture":"#1"},"up":{"uv":[0.75,7,0,6.25],"texture":"#1"},"down":{"uv":[7,0,6.25,0.75],"texture":"#1"}}},{"from":[6.25,-4,6.5],"to":[9.25,-3,9.5],"rotation":{"angle":0,"axis":"y","origin":[9.25,4,7.5]},"faces":{"north":{"uv":[0,7,0.75,7.25],"texture":"#1"},"east":{"uv":[7,0,7.75,0.25],"texture":"#1"},"south":{"uv":[7,0.25,7.75,0.5],"texture":"#1"},"west":{"uv":[7,0.5,7.75,0.75],"texture":"#1"},"up":{"uv":[1.5,7,0.75,6.25],"texture":"#1"},"down":{"uv":[7,0.75,6.25,1.5],"texture":"#1"}}},{"from":[6.25,8,6.5],"to":[9.25,9,9.5],"rotation":{"angle":0,"axis":"y","origin":[9.25,16,7.5]},"faces":{"north":{"uv":[0.75,7,1.5,7.25],"texture":"#1"},"east":{"uv":[7,0.75,7.75,1],"texture":"#1"},"south":{"uv":[7,1,7.75,1.25],"texture":"#1"},"west":{"uv":[7,1.25,7.75,1.5],"texture":"#1"},"up":{"uv":[7,2.25,6.25,1.5],"texture":"#1"},"down":{"uv":[7,4,6.25,4.75],"texture":"#1"}}},{"from":[6.25,13,6.5],"to":[9.25,22,9.5],"rotation":{"angle":0,"axis":"y","origin":[9.25,26,7.5]},"faces":{"north":{"uv":[3,0,3.75,2.25],"texture":"#1"},"east":{"uv":[3,2.25,3.75,4.5],"texture":"#1"},"south":{"uv":[3.75,0,4.5,2.25],"texture":"#1"},"west":{"uv":[3.75,2.25,4.5,4.5],"texture":"#1"},"up":{"uv":[6.5,3.25,5.75,2.5],"texture":"#1"},"down":{"uv":[6.5,3.25,5.75,4],"texture":"#1"}}},{"from":[9.25,16,7.5],"to":[10.25,19,8.5],"rotation":{"angle":0,"axis":"y","origin":[6.25,26,7.5]},"faces":{"north":{"uv":[3,6.75,3.25,7.5],"texture":"#1"},"east":{"uv":[3.25,6.75,3.5,7.5],"texture":"#1"},"south":{"uv":[3.5,6.75,3.75,7.5],"texture":"#1"},"west":{"uv":[3.75,6.75,4,7.5],"texture":"#1"},"up":{"uv":[5.5,4.25,5.25,4],"texture":"#1"},"down":{"uv":[5.5,4.25,5.25,4.5],"texture":"#1"}}},{"from":[4.25,15,7.5],"to":[6.25,20,8.5],"rotation":{"angle":0,"axis":"y","origin":[2.25,26,7.5]},"faces":{"north":{"uv":[5.75,0,6.25,1.25],"texture":"#1"},"east":{"uv":[1.5,6.25,1.75,7.5],"texture":"#1"},"south":{"uv":[5.75,1.25,6.25,2.5],"texture":"#1"},"west":{"uv":[1.75,6.25,2,7.5],"texture":"#1"},"up":{"uv":[7.5,1.75,7,1.5],"texture":"#1"},"down":{"uv":[7.5,1.75,7,2],"texture":"#1"}}},{"from":[3.25,16,7.5],"to":[4.25,19,8.5],"rotation":{"angle":0,"axis":"y","origin":[2.25,26,7.5]},"faces":{"north":{"uv":[4,6.75,4.25,7.5],"texture":"#1"},"east":{"uv":[4.25,6.75,4.5,7.5],"texture":"#1"},"south":{"uv":[4.5,6.75,4.75,7.5],"texture":"#1"},"west":{"uv":[6.25,6.75,6.5,7.5],"texture":"#1"},"up":{"uv":[6.5,2.5,6.25,2.25],"texture":"#1"},"down":{"uv":[7.25,2,7,2.25],"texture":"#1"}}},{"from":[-0.75,12,7.5],"to":[3.25,23,8.5],"rotation":{"angle":0,"axis":"y","origin":[-0.75,27,7.5]},"faces":{"north":{"uv":[2,0,3,2.75],"texture":"#1"},"east":{"uv":[4.75,5.5,5,8.25],"texture":"#1"},"south":{"uv":[2,2.75,3,5.5],"texture":"#1"},"west":{"uv":[5.5,5.25,5.75,8],"texture":"#1"},"up":{"uv":[7.5,3.5,6.5,3.25],"texture":"#1"},"down":{"uv":[7.5,3.5,6.5,3.75],"texture":"#1"}}},{"from":[10.25,13,7.5],"to":[13.25,22,8.5],"rotation":{"angle":0,"axis":"y","origin":[8.25,26,7.5]},"faces":{"north":{"uv":[4.5,0,5.25,2.25],"texture":"#1"},"east":{"uv":[5.75,5.25,6,7.5],"texture":"#1"},"south":{"uv":[4.5,2.25,5.25,4.5],"texture":"#1"},"west":{"uv":[6,5.25,6.25,7.5],"texture":"#1"},"up":{"uv":[7.25,4,6.5,3.75],"texture":"#1"},"down":{"uv":[7.25,6.75,6.5,7],"texture":"#1"}}},{"from":[5.75,22,6],"to":[9.75,24,10],"rotation":{"angle":0,"axis":"y","origin":[5.75,26,8]},"faces":{"north":{"uv":[6.25,4.75,7.25,5.25],"texture":"#1"},"east":{"uv":[6.25,5.25,7.25,5.75],"texture":"#1"},"south":{"uv":[6.25,5.75,7.25,6.25],"texture":"#1"},"west":{"uv":[6.25,6.25,7.25,6.75],"texture":"#1"},"up":{"uv":[4,5.5,3,4.5],"texture":"#1"},"down":{"uv":[5,4.5,4,5.5],"texture":"#1"}}},{"from":[6.65,-1.5,6.9],"to":[8.85,6.5,9.1],"rotation":{"angle":0,"axis":"y","origin":[0.35,-3,0]},"faces":{"north":{"uv":[5,4.5,5.5,6.5],"texture":"#1"},"east":{"uv":[5.25,0,5.75,2],"texture":"#1"},"south":{"uv":[5.25,2,5.75,4],"texture":"#1"},"west":{"uv":[2,5.5,2.5,7.5],"texture":"#1"},"up":{"uv":[5.5,7,5,6.5],"texture":"#1"},"down":{"uv":[3,6.75,2.5,7.25],"texture":"#1"}}}],"gui_light":"front","display":{"thirdperson_righthand":{"rotation":[0,-90,0],"translation":[0,2.5,0.25],"scale":[0.85,0.85,0.85]},"thirdperson_lefthand":{"rotation":[0,88,0],"translation":[0,2.25,-0.25],"scale":[0.85,0.85,0.85]},"firstperson_righthand":{"rotation":[-22,-69,-17],"translation":[2.75,3.25,0.25],"scale":[0.8,0.8,0.8]},"firstperson_lefthand":{"rotation":[1,102,-8],"translation":[3.25,3.25,0.25],"scale":[0.8,0.8,0.8]},"ground":{"rotation":[46,0,0],"translation":[0,8.25,0],"scale":[0.6,0.6,0.6]},"gui":{"rotation":[0,0,-46],"translation":[0.75,0.25,0],"scale":[0.53,0.53,0.53]},"head":{"scale":[0.27,0.27,0.27]},"fixed":{"translation":[0,2,-0.5],"scale":[0.7,0.7,0.7]}},"groups":[{"name":"group","origin":[0.35,-3,0],"color":0,"children":[0,1,2,3,4,5,6,7,8,9,10,11]}],"mcmodels":"14831e4dc6fdb61f65bab0c7e6b1b593"}