{"credit":"Made with Blockbench","texture_size":[64,64],"textures":{"0":"workshop_six:rpg_weapons_tools/harp_jade","particle":"workshop_six:rpg_weapons_tools/harp_mythril"},"elements":[{"from":[11,5,8],"to":[13,18,10],"rotation":{"angle":0,"axis":"y","origin":[11,5,8]},"faces":{"north":{"uv":[2.008,4.008,2.492,7.242],"texture":"#0"},"east":{"uv":[2.508,4.008,2.992,7.242],"texture":"#0"},"south":{"uv":[2.492,4.008,2.008,7.242],"texture":"#0"},"west":{"uv":[3.508,4.008,3.992,7.242],"texture":"#0"},"up":{"uv":[7.242,4.492,6.758,4.008],"texture":"#0"},"down":{"uv":[7.242,5.758,6.758,6.242],"texture":"#0"}}},{"from":[0,5,8],"to":[2,23,10],"rotation":{"angle":0,"axis":"y","origin":[0,5,8]},"faces":{"north":{"uv":[0.008,4.008,0.492,8.492],"texture":"#0"},"east":{"uv":[0.508,4.008,0.992,8.492],"texture":"#0"},"south":{"uv":[0.492,4.008,0.008,8.492],"texture":"#0"},"west":{"uv":[1.508,4.008,1.992,8.492],"texture":"#0"},"up":{"uv":[7.242,6.742,6.758,6.258],"texture":"#0"},"down":{"uv":[7.242,6.758,6.758,7.242],"texture":"#0"}}},{"from":[2,4,8],"to":[11,9,10],"rotation":{"angle":0,"axis":"y","origin":[0,5,8]},"faces":{"north":{"uv":[0.008,2.758,2.242,3.992],"texture":"#0"},"east":{"uv":[6.008,4.508,6.492,5.742],"texture":"#0"},"south":{"uv":[0.008,2.758,2.242,3.992],"texture":"#0"},"west":{"uv":[5.508,6.008,5.992,7.242],"texture":"#0"},"up":{"uv":[6.742,0.992,4.508,0.508],"texture":"#0"},"down":{"uv":[6.742,1.008,4.508,1.492],"texture":"#0"}}},{"from":[0.25,14.5,8.5],"to":[11.25,16.5,9.5],"rotation":{"angle":-22.5,"axis":"z","origin":[12.25,14.5,8.5]},"faces":{"north":{"uv":[4.008,4.008,6.742,4.492],"texture":"#0"},"east":{"uv":[5.008,7.008,5.242,7.492],"texture":"#0"},"south":{"uv":[4.008,4.008,6.742,4.492],"texture":"#0"},"west":{"uv":[5.258,7.008,5.492,7.492],"texture":"#0"},"up":{"uv":[7.242,3.742,4.508,3.508],"texture":"#0"},"down":{"uv":[7.242,3.758,4.508,3.992],"texture":"#0"}}},{"from":[4.75,5.5,7.5],"to":[8.75,9.5,10.5],"rotation":{"angle":-45,"axis":"z","origin":[7.25,8,8]},"faces":{"north":{"uv":[4.508,1.508,5.492,2.492],"texture":"#0"},"east":{"uv":[4.008,4.508,4.742,5.492],"texture":"#0"},"south":{"uv":[4.508,2.508,5.492,3.492],"texture":"#0"},"west":{"uv":[4.758,4.508,5.492,5.492],"texture":"#0"},"up":{"uv":[6.492,2.242,5.508,1.508],"texture":"#0"},"down":{"uv":[6.492,2.258,5.508,2.992],"texture":"#0"}}},{"from":[5,6.5,7.3],"to":[8,9.5,10.7],"rotation":{"angle":-45,"axis":"z","origin":[6.5,8,8]},"faces":{"north":{"uv":[6.008,5.758,6.742,6.492],"texture":"#0"},"east":{"uv":[6.508,1.508,7.242,2.242],"texture":"#0"},"south":{"uv":[6.508,2.258,7.242,2.992],"texture":"#0"},"west":{"uv":[6.508,4.508,7.242,5.242],"texture":"#0"},"up":{"uv":[6.742,7.242,6.008,6.508],"texture":"#0"},"down":{"uv":[7.492,0.508,6.758,1.242],"texture":"#0"}}},{"from":[2,9,9],"to":[11,20,9],"rotation":{"angle":0,"axis":"y","origin":[0,10,8]},"faces":{"north":{"uv":[0.008,0.008,2.242,2.742],"texture":"#0"},"east":{"uv":[0.008,0.008,-0.008,2.742],"texture":"#0"},"south":{"uv":[2.242,0.008,0.008,2.742],"texture":"#0"},"west":{"uv":[0.008,0.008,-0.008,2.742],"texture":"#0"},"up":{"uv":[2.242,0.008,0.008,-0.008],"texture":"#0"},"down":{"uv":[2.242,0.008,0.008,-0.008],"texture":"#0"}}},{"from":[-0.1,11,7.9],"to":[2.1,17,10.1],"rotation":{"angle":0,"axis":"y","origin":[0,5,8]},"faces":{"north":{"uv":[4.008,5.508,4.492,6.992],"texture":"#0"},"east":{"uv":[4.008,5.508,4.492,6.992],"texture":"#0"},"south":{"uv":[4.008,5.508,4.492,6.992],"texture":"#0"},"west":{"uv":[4.008,5.508,4.492,6.992],"texture":"#0"},"up":{"uv":[4.492,7.492,4.008,7.008],"texture":"#0"},"down":{"uv":[4.992,7.008,4.508,7.492],"texture":"#0"}}}],"gui_light":"front","display":{"thirdperson_righthand":{"rotation":[16,90,0],"translation":[-1,-3.25,-6.75],"scale":[0.85,0.85,0.85]},"thirdperson_lefthand":{"rotation":[16,-91,0],"translation":[1,-3.25,-6.75],"scale":[0.85,0.85,0.85]},"firstperson_righthand":{"rotation":[177.25,87,-180],"translation":[1.5,2.5,0.75]},"firstperson_lefthand":{"rotation":[178.55,-84.72,175.76],"translation":[1.5,2.5,0.75]},"gui":{"rotation":[2.92,17.03,-47.68],"translation":[-1.25,-4.25,0],"scale":[0.8,0.8,0.8]},"head":{"scale":[0.39,0.39,0.39]},"fixed":{"translation":[2,-5.75,-0.75]}},"groups":[{"name":"group","origin":[0,5,8],"color":0,"children":[0,1,2,3,4,5,6,7]}],"mcmodels":"14831e4dc6fdb61f65bab0c7e6b1b593"}