{"credit":"MadewithBlockbench","texture_size":[32,32],"textures":{"3":"workshop_six:rpg_weapons_tools/hoe_iridium"},"elements":[{"from":[11,14,5.5],"to":[14,15,10.5],"rotation":{"angle":0,"axis":"y","origin":[12,-1,7.5]},"faces":{"north":{"uv":[7.516,5.016,8.984,5.484],"texture":"#3"},"east":{"uv":[7.516,0.016,9.984,0.484],"texture":"#3"},"south":{"uv":[7.516,5.516,8.984,5.984],"texture":"#3"},"west":{"uv":[7.516,0.516,9.984,0.984],"texture":"#3"},"up":{"uv":[7.484,2.484,6.016,0.016],"texture":"#3"},"down":{"uv":[7.484,2.516,6.016,4.984],"texture":"#3"}}},{"from":[7,-2,7],"to":[9,16,9],"rotation":{"angle":0,"axis":"y","origin":[8,0,8]},"faces":{"north":{"uv":[0.016,0.016,0.984,8.984],"texture":"#3"},"east":{"uv":[1.016,0.016,1.984,8.984],"texture":"#3"},"south":{"uv":[2.016,0.016,2.984,8.984],"texture":"#3"},"west":{"uv":[3.016,0.016,3.984,8.984],"texture":"#3"},"up":{"uv":[8.484,1.984,7.516,1.016],"texture":"#3"},"down":{"uv":[8.484,2.016,7.516,2.984],"texture":"#3"}}},{"from":[6.5,15.5,6.5],"to":[9.5,16.5,9.5],"rotation":{"angle":0,"axis":"y","origin":[8.5,0.5,7.5]},"faces":{"north":{"uv":[7.516,6.016,8.984,6.484],"texture":"#3"},"east":{"uv":[7.516,6.516,8.984,6.984],"texture":"#3"},"south":{"uv":[7.516,7.016,8.984,7.484],"texture":"#3"},"west":{"uv":[7.516,7.516,8.984,7.984],"texture":"#3"},"up":{"uv":[7.484,6.484,6.016,5.016],"texture":"#3"},"down":{"uv":[7.484,6.516,6.016,7.984],"texture":"#3"}}},{"from":[9,14,7.5],"to":[11,15,8.5],"rotation":{"angle":0,"axis":"y","origin":[10,-1,7.5]},"faces":{"north":{"uv":[4.016,8.016,4.984,8.484],"texture":"#3"},"east":{"uv":[8.016,8.016,8.484,8.484],"texture":"#3"},"south":{"uv":[5.016,8.016,5.984,8.484],"texture":"#3"},"west":{"uv":[8.516,1.016,8.984,1.484],"texture":"#3"},"up":{"uv":[6.984,8.484,6.016,8.016],"texture":"#3"},"down":{"uv":[7.984,8.016,7.016,8.484],"texture":"#3"}}},{"from":[6.9,1,6.9],"to":[9.1,9,9.1],"rotation":{"angle":0,"axis":"y","origin":[8,11.25,8]},"faces":{"north":{"uv":[4.016,0.016,4.984,3.984],"texture":"#3"},"east":{"uv":[4.016,4.016,4.984,7.984],"texture":"#3"},"south":{"uv":[5.016,0.016,5.984,3.984],"texture":"#3"},"west":{"uv":[5.016,4.016,5.984,7.984],"texture":"#3"},"up":{"uv":[8.484,3.984,7.516,3.016],"texture":"#3"},"down":{"uv":[8.484,4.016,7.516,4.984],"texture":"#3"}}}],"gui_light":"front","display":{"thirdperson_righthand":{"rotation":[0,90,0],"translation":[0.25,1.25,-0.75]},"thirdperson_lefthand":{"rotation":[0,-90,0],"translation":[-0.5,1,-0.75]},"firstperson_righthand":{"rotation":[6,105,4],"translation":[1,1.5,1.75]},"firstperson_lefthand":{"rotation":[-63.81,-89.31,-73.78],"translation":[0.25,2.75,1.75]},"ground":{"rotation":[0,0,-45],"translation":[0,6.25,0]},"gui":{"rotation":[0,-180,45],"translation":[0.75,-0.75,0]},"head":{"scale":[0.58,0.58,0.58]},"fixed":{"translation":[0,0.5,0]}},"groups":[{"name":"group","origin":[8,11.25,8],"color":0,"children":[0,1,2,3,4]}],"mcmodels":"14831e4dc6fdb61f65bab0c7e6b1b593"}