{"credit":"MadewithBlockbench","texture_size":[32,32],"textures":{"4":"workshop_six:rpg_weapons_tools/katana_mythril"},"elements":[{"from":[6.95984,7.25,7.21179],"to":[8.95984,8.25,10.21179],"rotation":{"angle":0,"axis":"z","origin":[10.95984,-2.25,5.81179]},"faces":{"north":{"uv":[6.016,4.016,6.984,4.484],"texture":"#4"},"east":{"uv":[6.016,3.016,7.484,3.484],"texture":"#4"},"south":{"uv":[6.016,4.516,6.984,4.984],"texture":"#4"},"west":{"uv":[6.016,3.516,7.484,3.984],"texture":"#4"},"up":{"uv":[6.984,1.484,6.016,0.016],"texture":"#4"},"down":{"uv":[6.984,1.516,6.016,2.984],"texture":"#4"}}},{"from":[7.74016,8.25,7.68821],"to":[8.24016,29.25,9.68821],"rotation":{"angle":0,"axis":"z","origin":[5.04016,-2.25,10.18821]},"faces":{"north":{"uv":[2.016,0.016,2.484,10.484],"texture":"#4"},"east":{"uv":[0.016,0.016,0.984,10.484],"texture":"#4"},"south":{"uv":[2.516,0.016,2.984,10.484],"texture":"#4"},"west":{"uv":[1.016,0.016,1.984,10.484],"texture":"#4"},"up":{"uv":[6.484,5.984,6.016,5.016],"texture":"#4"},"down":{"uv":[6.484,6.016,6.016,6.984],"texture":"#4"}}},{"from":[7.475,-0.25,7.6],"to":[8.6,6.75,9.8],"rotation":{"angle":0,"axis":"y","origin":[15.75,-3,0.6]},"faces":{"north":{"uv":[5.516,0.016,5.984,3.484],"texture":"#4"},"east":{"uv":[3.016,4.016,3.984,7.484],"texture":"#4"},"south":{"uv":[5.516,3.516,5.984,6.984],"texture":"#4"},"west":{"uv":[4.016,4.016,4.984,7.484],"texture":"#4"},"up":{"uv":[7.484,0.984,7.016,0.016],"texture":"#4"},"down":{"uv":[7.484,1.016,7.016,1.984],"texture":"#4"}}},{"from":[7.74016,29.25,8.68821],"to":[8.24016,30.25,9.68821],"rotation":{"angle":0,"axis":"z","origin":[5.04016,2.75,10.18821]},"faces":{"north":{"uv":[7.016,2.016,7.484,2.484],"texture":"#4"},"east":{"uv":[7.016,2.516,7.484,2.984],"texture":"#4"},"south":{"uv":[7.016,4.016,7.484,4.484],"texture":"#4"},"west":{"uv":[7.016,4.516,7.484,4.984],"texture":"#4"},"up":{"uv":[7.484,5.484,7.016,5.016],"texture":"#4"},"down":{"uv":[5.984,7.016,5.516,7.484],"texture":"#4"}}},{"from":[7.54016,-0.75,7.68821],"to":[8.54016,7.25,9.68821],"rotation":{"angle":0,"axis":"z","origin":[5.04016,-2.25,10.18821]},"faces":{"north":{"uv":[5.016,0.016,5.484,3.984],"texture":"#4"},"east":{"uv":[3.016,0.016,3.984,3.984],"texture":"#4"},"south":{"uv":[5.016,4.016,5.484,7.984],"texture":"#4"},"west":{"uv":[4.016,0.016,4.984,3.984],"texture":"#4"},"up":{"uv":[6.984,5.984,6.516,5.016],"texture":"#4"},"down":{"uv":[6.984,6.016,6.516,6.984],"texture":"#4"}}}],"gui_light":"front","display":{"thirdperson_righthand":{"translation":[0,1.75,-0.5]},"thirdperson_lefthand":{"rotation":[-175,0,0],"translation":[0,-5.5,2]},"firstperson_righthand":{"rotation":[-22,-4,-29],"translation":[0,3.25,-0.25]},"firstperson_lefthand":{"rotation":[-22,-4,-29],"translation":[0,3.25,-0.25]},"ground":{"rotation":[-53,0,0],"translation":[0,5.75,0]},"gui":{"rotation":[44,-140,68],"translation":[-3,-3.25,0],"scale":[0.72,0.72,0.72]},"head":{"scale":[0.18,0.18,0.18]},"fixed":{"rotation":[0,90,0],"translation":[0,-5.25,-1.25],"scale":[0.79,0.79,0.79]}},"groups":[{"name":"group","origin":[5.04016,-2.25,10.18821],"color":0,"children":[0,1,2,3,4]}],"mcmodels":"14831e4dc6fdb61f65bab0c7e6b1b593"}