{"credit":"Made with Blockbench","texture_size":[32,32],"textures":{"1":"workshop_six:rpg_weapons_tools/katana_diamond","particle":"workshop_six:rpg_weapons_tools/katana_copper"},"elements":[{"from":[6.95984,7.25,7.21179],"to":[8.95984,8.25,10.21179],"rotation":{"angle":0,"axis":"y","origin":[10.95984,-2.25,5.81179]},"faces":{"north":{"uv":[6,4,7,4.5],"texture":"#1"},"east":{"uv":[6,3,7.5,3.5],"texture":"#1"},"south":{"uv":[6,4.5,7,5],"texture":"#1"},"west":{"uv":[6,3.5,7.5,4],"texture":"#1"},"up":{"uv":[7,1.5,6,0],"texture":"#1"},"down":{"uv":[7,1.5,6,3],"texture":"#1"}}},{"from":[7.74016,8.25,7.68821],"to":[8.24016,26.25,9.68821],"rotation":{"angle":0,"axis":"y","origin":[5.04016,-2.25,10.18821]},"faces":{"north":{"uv":[2,0,2.5,9],"texture":"#1"},"east":{"uv":[0,0,1,9],"texture":"#1"},"south":{"uv":[2.5,0,3,9],"texture":"#1"},"west":{"uv":[1,0,2,9],"texture":"#1"},"up":{"uv":[6.5,6,6,5],"texture":"#1"},"down":{"uv":[6.5,6,6,7],"texture":"#1"}}},{"from":[7.475,-0.25,7.6],"to":[8.6,6.75,9.8],"rotation":{"angle":0,"axis":"y","origin":[15.75,-3,0.6]},"faces":{"north":{"uv":[5.5,0,6,3.5],"texture":"#1"},"east":{"uv":[3,4,4,7.5],"texture":"#1"},"south":{"uv":[5.5,3.5,6,7],"texture":"#1"},"west":{"uv":[4,4,5,7.5],"texture":"#1"},"up":{"uv":[7.5,1,7,0],"texture":"#1"},"down":{"uv":[7.5,1,7,2],"texture":"#1"}}},{"from":[7.74016,26.25,8.68821],"to":[8.24016,27.25,9.68821],"rotation":{"angle":0,"axis":"y","origin":[5.04016,-0.25,10.18821]},"faces":{"north":{"uv":[7,2,7.5,2.5],"texture":"#1"},"east":{"uv":[7,2.5,7.5,3],"texture":"#1"},"south":{"uv":[7,4,7.5,4.5],"texture":"#1"},"west":{"uv":[7,4.5,7.5,5],"texture":"#1"},"up":{"uv":[7.5,5.5,7,5],"texture":"#1"},"down":{"uv":[6,7,5.5,7.5],"texture":"#1"}}},{"from":[7.54016,-0.75,7.68821],"to":[8.54016,7.25,9.68821],"rotation":{"angle":0,"axis":"y","origin":[5.04016,-2.25,10.18821]},"faces":{"north":{"uv":[5,0,5.5,4],"texture":"#1"},"east":{"uv":[3,0,4,4],"texture":"#1"},"south":{"uv":[5,4,5.5,8],"texture":"#1"},"west":{"uv":[4,0,5,4],"texture":"#1"},"up":{"uv":[7,6,6.5,5],"texture":"#1"},"down":{"uv":[7,6,6.5,7],"texture":"#1"}}}],"gui_light":"front","display":{"thirdperson_righthand":{"translation":[0,1.75,-0.5]},"thirdperson_lefthand":{"rotation":[-175,0,0],"translation":[0,-5.5,2]},"firstperson_righthand":{"rotation":[-22,-4,-29],"translation":[0,3.25,-0.25]},"firstperson_lefthand":{"rotation":[-22,-4,-29],"translation":[0,3.25,-0.25]},"ground":{"rotation":[-53,0,0],"translation":[0,5.75,0]},"gui":{"rotation":[44,-140,68],"translation":[-3,-3.25,0],"scale":[0.72,0.72,0.72]},"head":{"scale":[0.18,0.18,0.18]},"fixed":{"rotation":[0,90,0],"translation":[0,-5.25,-1.25],"scale":[0.79,0.79,0.79]}},"groups":[{"name":"group","origin":[5.04016,-2.25,10.18821],"color":0,"children":[0,1,2,3,4]}],"mcmodels":"14831e4dc6fdb61f65bab0c7e6b1b593"}