{"credit":"Made with Blockbench","texture_size":[64,64],"textures":{"1":"workshop_six:rpg_weapons_tools/net_netherite","particle":"workshop_six:rpg_weapons_tools/net_copper"},"elements":[{"from":[6.95083,-9,6.5],"to":[8.95083,13,8.5],"rotation":{"angle":0,"axis":"y","origin":[7.95083,10.25,7.5]},"faces":{"north":{"uv":[2,5.5,2.5,11],"texture":"#1"},"east":{"uv":[2.5,5.5,3,11],"texture":"#1"},"south":{"uv":[3,5.5,3.5,11],"texture":"#1"},"west":{"uv":[3.5,5.5,4,11],"texture":"#1"},"up":{"uv":[10.25,1,9.75,0.5],"texture":"#1"},"down":{"uv":[10.25,1,9.75,1.5],"texture":"#1"}}},{"from":[6.85083,-3,6.4],"to":[9.05083,5,8.6],"rotation":{"angle":0,"axis":"y","origin":[7.95083,7.25,7.5]},"faces":{"north":{"uv":[8,5,8.5,7],"texture":"#1"},"east":{"uv":[8,7,8.5,9],"texture":"#1"},"south":{"uv":[4,8.25,4.5,10.25],"texture":"#1"},"west":{"uv":[8.5,5,9,7],"texture":"#1"},"up":{"uv":[10.25,2,9.75,1.5],"texture":"#1"},"down":{"uv":[10.25,2,9.75,2.5],"texture":"#1"}}},{"from":[5.95083,11,6],"to":[9.95083,14,9],"rotation":{"angle":0,"axis":"z","origin":[10.70083,10.25,7.5]},"faces":{"north":{"uv":[9,5,10,5.75],"texture":"#1"},"east":{"uv":[5.25,9.5,6,10.25],"texture":"#1"},"south":{"uv":[9,5.75,10,6.5],"texture":"#1"},"west":{"uv":[6,9.5,6.75,10.25],"texture":"#1"},"up":{"uv":[9,9.75,8,9],"texture":"#1"},"down":{"uv":[10,9,9,9.75],"texture":"#1"}}},{"from":[2.5,12.5,7.025],"to":[13.5,13.5,9.025],"rotation":{"angle":0,"axis":"y","origin":[5.5,9.75,9.525]},"faces":{"north":{"uv":[9,6.5,11.75,6.75],"texture":"#1"},"east":{"uv":[9.75,2.5,10.25,2.75],"texture":"#1"},"south":{"uv":[9,6.75,11.75,7],"texture":"#1"},"west":{"uv":[9.75,2.75,10.25,3],"texture":"#1"},"up":{"uv":[9.75,3.5,7,3],"texture":"#1"},"down":{"uv":[9.75,3.5,7,4],"texture":"#1"}}},{"from":[2.5,23.5,7.025],"to":[13.5,24.5,9.025],"rotation":{"angle":0,"axis":"y","origin":[5.5,20.75,9.525]},"faces":{"north":{"uv":[9.5,0,12.25,0.25],"texture":"#1"},"east":{"uv":[9.75,3,10.25,3.25],"texture":"#1"},"south":{"uv":[9.5,0.25,12.25,0.5],"texture":"#1"},"west":{"uv":[9.75,3.25,10.25,3.5],"texture":"#1"},"up":{"uv":[9.75,4.5,7,4],"texture":"#1"},"down":{"uv":[9.75,4.5,7,5],"texture":"#1"}}},{"from":[12.5,13.5,7.025],"to":[13.5,23.5,9.025],"rotation":{"angle":0,"axis":"y","origin":[5.5,18.75,9.525]},"faces":{"north":{"uv":[4.5,8.25,4.75,10.75],"texture":"#1"},"east":{"uv":[7,5,7.5,7.5],"texture":"#1"},"south":{"uv":[9.5,0.5,9.75,3],"texture":"#1"},"west":{"uv":[7.5,5,8,7.5],"texture":"#1"},"up":{"uv":[5,6,4.75,5.5],"texture":"#1"},"down":{"uv":[5,6,4.75,6.5],"texture":"#1"}}},{"from":[2.5,13.5,7.025],"to":[3.5,23.5,9.025],"rotation":{"angle":0,"axis":"y","origin":[-3.5,18.75,9.525]},"faces":{"north":{"uv":[4.75,9.5,5,12],"texture":"#1"},"east":{"uv":[7,7.5,7.5,10],"texture":"#1"},"south":{"uv":[5,9.5,5.25,12],"texture":"#1"},"west":{"uv":[7.5,7.5,8,10],"texture":"#1"},"up":{"uv":[7,10,6.75,9.5],"texture":"#1"},"down":{"uv":[10,3.5,9.75,4],"texture":"#1"}}},{"from":[3,13,9],"to":[13,24,12],"rotation":{"angle":0,"axis":"y","origin":[3,18,9]},"faces":{"north":{"uv":[0,0,2.5,2.75],"texture":"#1"},"east":{"uv":[4,5.5,4.75,8.25],"texture":"#1"},"south":{"uv":[2.5,0,5,2.75],"texture":"#1"},"west":{"uv":[4.75,6.75,5.5,9.5],"texture":"#1"},"up":{"uv":[9.5,0.75,7,0],"texture":"#1"},"down":{"uv":[9.5,0.75,7,1.5],"texture":"#1"}}},{"from":[4,14,12],"to":[12,23,14],"rotation":{"angle":0,"axis":"y","origin":[3,18,12]},"faces":{"north":{"uv":[5,0,7,2.25],"texture":"#1"},"east":{"uv":[0,7.75,0.5,10],"texture":"#1"},"south":{"uv":[5,2.25,7,4.5],"texture":"#1"},"west":{"uv":[0.5,7.75,1,10],"texture":"#1"},"up":{"uv":[10.5,7.5,8.5,7],"texture":"#1"},"down":{"uv":[10.5,7.5,8.5,8],"texture":"#1"}}},{"name":"cube inverted","from":[13,24,12],"to":[3,13,9],"rotation":{"angle":0,"axis":"y","origin":[3,18,9]},"faces":{"north":{"uv":[0,2.75,2.5,5.5],"texture":"#1"},"east":{"uv":[5.5,6.75,6.25,9.5],"texture":"#1"},"south":{"uv":[2.5,2.75,5,5.5],"texture":"#1"},"west":{"uv":[6.25,6.75,7,9.5],"texture":"#1"},"up":{"uv":[9.5,2.25,7,1.5],"texture":"#1"},"down":{"uv":[9.5,2.25,7,3],"texture":"#1"}}},{"name":"cube inverted","from":[12,23,14],"to":[4,14,12],"rotation":{"angle":0,"axis":"y","origin":[3,18,12]},"faces":{"north":{"uv":[5,4.5,7,6.75],"texture":"#1"},"east":{"uv":[1,7.75,1.5,10],"texture":"#1"},"south":{"uv":[0,5.5,2,7.75],"texture":"#1"},"west":{"uv":[1.5,7.75,2,10],"texture":"#1"},"up":{"uv":[10.5,8.5,8.5,8],"texture":"#1"},"down":{"uv":[10.5,8.5,8.5,9],"texture":"#1"}}}],"gui_light":"front","display":{"thirdperson_righthand":{"rotation":[15,13.67,4.07],"translation":[-0.25,3.25,1.5],"scale":[0.8,0.8,0.8]},"thirdperson_lefthand":{"rotation":[15,13.67,4.07],"translation":[-0.25,3.25,1.5],"scale":[0.8,0.8,0.8]},"firstperson_righthand":{"rotation":[-22.16,64.56,14.31],"translation":[9.5,1.25,-6.5]},"firstperson_lefthand":{"rotation":[-22.16,64.56,14.31],"translation":[9.5,1.25,-6.5]},"ground":{"rotation":[46,0,0],"translation":[0,4,0],"scale":[0.8,0.8,0.8]},"gui":{"rotation":[147.34,5.04,-142.79],"translation":[-0.75,-0.25,0],"scale":[0.62,0.62,0.62]},"head":{"scale":[0.28,0.28,0.28]},"fixed":{"rotation":[180,-4.5,180],"translation":[0,0.25,0],"scale":[0.81,0.81,0.81]}},"groups":[{"name":"group","origin":[8.17786,13.05546,8.5],"color":0,"children":[0,1,2,3,4,5,6,7,8,9,10]}],"mcmodels":"14831e4dc6fdb61f65bab0c7e6b1b593"}