{"credit":"Made with Blockbench","texture_size":[64,64],"textures":{"5":"workshop_six:rpg_weapons_tools/net_jade"},"elements":[{"from":[6.95083,-9,6.5],"to":[8.95083,13,8.5],"rotation":{"angle":0,"axis":"y","origin":[7.95083,10.25,7.5]},"faces":{"north":{"uv":[2.008,5.508,2.492,10.992],"texture":"#5"},"east":{"uv":[2.508,5.508,2.992,10.992],"texture":"#5"},"south":{"uv":[3.008,5.508,3.492,10.992],"texture":"#5"},"west":{"uv":[3.508,5.508,3.992,10.992],"texture":"#5"},"up":{"uv":[6.992,9.992,6.508,9.508],"texture":"#5"},"down":{"uv":[10.242,3.758,9.758,4.242],"texture":"#5"}}},{"from":[6.85083,-3,6.4],"to":[9.05083,5,8.6],"rotation":{"angle":0,"axis":"y","origin":[7.95083,7.25,7.5]},"faces":{"north":{"uv":[8.008,7.008,8.492,8.992],"texture":"#5"},"east":{"uv":[4.008,8.258,4.492,10.242],"texture":"#5"},"south":{"uv":[8.508,7.008,8.992,8.992],"texture":"#5"},"west":{"uv":[9.008,5.008,9.492,6.992],"texture":"#5"},"up":{"uv":[10.242,4.742,9.758,4.258],"texture":"#5"},"down":{"uv":[0.492,10.008,0.008,10.492],"texture":"#5"}}},{"from":[8.70083,12,6],"to":[12.70083,16,9],"rotation":{"angle":45,"axis":"z","origin":[10.70083,10.25,7.5]},"faces":{"north":{"uv":[8.008,5.008,8.992,5.992],"texture":"#5"},"east":{"uv":[9.508,0.008,10.242,0.992],"texture":"#5"},"south":{"uv":[8.008,6.008,8.992,6.992],"texture":"#5"},"west":{"uv":[9.508,1.008,10.242,1.992],"texture":"#5"},"up":{"uv":[10.492,2.742,9.508,2.008],"texture":"#5"},"down":{"uv":[5.492,9.508,4.508,10.242],"texture":"#5"}}},{"from":[9.20083,12.5,5.7],"to":[12.20083,15.5,8.3],"rotation":{"angle":45,"axis":"z","origin":[10.70083,10.25,7.5]},"faces":{"north":{"uv":[9.508,5.258,10.242,5.992],"texture":"#5"},"east":{"uv":[9.508,6.008,10.242,6.742],"texture":"#5"},"south":{"uv":[8.008,9.508,8.742,10.242],"texture":"#5"},"west":{"uv":[8.758,9.508,9.492,10.242],"texture":"#5"},"up":{"uv":[10.242,10.242,9.508,9.508],"texture":"#5"},"down":{"uv":[10.492,3.008,9.758,3.742],"texture":"#5"}}},{"from":[2.5,12.5,7.025],"to":[13.5,13.5,9.025],"rotation":{"angle":0,"axis":"y","origin":[5.5,9.75,9.525]},"faces":{"north":{"uv":[9.008,8.508,11.742,8.742],"texture":"#5"},"east":{"uv":[9.508,6.758,9.992,6.992],"texture":"#5"},"south":{"uv":[9.008,8.758,11.742,8.992],"texture":"#5"},"west":{"uv":[9.758,4.758,10.242,4.992],"texture":"#5"},"up":{"uv":[9.742,3.492,7.008,3.008],"texture":"#5"},"down":{"uv":[9.742,3.508,7.008,3.992],"texture":"#5"}}},{"from":[2.5,23.5,7.025],"to":[13.5,24.5,9.025],"rotation":{"angle":0,"axis":"y","origin":[5.5,20.75,9.525]},"faces":{"north":{"uv":[9.508,2.758,12.242,2.992],"texture":"#5"},"east":{"uv":[0.508,10.008,0.992,10.242],"texture":"#5"},"south":{"uv":[9.508,5.008,12.242,5.242],"texture":"#5"},"west":{"uv":[1.008,10.008,1.492,10.242],"texture":"#5"},"up":{"uv":[9.742,4.492,7.008,4.008],"texture":"#5"},"down":{"uv":[9.742,4.508,7.008,4.992],"texture":"#5"}}},{"from":[12.5,13.5,7.025],"to":[13.5,23.5,9.025],"rotation":{"angle":0,"axis":"y","origin":[5.5,18.75,9.525]},"faces":{"north":{"uv":[5.508,9.508,5.742,11.992],"texture":"#5"},"east":{"uv":[7.008,5.008,7.492,7.492],"texture":"#5"},"south":{"uv":[5.758,9.508,5.992,11.992],"texture":"#5"},"west":{"uv":[7.508,5.008,7.992,7.492],"texture":"#5"},"up":{"uv":[4.992,5.992,4.758,5.508],"texture":"#5"},"down":{"uv":[4.992,6.008,4.758,6.492],"texture":"#5"}}},{"from":[2.5,13.5,7.025],"to":[3.5,23.5,9.025],"rotation":{"angle":0,"axis":"y","origin":[-3.5,18.75,9.525]},"faces":{"north":{"uv":[6.008,9.508,6.242,11.992],"texture":"#5"},"east":{"uv":[7.008,7.508,7.492,9.992],"texture":"#5"},"south":{"uv":[6.258,9.508,6.492,11.992],"texture":"#5"},"west":{"uv":[7.508,7.508,7.992,9.992],"texture":"#5"},"up":{"uv":[4.742,8.742,4.508,8.258],"texture":"#5"},"down":{"uv":[4.742,8.758,4.508,9.242],"texture":"#5"}}},{"from":[3,13,9],"to":[13,24,12],"rotation":{"angle":0,"axis":"y","origin":[3,18,9]},"faces":{"north":{"uv":[0.008,0.008,2.492,2.742],"texture":"#5"},"east":{"uv":[4.008,5.508,4.742,8.242],"texture":"#5"},"south":{"uv":[2.508,0.008,4.992,2.742],"texture":"#5"},"west":{"uv":[4.758,6.758,5.492,9.492],"texture":"#5"},"up":{"uv":[9.492,0.742,7.008,0.008],"texture":"#5"},"down":{"uv":[9.492,0.758,7.008,1.492],"texture":"#5"}}},{"from":[4,14,12],"to":[12,23,14],"rotation":{"angle":0,"axis":"y","origin":[3,18,12]},"faces":{"north":{"uv":[5.008,0.008,6.992,2.242],"texture":"#5"},"east":{"uv":[0.008,7.758,0.492,9.992],"texture":"#5"},"south":{"uv":[5.008,2.258,6.992,4.492],"texture":"#5"},"west":{"uv":[0.508,7.758,0.992,9.992],"texture":"#5"},"up":{"uv":[10.992,7.492,9.008,7.008],"texture":"#5"},"down":{"uv":[10.992,7.508,9.008,7.992],"texture":"#5"}}},{"name":"cube inverted","from":[13,24,12],"to":[3,13,9],"rotation":{"angle":0,"axis":"y","origin":[3,18,9]},"faces":{"north":{"uv":[0.008,2.758,2.492,5.492],"texture":"#5"},"east":{"uv":[5.508,6.758,6.242,9.492],"texture":"#5"},"south":{"uv":[2.508,2.758,4.992,5.492],"texture":"#5"},"west":{"uv":[6.258,6.758,6.992,9.492],"texture":"#5"},"up":{"uv":[9.492,2.242,7.008,1.508],"texture":"#5"},"down":{"uv":[9.492,2.258,7.008,2.992],"texture":"#5"}}},{"name":"cube inverted","from":[12,23,14],"to":[4,14,12],"rotation":{"angle":0,"axis":"y","origin":[3,18,12]},"faces":{"north":{"uv":[5.008,4.508,6.992,6.742],"texture":"#5"},"east":{"uv":[1.008,7.758,1.492,9.992],"texture":"#5"},"south":{"uv":[0.008,5.508,1.992,7.742],"texture":"#5"},"west":{"uv":[1.508,7.758,1.992,9.992],"texture":"#5"},"up":{"uv":[9.992,9.492,8.008,9.008],"texture":"#5"},"down":{"uv":[10.992,8.008,9.008,8.492],"texture":"#5"}}}],"gui_light":"front","display":{"thirdperson_righthand":{"rotation":[15,13.67,4.07],"translation":[-0.25,3.25,1.5],"scale":[0.8,0.8,0.8]},"thirdperson_lefthand":{"rotation":[15,13.67,4.07],"translation":[-0.25,3.25,1.5],"scale":[0.8,0.8,0.8]},"firstperson_righthand":{"rotation":[-22.16,64.56,14.31],"translation":[9.5,1.25,-6.5]},"firstperson_lefthand":{"rotation":[-22.16,64.56,14.31],"translation":[9.5,1.25,-6.5]},"ground":{"rotation":[46,0,0],"translation":[0,4,0],"scale":[0.8,0.8,0.8]},"gui":{"rotation":[147.34,5.04,-142.79],"translation":[-0.75,-0.25,0],"scale":[0.62,0.62,0.62]},"head":{"scale":[0.28,0.28,0.28]},"fixed":{"rotation":[180,-4.5,180],"translation":[0,0.25,0],"scale":[0.81,0.81,0.81]}},"groups":[{"name":"group","origin":[8.17786,13.05546,8.5],"color":0,"children":[0,1,2,3,4,5,6,7,8,9,10,11]}],"mcmodels":"14831e4dc6fdb61f65bab0c7e6b1b593"}