{"credit":"Made with Blockbench","texture_size":[32,32],"textures":{"3":"workshop_six:rpg_weapons_tools/pickaxe_amber"},"elements":[{"from":[7,-5,6],"to":[9,13,8],"rotation":{"angle":0,"axis":"y","origin":[8,10.25,7]},"faces":{"north":{"uv":[0.016,0.016,0.984,8.984],"texture":"#3"},"east":{"uv":[1.016,0.016,1.984,8.984],"texture":"#3"},"south":{"uv":[2.016,0.016,2.984,8.984],"texture":"#3"},"west":{"uv":[3.016,0.016,3.984,8.984],"texture":"#3"},"up":{"uv":[6.984,10.984,6.016,10.016],"texture":"#3"},"down":{"uv":[7.984,10.016,7.016,10.984],"texture":"#3"}}},{"from":[6.9,-1,5.9],"to":[9.1,7,8.1],"rotation":{"angle":0,"axis":"y","origin":[8,9.25,7]},"faces":{"north":{"uv":[4.016,4.016,4.984,7.984],"texture":"#3"},"east":{"uv":[5.016,4.016,5.984,7.984],"texture":"#3"},"south":{"uv":[6.016,0.016,6.984,3.984],"texture":"#3"},"west":{"uv":[6.016,4.016,6.984,7.984],"texture":"#3"},"up":{"uv":[11.484,2.484,10.516,1.516],"texture":"#3"},"down":{"uv":[11.484,2.516,10.516,3.484],"texture":"#3"}}},{"from":[8.75,12,5.5],"to":[12.75,16,8.5],"rotation":{"angle":45,"axis":"z","origin":[10.75,10.25,7]},"faces":{"north":{"uv":[4.016,0.016,5.984,1.984],"texture":"#3"},"east":{"uv":[7.016,0.016,8.484,1.984],"texture":"#3"},"south":{"uv":[4.016,2.016,5.984,3.984],"texture":"#3"},"west":{"uv":[7.016,2.016,8.484,3.984],"texture":"#3"},"up":{"uv":[8.984,5.484,7.016,4.016],"texture":"#3"},"down":{"uv":[8.984,5.516,7.016,6.984],"texture":"#3"}}},{"from":[9.25,12.5,5.2],"to":[12.25,15.5,8.8],"rotation":{"angle":45,"axis":"z","origin":[10.75,10.25,7]},"faces":{"north":{"uv":[8.016,9.016,9.484,10.484],"texture":"#3"},"east":{"uv":[8.516,1.016,10.484,2.484],"texture":"#3"},"south":{"uv":[9.516,9.016,10.984,10.484],"texture":"#3"},"west":{"uv":[8.516,2.516,10.484,3.984],"texture":"#3"},"up":{"uv":[1.484,10.984,0.016,9.016],"texture":"#3"},"down":{"uv":[2.984,9.016,1.516,10.984],"texture":"#3"}}},{"from":[3,13,6.5],"to":[8,15,7.5],"rotation":{"angle":0,"axis":"y","origin":[8,10.25,8]},"faces":{"north":{"uv":[3.016,9.016,5.484,9.984],"texture":"#3"},"east":{"uv":[3.016,10.516,3.484,11.484],"texture":"#3"},"south":{"uv":[9.016,4.016,11.484,4.984],"texture":"#3"},"west":{"uv":[3.516,10.516,3.984,11.484],"texture":"#3"},"up":{"uv":[12.484,7.984,10.016,7.516],"texture":"#3"},"down":{"uv":[12.484,8.016,10.016,8.484],"texture":"#3"}}},{"from":[-0.22703,15.80546,6.525],"to":[5.77297,17.80546,7.475],"rotation":{"angle":45,"axis":"z","origin":[7.77297,13.05546,8]},"faces":{"north":{"uv":[7.016,7.016,9.984,7.984],"texture":"#3"},"east":{"uv":[4.016,10.516,4.484,11.484],"texture":"#3"},"south":{"uv":[4.016,8.016,6.984,8.984],"texture":"#3"},"west":{"uv":[4.516,10.516,4.984,11.484],"texture":"#3"},"up":{"uv":[11.984,6.484,9.016,6.016],"texture":"#3"},"down":{"uv":[11.984,6.516,9.016,6.984],"texture":"#3"}}},{"from":[8,13,6.5],"to":[13,15,7.5],"rotation":{"angle":0,"axis":"y","origin":[8,10.25,8]},"faces":{"north":{"uv":[9.016,5.016,11.484,5.984],"texture":"#3"},"east":{"uv":[5.016,10.516,5.484,11.484],"texture":"#3"},"south":{"uv":[5.516,9.016,7.984,9.984],"texture":"#3"},"west":{"uv":[5.516,10.516,5.984,11.484],"texture":"#3"},"up":{"uv":[12.484,8.984,10.016,8.516],"texture":"#3"},"down":{"uv":[12.984,1.016,10.516,1.484],"texture":"#3"}}},{"from":[10.22703,15.80546,6.525],"to":[16.22703,17.80546,7.475],"rotation":{"angle":-45,"axis":"z","origin":[8.22703,13.05546,8]},"faces":{"north":{"uv":[7.016,8.016,9.984,8.984],"texture":"#3"},"east":{"uv":[8.016,10.516,8.484,11.484],"texture":"#3"},"south":{"uv":[8.516,0.016,11.484,0.984],"texture":"#3"},"west":{"uv":[8.516,10.516,8.984,11.484],"texture":"#3"},"up":{"uv":[5.984,10.484,3.016,10.016],"texture":"#3"},"down":{"uv":[12.984,7.016,10.016,7.484],"texture":"#3"}}}],"gui_light":"front","display":{"thirdperson_righthand":{"rotation":[48.66,-87.45,45.67],"translation":[-1,3,0.25]},"thirdperson_lefthand":{"rotation":[0,90,0],"translation":[1,1.25,2]},"firstperson_righthand":{"rotation":[42,104,-47],"translation":[8.5,1.25,-6.5]},"firstperson_lefthand":{"rotation":[42,104,-47],"translation":[11.5,1.25,-6.5]},"ground":{"rotation":[46,0,0],"translation":[0,4,0]},"gui":{"rotation":[13.45,9.99,-47.41],"translation":[1,0.5,0],"scale":[0.88,0.88,0.88]},"fixed":{"translation":[0,2.5,0]}},"groups":[{"name":"group","origin":[8.22703,13.05546,8],"color":0,"children":[0,1,2,3,4,5,6,7]}],"mcmodels":"14831e4dc6fdb61f65bab0c7e6b1b593"}