{"credit":"MadewithBlockbench","texture_size":[64,64],"textures":{"6":"workshop_six:rpg_weapons_tools/rod_ruby"},"elements":[{"from":[6.5,-12.25,6.5],"to":[9.5,-9.25,9.5],"rotation":{"angle":-45,"axis":"z","origin":[8,-10.75,8]},"faces":{"north":{"uv":[5.008,1.008,5.742,1.742],"texture":"#6"},"east":{"uv":[5.008,1.758,5.742,2.492],"texture":"#6"},"south":{"uv":[5.008,2.508,5.742,3.242],"texture":"#6"},"west":{"uv":[5.008,3.258,5.742,3.992],"texture":"#6"},"up":{"uv":[5.992,6.242,5.258,5.508],"texture":"#6"},"down":{"uv":[6.492,1.008,5.758,1.742],"texture":"#6"}}},{"from":[6.75,-11.25,6.2],"to":[8.75,-9.25,9.8],"rotation":{"angle":-45,"axis":"z","origin":[7.25,-10.75,8]},"faces":{"north":{"uv":[7.258,0.508,7.742,0.992],"texture":"#6"},"east":{"uv":[5.008,4.008,5.992,4.492],"texture":"#6"},"south":{"uv":[7.258,1.008,7.742,1.492],"texture":"#6"},"west":{"uv":[7.008,0.008,7.992,0.492],"texture":"#6"},"up":{"uv":[2.492,7.992,2.008,7.008],"texture":"#6"},"down":{"uv":[5.742,7.008,5.258,7.992],"texture":"#6"}}},{"from":[7.001,-9.999,7.001],"to":[9.001,24.001,9.001],"rotation":{"angle":0,"axis":"y","origin":[0,18,0]},"faces":{"north":{"uv":[0.008,0.008,0.492,8.492],"texture":"#6"},"east":{"uv":[0.508,0.008,0.992,8.492],"texture":"#6"},"south":{"uv":[1.008,0.008,1.492,8.492],"texture":"#6"},"west":{"uv":[1.508,0.008,1.992,8.492],"texture":"#6"},"up":{"uv":[6.242,7.492,5.758,7.008],"texture":"#6"},"down":{"uv":[6.742,7.008,6.258,7.492],"texture":"#6"}}},{"from":[6.501,-10.999,6.501],"to":[9.499,3.001,9.499],"rotation":{"angle":0,"axis":"y","origin":[0,17,0]},"faces":{"north":{"uv":[2.008,0.008,2.742,3.492],"texture":"#6"},"east":{"uv":[2.758,0.008,3.492,3.492],"texture":"#6"},"south":{"uv":[3.508,0.008,4.242,3.492],"texture":"#6"},"west":{"uv":[2.008,3.508,2.742,6.992],"texture":"#6"},"up":{"uv":[6.492,2.492,5.758,1.758],"texture":"#6"},"down":{"uv":[6.492,2.508,5.758,3.242],"texture":"#6"}}},{"from":[6.401,-7.499,6.301],"to":[9.599,1.501,9.699],"rotation":{"angle":0,"axis":"y","origin":[0,18.5,0]},"faces":{"north":{"uv":[2.758,3.508,3.492,5.742],"texture":"#6"},"east":{"uv":[3.508,3.508,4.242,5.742],"texture":"#6"},"south":{"uv":[4.258,0.008,4.992,2.242],"texture":"#6"},"west":{"uv":[4.258,2.258,4.992,4.492],"texture":"#6"},"up":{"uv":[6.992,0.742,6.258,0.008],"texture":"#6"},"down":{"uv":[5.992,6.258,5.258,6.992],"texture":"#6"}}},{"from":[6.501,8.001,6.501],"to":[9.501,11.001,9.501],"rotation":{"angle":0,"axis":"y","origin":[0,18,0]},"faces":{"north":{"uv":[2.758,5.758,3.492,6.492],"texture":"#6"},"east":{"uv":[5.758,3.258,6.492,3.992],"texture":"#6"},"south":{"uv":[3.508,5.758,4.242,6.492],"texture":"#6"},"west":{"uv":[6.008,4.008,6.742,4.742],"texture":"#6"},"up":{"uv":[6.742,5.492,6.008,4.758],"texture":"#6"},"down":{"uv":[6.742,5.508,6.008,6.242],"texture":"#6"}}},{"from":[6.501,16.001,6.501],"to":[9.501,19.001,9.501],"rotation":{"angle":0,"axis":"y","origin":[0,26,0]},"faces":{"north":{"uv":[6.008,6.258,6.742,6.992],"texture":"#6"},"east":{"uv":[6.508,0.758,7.242,1.492],"texture":"#6"},"south":{"uv":[6.508,1.508,7.242,2.242],"texture":"#6"},"west":{"uv":[6.508,2.258,7.242,2.992],"texture":"#6"},"up":{"uv":[3.492,7.242,2.758,6.508],"texture":"#6"},"down":{"uv":[7.242,3.008,6.508,3.742],"texture":"#6"}}},{"from":[6.501,24.001,6.501],"to":[9.501,27.001,9.501],"rotation":{"angle":0,"axis":"y","origin":[0,34,0]},"faces":{"north":{"uv":[3.508,6.508,4.242,7.242],"texture":"#6"},"east":{"uv":[6.758,3.758,7.492,4.492],"texture":"#6"},"south":{"uv":[6.758,4.508,7.492,5.242],"texture":"#6"},"west":{"uv":[6.758,5.258,7.492,5.992],"texture":"#6"},"up":{"uv":[7.492,6.742,6.758,6.008],"texture":"#6"},"down":{"uv":[7.492,6.758,6.758,7.492],"texture":"#6"}}},{"from":[6.5,3,8],"to":[7.5,24,8],"rotation":{"angle":0,"axis":"y","origin":[6.5,25.5,8]},"faces":{"north":{"uv":[4.258,4.508,4.492,9.742],"texture":"#6"},"east":{"uv":[0.008,0.008,0.008,5.242],"texture":"#6"},"south":{"uv":[4.508,4.508,4.742,9.742],"texture":"#6"},"west":{"uv":[0.008,0.008,0.008,5.242],"texture":"#6"},"up":{"uv":[0.242,0.008,0.008,0.008],"texture":"#6"},"down":{"uv":[0.242,0.008,0.008,0.008],"texture":"#6"}}},{"from":[6.25,8.25,8],"to":[7.25,26.25,8],"rotation":{"angle":-22.5,"axis":"z","origin":[6.5,25.5,8]},"faces":{"north":{"uv":[4.758,5.508,4.992,9.992],"texture":"#6"},"east":{"uv":[0.008,0.008,0.008,4.492],"texture":"#6"},"south":{"uv":[5.008,5.508,5.242,9.992],"texture":"#6"},"west":{"uv":[0.008,0.008,0.008,4.492],"texture":"#6"},"up":{"uv":[0.242,0.008,0.008,0.008],"texture":"#6"},"down":{"uv":[0.242,0.008,0.008,0.008],"texture":"#6"}}},{"from":[-2.25666,6.53882,8],"to":[2.74334,10.53882,8],"rotation":{"angle":-22.5,"axis":"z","origin":[-2.50666,10.28882,8]},"faces":{"north":{"uv":[4.758,4.508,5.992,5.492],"texture":"#6"},"east":{"uv":[0.008,0.008,0.008,0.992],"texture":"#6"},"south":{"uv":[5.008,0.008,6.242,0.992],"texture":"#6"},"west":{"uv":[0.008,0.008,0.008,0.992],"texture":"#6"},"up":{"uv":[1.242,0.008,0.008,0.008],"texture":"#6"},"down":{"uv":[1.242,0.008,0.008,0.008],"texture":"#6"}}}],"gui_light":"front","display":{"thirdperson_righthand":{"rotation":[-10,-90,0],"translation":[0,6,-1.75],"scale":[0.7,0.7,0.7]},"thirdperson_lefthand":{"rotation":[-10,90,0],"translation":[0,5,-1.25],"scale":[0.7,0.7,0.7]},"firstperson_righthand":{"rotation":[-20,-90,0],"translation":[2,4,0.5],"scale":[0.6,0.6,0.6]},"firstperson_lefthand":{"rotation":[-20,90,0],"translation":[2,4,0.5],"scale":[0.6,0.6,0.6]},"ground":{"rotation":[0,0,25],"translation":[0,7,0],"scale":[0.5,0.5,0.5]},"gui":{"rotation":[0,-180,44],"translation":[0.25,0.25,-0.75],"scale":[0.57,0.57,0.57]},"head":{"rotation":[0,-90,22],"translation":[0.25,-1.25,-0.75],"scale":[0.01,0.01,0.01]},"fixed":{"rotation":[0,0,22],"translation":[0.25,0,-0.25],"scale":[0.66,0.66,0.66]}},"groups":[{"name":"group","origin":[8,8,8],"color":0,"children":[0,1,2,3,4,5,6,7,8,{"name":"group","origin":[-2.50666,10.28882,8],"color":0,"children":[9,10]}]}],"mcmodels":"14831e4dc6fdb61f65bab0c7e6b1b593"}