{"credit":"Made with Blockbench","texture_size":[64,64],"textures":{"2":"workshop_six:rpg_weapons_tools/rod_netherite"},"elements":[{"from":[7.001,-9.749,7.001],"to":[9.001,28.251,9.001],"rotation":{"angle":0,"axis":"y","origin":[0,18,0]},"faces":{"north":{"uv":[0,0,0.5,9.5],"texture":"#2"},"east":{"uv":[0.5,0,1,9.5],"texture":"#2"},"south":{"uv":[0.5,0,0,9.5],"texture":"#2"},"west":{"uv":[1.5,0,2,9.5],"texture":"#2"},"up":{"uv":[4.5,6.75,4,6.25],"texture":"#2"},"down":{"uv":[6.75,5.5,6.25,6],"texture":"#2"}}},{"from":[6.501,-9.999,6.501],"to":[9.499,3.001,9.499],"rotation":{"angle":0,"axis":"y","origin":[0,17,0]},"faces":{"north":{"uv":[2,0,2.75,3.25],"texture":"#2"},"east":{"uv":[2.75,0,3.5,3.25],"texture":"#2"},"south":{"uv":[2,3.25,2.75,6.5],"texture":"#2"},"west":{"uv":[2.75,3.25,3.5,6.5],"texture":"#2"},"up":{"uv":[4.75,6.25,4,5.5],"texture":"#2"},"down":{"uv":[6.5,1,5.75,1.75],"texture":"#2"}}},{"from":[6.401,-7.499,6.301],"to":[9.599,1.501,9.699],"rotation":{"angle":0,"axis":"y","origin":[0,18.5,0]},"faces":{"north":{"uv":[3.5,0,4.25,2.25],"texture":"#2"},"east":{"uv":[3.5,2.25,4.25,4.5],"texture":"#2"},"south":{"uv":[4.25,0,5,2.25],"texture":"#2"},"west":{"uv":[4.25,2.25,5,4.5],"texture":"#2"},"up":{"uv":[6.5,2.5,5.75,1.75],"texture":"#2"},"down":{"uv":[6.5,2.5,5.75,3.25],"texture":"#2"}}},{"from":[6.501,7.001,6.501],"to":[9.501,8.001,9.501],"rotation":{"angle":0,"axis":"y","origin":[0,18,0]},"faces":{"north":{"uv":[6.5,2,7.25,2.25],"texture":"#2"},"east":{"uv":[6.5,2.25,7.25,2.5],"texture":"#2"},"south":{"uv":[6.5,2.5,7.25,2.75],"texture":"#2"},"west":{"uv":[2.75,6.5,3.5,6.75],"texture":"#2"},"up":{"uv":[6.25,6.5,5.5,5.75],"texture":"#2"},"down":{"uv":[7,0,6.25,0.75],"texture":"#2"}}},{"from":[6.501,15.001,6.501],"to":[9.501,16.001,9.501],"rotation":{"angle":0,"axis":"y","origin":[0,26,0]},"faces":{"north":{"uv":[6.5,1.25,7.25,1.5],"texture":"#2"},"east":{"uv":[6.5,1.5,7.25,1.75],"texture":"#2"},"south":{"uv":[6.5,1.75,7.25,2],"texture":"#2"},"west":{"uv":[2,6.5,2.75,6.75],"texture":"#2"},"up":{"uv":[5.5,6.5,4.75,5.75],"texture":"#2"},"down":{"uv":[6.5,4.75,5.75,5.5],"texture":"#2"}}},{"from":[6.501,23.001,6.501],"to":[9.501,24.001,9.501],"rotation":{"angle":0,"axis":"y","origin":[0,34,0]},"faces":{"north":{"uv":[6.25,0.75,7,1],"texture":"#2"},"east":{"uv":[6.25,6,7,6.25],"texture":"#2"},"south":{"uv":[6.25,6.25,7,6.5],"texture":"#2"},"west":{"uv":[6.5,1,7.25,1.25],"texture":"#2"},"up":{"uv":[6.5,4,5.75,3.25],"texture":"#2"},"down":{"uv":[6.5,4,5.75,4.75],"texture":"#2"}}},{"from":[6.5,3,8],"to":[7.5,24,8],"rotation":{"angle":0,"axis":"y","origin":[6.5,25.5,8]},"faces":{"north":{"uv":[3.5,4.5,3.75,9.75],"texture":"#2"},"east":{"uv":[0,0,0,5.25],"texture":"#2"},"south":{"uv":[3.75,4.5,4,9.75],"texture":"#2"},"west":{"uv":[0,0,0,5.25],"texture":"#2"},"up":{"uv":[0.25,0,0,0],"texture":"#2"},"down":{"uv":[0.25,0,0,0],"texture":"#2"}}},{"from":[6.25,8.25,8],"to":[7.25,27.25,8],"rotation":{"angle":-22.5,"axis":"z","origin":[6.5,25.5,8]},"faces":{"north":{"uv":[5.25,1,5.5,5.75],"texture":"#2"},"east":{"uv":[0,0,0,4.75],"texture":"#2"},"south":{"uv":[5.5,1,5.75,5.75],"texture":"#2"},"west":{"uv":[0,0,0,4.75],"texture":"#2"},"up":{"uv":[0.25,0,0,0],"texture":"#2"},"down":{"uv":[0.25,0,0,0],"texture":"#2"}}},{"from":[-2.25666,6.53882,8],"to":[2.74334,10.53882,8],"rotation":{"angle":-22.5,"axis":"z","origin":[-2.50666,10.28882,8]},"faces":{"north":{"uv":[4,4.5,5.25,5.5],"texture":"#2"},"east":{"uv":[0,0,0,1],"texture":"#2"},"south":{"uv":[5,0,6.25,1],"texture":"#2"},"west":{"uv":[0,0,0,1],"texture":"#2"},"up":{"uv":[1.25,0,0,0],"texture":"#2"},"down":{"uv":[1.25,0,0,0],"texture":"#2"}}}],"gui_light":"front","display":{"thirdperson_righthand":{"rotation":[-10,-90,0],"translation":[0,6,-1.75],"scale":[0.7,0.7,0.7]},"thirdperson_lefthand":{"rotation":[-10,90,0],"translation":[0,5,-1.25],"scale":[0.7,0.7,0.7]},"firstperson_righthand":{"rotation":[-20,-90,0],"translation":[2,4,0.5],"scale":[0.6,0.6,0.6]},"firstperson_lefthand":{"rotation":[-20,90,0],"translation":[2,4,0.5],"scale":[0.6,0.6,0.6]},"ground":{"rotation":[0,0,25],"translation":[0,7,0],"scale":[0.5,0.5,0.5]},"gui":{"rotation":[0,-180,44],"translation":[0.25,0.25,-0.75],"scale":[0.57,0.57,0.57]},"head":{"rotation":[0,-90,22],"translation":[0.25,-1.25,-0.75],"scale":[0.01,0.01,0.01]},"fixed":{"rotation":[0,0,22],"translation":[0.25,0,-0.25],"scale":[0.66,0.66,0.66]}},"groups":[{"name":"group","origin":[8,8,8],"color":0,"children":[0,1,2,3,4,5,6,{"name":"group","origin":[-2.50666,10.28882,8],"color":0,"children":[7,8]}]}],"mcmodels":"14831e4dc6fdb61f65bab0c7e6b1b593"}