{"credit":"Made with Blockbench","texture_size":[32,32],"textures":{"1":"workshop_six:rpg_weapons_tools/scythe_iron","particle":"workshop_six:rpg_weapons_tools/scythe_copper"},"elements":[{"from":[7,-6,6],"to":[9,13,8],"rotation":{"angle":0,"axis":"y","origin":[7,0,6]},"faces":{"north":{"uv":[0,0,1,9.5],"texture":"#1"},"east":{"uv":[1,0,2,9.5],"texture":"#1"},"south":{"uv":[2,0,3,9.5],"texture":"#1"},"west":{"uv":[3,0,4,9.5],"texture":"#1"},"up":{"uv":[14,3.5,13,2.5],"texture":"#1"},"down":{"uv":[14,3.5,13,4.5],"texture":"#1"}}},{"from":[7,13,6],"to":[9,29,8],"rotation":{"angle":0,"axis":"y","origin":[7,19,6]},"faces":{"north":{"uv":[4,4,5,12],"texture":"#1"},"east":{"uv":[5,4,6,12],"texture":"#1"},"south":{"uv":[6,4,7,12],"texture":"#1"},"west":{"uv":[7,4,8,12],"texture":"#1"},"up":{"uv":[14,5.5,13,4.5],"texture":"#1"},"down":{"uv":[7,13.5,6,14.5],"texture":"#1"}}},{"from":[6.5,22,5.5],"to":[9.5,30,8.5],"rotation":{"angle":0,"axis":"y","origin":[6.5,22,5.5]},"faces":{"north":{"uv":[8,0,9.5,4],"texture":"#1"},"east":{"uv":[8,4,9.5,8],"texture":"#1"},"south":{"uv":[8,8,9.5,12],"texture":"#1"},"west":{"uv":[0,9.5,1.5,13.5],"texture":"#1"},"up":{"uv":[13,6,11.5,4.5],"texture":"#1"},"down":{"uv":[7.5,12,6,13.5],"texture":"#1"}}},{"from":[6,30,5],"to":[10,32,9],"rotation":{"angle":0,"axis":"y","origin":[7,23,5]},"faces":{"north":{"uv":[12.5,6,14.5,7],"texture":"#1"},"east":{"uv":[12.5,7,14.5,8],"texture":"#1"},"south":{"uv":[12.5,8,14.5,9],"texture":"#1"},"west":{"uv":[12.5,9,14.5,10],"texture":"#1"},"up":{"uv":[12.5,8,10.5,6],"texture":"#1"},"down":{"uv":[12.5,8,10.5,10],"texture":"#1"}}},{"from":[9.5,25,6.5],"to":[17.5,29,7.5],"rotation":{"angle":0,"axis":"y","origin":[9.5,19,5.5]},"faces":{"north":{"uv":[4,0,8,2],"texture":"#1"},"east":{"uv":[9,12,9.5,14],"texture":"#1"},"south":{"uv":[8,0,4,2],"texture":"#1"},"west":{"uv":[12.5,13,13,15],"texture":"#1"},"up":{"uv":[16,12,12,11.5],"texture":"#1"},"down":{"uv":[16,12,12,12.5],"texture":"#1"}}},{"from":[16.31597,23.04748,6.49],"to":[21.31597,27.04748,7.51],"rotation":{"angle":-22.5,"axis":"z","origin":[21.81597,25.04748,7]},"faces":{"north":{"uv":[9.5,0,12,2],"texture":"#1"},"east":{"uv":[13,13,13.5,15],"texture":"#1"},"south":{"uv":[1.5,9.5,4,11.5],"texture":"#1"},"west":{"uv":[0,13.5,0.5,15.5],"texture":"#1"},"up":{"uv":[15,13,12.5,12.5],"texture":"#1"},"down":{"uv":[15.5,2,13,2.5],"texture":"#1"}}},{"from":[23.59427,23.28328,6.48],"to":[26.59427,27.28328,7.52],"rotation":{"angle":45,"axis":"z","origin":[24.59427,21.78328,7]},"faces":{"north":{"uv":[12,0,13.5,2],"texture":"#1"},"east":{"uv":[13.5,0,14,2],"texture":"#1"},"south":{"uv":[4.5,12,6,14],"texture":"#1"},"west":{"uv":[0.5,13.5,1,15.5],"texture":"#1"},"up":{"uv":[14.5,6,13,5.5],"texture":"#1"},"down":{"uv":[15,10,13.5,10.5],"texture":"#1"}}},{"from":[25.20482,20.91145,6.49],"to":[27.20482,23.91145,7.57],"rotation":{"angle":22.5,"axis":"z","origin":[25.20482,18.41145,7]},"faces":{"north":{"uv":[10.5,12.5,11.5,14],"texture":"#1"},"east":{"uv":[1,13.5,1.5,15],"texture":"#1"},"south":{"uv":[11.5,12.5,12.5,14],"texture":"#1"},"west":{"uv":[13.5,13,14,14.5],"texture":"#1"},"up":{"uv":[4,12,3,11.5],"texture":"#1"},"down":{"uv":[14.5,10.5,13.5,11],"texture":"#1"}}},{"from":[6.9,3.5,5.9],"to":[9.1,11.5,8.1],"rotation":{"angle":0,"axis":"y","origin":[0.6,2,-1]},"faces":{"north":{"uv":[9.5,2,10.5,6],"texture":"#1"},"east":{"uv":[9.5,6,10.5,10],"texture":"#1"},"south":{"uv":[9.5,10,10.5,14],"texture":"#1"},"west":{"uv":[10.5,2,11.5,6],"texture":"#1"},"up":{"uv":[8,14.5,7,13.5],"texture":"#1"},"down":{"uv":[9,13.5,8,14.5],"texture":"#1"}}},{"from":[6.5,-8,5.5],"to":[9.5,-3,8.5],"rotation":{"angle":0,"axis":"y","origin":[9.5,4,6.5]},"faces":{"north":{"uv":[10.5,10,12,12.5],"texture":"#1"},"east":{"uv":[1.5,11.5,3,14],"texture":"#1"},"south":{"uv":[11.5,2,13,4.5],"texture":"#1"},"west":{"uv":[3,12,4.5,14.5],"texture":"#1"},"up":{"uv":[9,13.5,7.5,12],"texture":"#1"},"down":{"uv":[13.5,10,12,11.5],"texture":"#1"}}}],"gui_light":"front","display":{"thirdperson_righthand":{"rotation":[0,90,0],"translation":[1,-1.5,-1.25],"scale":[0.85,0.85,0.85]},"thirdperson_lefthand":{"rotation":[0,-90,0],"translation":[-0.75,-1.5,-1.25],"scale":[0.85,0.85,0.85]},"firstperson_righthand":{"rotation":[157,85,-164],"translation":[4.25,-1.5,1],"scale":[0.75,0.75,0.75]},"firstperson_lefthand":{"rotation":[153.25,-85,158],"translation":[2.5,-1.5,1],"scale":[0.75,0.75,0.75]},"ground":{"rotation":[58,0,0],"translation":[0,3,0],"scale":[0.5,0.5,0.5]},"gui":{"rotation":[2,1,-36],"translation":[-3,-1.5,0],"scale":[0.49,0.49,0.49]},"head":{"translation":[0,3,0],"scale":[0.1,0.1,0.1]},"fixed":{"translation":[-0.5,-2.25,0],"scale":[0.7,0.7,0.7]}},"groups":[{"name":"group","origin":[8.5,4,6.5],"color":0,"children":[0,1,2,3,4,5,6,7,8,9]}],"mcmodels":"14831e4dc6fdb61f65bab0c7e6b1b593"}