{"credit":"MadewithBlockbench","texture_size":[64,64],"textures":{"3":"workshop_six:rpg_weapons_tools/scythe_jade"},"elements":[{"from":[6,-6,6],"to":[8,13,8],"rotation":{"angle":0,"axis":"y","origin":[6,0,6]},"faces":{"north":{"uv":[0.008,2.008,0.492,6.742],"texture":"#3"},"east":{"uv":[0.508,2.008,0.992,6.742],"texture":"#3"},"south":{"uv":[1.008,2.008,1.492,6.742],"texture":"#3"},"west":{"uv":[1.508,2.008,1.992,6.742],"texture":"#3"},"up":{"uv":[7.992,1.742,7.508,1.258],"texture":"#3"},"down":{"uv":[7.992,1.758,7.508,2.242],"texture":"#3"}}},{"from":[6,13,6],"to":[8,29,8],"rotation":{"angle":0,"axis":"y","origin":[6,19,6]},"faces":{"north":{"uv":[2.008,3.008,2.492,6.992],"texture":"#3"},"east":{"uv":[2.508,3.008,2.992,6.992],"texture":"#3"},"south":{"uv":[3.008,3.008,3.492,6.992],"texture":"#3"},"west":{"uv":[3.508,3.008,3.992,6.992],"texture":"#3"},"up":{"uv":[7.992,2.742,7.508,2.258],"texture":"#3"},"down":{"uv":[1.242,7.758,0.758,8.242],"texture":"#3"}}},{"from":[5.5,22,5.5],"to":[8.5,30,8.5],"rotation":{"angle":0,"axis":"y","origin":[5.5,22,5.5]},"faces":{"north":{"uv":[4.008,3.758,4.742,5.742],"texture":"#3"},"east":{"uv":[4.758,3.758,5.492,5.742],"texture":"#3"},"south":{"uv":[5.008,0.008,5.742,1.992],"texture":"#3"},"west":{"uv":[5.508,3.758,6.242,5.742],"texture":"#3"},"up":{"uv":[7.492,6.742,6.758,6.008],"texture":"#3"},"down":{"uv":[7.492,6.758,6.758,7.492],"texture":"#3"}}},{"from":[5.5,13,5.5],"to":[8.5,14,8.5],"rotation":{"angle":0,"axis":"y","origin":[5.5,6,5.5]},"faces":{"north":{"uv":[2.508,7.758,3.242,7.992],"texture":"#3"},"east":{"uv":[7.758,3.008,8.492,3.242],"texture":"#3"},"south":{"uv":[7.758,3.258,8.492,3.492],"texture":"#3"},"west":{"uv":[7.758,3.508,8.492,3.742],"texture":"#3"},"up":{"uv":[2.242,7.742,1.508,7.008],"texture":"#3"},"down":{"uv":[2.992,7.008,2.258,7.742],"texture":"#3"}}},{"from":[5,30,5],"to":[9,32,9],"rotation":{"angle":0,"axis":"y","origin":[6,23,5]},"faces":{"north":{"uv":[7.008,3.758,7.992,4.242],"texture":"#3"},"east":{"uv":[7.008,4.258,7.992,4.742],"texture":"#3"},"south":{"uv":[7.008,4.758,7.992,5.242],"texture":"#3"},"west":{"uv":[7.508,0.008,8.492,0.492],"texture":"#3"},"up":{"uv":[6.742,0.992,5.758,0.008],"texture":"#3"},"down":{"uv":[6.742,1.008,5.758,1.992],"texture":"#3"}}},{"from":[8.5,26,5.5],"to":[17.5,30,8.5],"rotation":{"angle":0,"axis":"y","origin":[8.5,22,5.5]},"faces":{"north":{"uv":[2.008,2.008,4.242,2.992],"texture":"#3"},"east":{"uv":[6.758,0.008,7.492,0.992],"texture":"#3"},"south":{"uv":[2.758,0.008,4.992,0.992],"texture":"#3"},"west":{"uv":[0.758,6.758,1.492,7.742],"texture":"#3"},"up":{"uv":[4.992,1.742,2.758,1.008],"texture":"#3"},"down":{"uv":[6.242,3.008,4.008,3.742],"texture":"#3"}}},{"from":[8.5,25,6.5],"to":[19.5,29,7.5],"rotation":{"angle":0,"axis":"y","origin":[8.5,19,5.5]},"faces":{"north":{"uv":[0.008,0.008,2.742,0.992],"texture":"#3"},"east":{"uv":[3.758,7.008,3.992,7.992],"texture":"#3"},"south":{"uv":[0.008,1.008,2.742,1.992],"texture":"#3"},"west":{"uv":[6.508,7.008,6.742,7.992],"texture":"#3"},"up":{"uv":[8.992,5.742,6.258,5.508],"texture":"#3"},"down":{"uv":[9.492,5.758,6.758,5.992],"texture":"#3"}}},{"from":[18.31597,23.04748,6.49],"to":[23.31597,27.04748,7.51],"rotation":{"angle":-22.5,"axis":"z","origin":[23.81597,25.04748,7]},"faces":{"north":{"uv":[4.258,2.008,5.492,2.992],"texture":"#3"},"east":{"uv":[7.508,6.008,7.742,6.992],"texture":"#3"},"south":{"uv":[5.508,2.008,6.742,2.992],"texture":"#3"},"west":{"uv":[6.758,7.508,6.992,8.492],"texture":"#3"},"up":{"uv":[3.992,1.992,2.758,1.758],"texture":"#3"},"down":{"uv":[8.242,5.258,7.008,5.492],"texture":"#3"}}},{"from":[25.59427,23.28328,6.48],"to":[28.59427,27.28328,7.52],"rotation":{"angle":45,"axis":"z","origin":[26.59427,21.78328,7]},"faces":{"north":{"uv":[6.758,1.008,7.492,1.992],"texture":"#3"},"east":{"uv":[7.008,7.508,7.242,8.492],"texture":"#3"},"south":{"uv":[6.758,2.008,7.492,2.992],"texture":"#3"},"west":{"uv":[7.508,7.008,7.742,7.992],"texture":"#3"},"up":{"uv":[4.742,1.992,4.008,1.758],"texture":"#3"},"down":{"uv":[8.242,2.758,7.508,2.992],"texture":"#3"}}},{"from":[27.20482,20.91145,6.49],"to":[29.20482,23.91145,7.57],"rotation":{"angle":22.5,"axis":"z","origin":[27.20482,18.41145,7]},"faces":{"north":{"uv":[6.008,7.008,6.492,7.742],"texture":"#3"},"east":{"uv":[7.258,7.508,7.492,8.242],"texture":"#3"},"south":{"uv":[7.508,0.508,7.992,1.242],"texture":"#3"},"west":{"uv":[2.258,7.758,2.492,8.492],"texture":"#3"},"up":{"uv":[1.992,6.992,1.508,6.758],"texture":"#3"},"down":{"uv":[3.742,7.758,3.258,7.992],"texture":"#3"}}},{"from":[5.9,3.5,5.9],"to":[8.1,11.5,8.1],"rotation":{"angle":0,"axis":"y","origin":[-0.4,2,-1]},"faces":{"north":{"uv":[4.008,5.758,4.492,7.742],"texture":"#3"},"east":{"uv":[4.508,5.758,4.992,7.742],"texture":"#3"},"south":{"uv":[5.008,5.758,5.492,7.742],"texture":"#3"},"west":{"uv":[5.508,5.758,5.992,7.742],"texture":"#3"},"up":{"uv":[1.742,8.242,1.258,7.758],"texture":"#3"},"down":{"uv":[2.242,7.758,1.758,8.242],"texture":"#3"}}},{"from":[5.5,-8,5.5],"to":[8.5,-3,8.5],"rotation":{"angle":0,"axis":"y","origin":[8.5,4,6.5]},"faces":{"north":{"uv":[6.008,5.758,6.742,6.992],"texture":"#3"},"east":{"uv":[6.258,3.008,6.992,4.242],"texture":"#3"},"south":{"uv":[6.258,4.258,6.992,5.492],"texture":"#3"},"west":{"uv":[0.008,6.758,0.742,7.992],"texture":"#3"},"up":{"uv":[3.742,7.742,3.008,7.008],"texture":"#3"},"down":{"uv":[7.742,3.008,7.008,3.742],"texture":"#3"}}}],"gui_light":"front","display":{"thirdperson_righthand":{"rotation":[0,90,0],"translation":[1,-1.5,-1.25],"scale":[0.85,0.85,0.85]},"thirdperson_lefthand":{"rotation":[0,-90,0],"translation":[-0.75,-1.5,-1.25],"scale":[0.85,0.85,0.85]},"firstperson_righthand":{"rotation":[157,85,-164],"translation":[4.25,-1.5,1],"scale":[0.75,0.75,0.75]},"firstperson_lefthand":{"rotation":[153.25,-85,158],"translation":[2.5,-1.5,1],"scale":[0.75,0.75,0.75]},"ground":{"rotation":[58,0,0],"translation":[0,3,0],"scale":[0.5,0.5,0.5]},"gui":{"rotation":[2,1,-36],"translation":[-3,-1.5,0],"scale":[0.49,0.49,0.49]},"head":{"translation":[0,3,0],"scale":[0.1,0.1,0.1]},"fixed":{"translation":[-0.5,-2.25,0],"scale":[0.7,0.7,0.7]}},"groups":[{"name":"group","origin":[8.5,4,6.5],"color":0,"children":[0,1,2,3,4,5,6,7,8,9,10,11]}],"mcmodels":"14831e4dc6fdb61f65bab0c7e6b1b593"}