{"credit":"MadewithBlockbench","texture_size":[64,64],"textures":{"2":"workshop_six:rpg_weapons_tools/scythe_iridium"},"elements":[{"from":[6,-6,6],"to":[8,13,8],"rotation":{"angle":0,"axis":"y","origin":[6,0,6]},"faces":{"north":{"uv":[0,2,0.5,6.75],"texture":"#2"},"east":{"uv":[0.5,2,1,6.75],"texture":"#2"},"south":{"uv":[1,2,1.5,6.75],"texture":"#2"},"west":{"uv":[1.5,2,2,6.75],"texture":"#2"},"up":{"uv":[5.5,8.5,5,8],"texture":"#2"},"down":{"uv":[6,8,5.5,8.5],"texture":"#2"}}},{"from":[6,13,6],"to":[8,29,8],"rotation":{"angle":0,"axis":"y","origin":[6,19,6]},"faces":{"north":{"uv":[2,3,2.5,7],"texture":"#2"},"east":{"uv":[2.5,3,3,7],"texture":"#2"},"south":{"uv":[3,3,3.5,7],"texture":"#2"},"west":{"uv":[3.5,3,4,7],"texture":"#2"},"up":{"uv":[8.5,6,8,5.5],"texture":"#2"},"down":{"uv":[7.75,8,7.25,8.5],"texture":"#2"}}},{"from":[5.5,22,5.5],"to":[8.5,30,8.5],"rotation":{"angle":0,"axis":"y","origin":[5.5,22,5.5]},"faces":{"north":{"uv":[4,3.75,4.75,5.75],"texture":"#2"},"east":{"uv":[4.75,3.75,5.5,5.75],"texture":"#2"},"south":{"uv":[5,0,5.75,2],"texture":"#2"},"west":{"uv":[5.5,3.75,6.25,5.75],"texture":"#2"},"up":{"uv":[8,3.75,7.25,3],"texture":"#2"},"down":{"uv":[4.5,7.25,3.75,8],"texture":"#2"}}},{"from":[5.5,13,5.5],"to":[8.5,14,8.5],"rotation":{"angle":0,"axis":"y","origin":[5.5,6,5.5]},"faces":{"north":{"uv":[8,4.25,8.75,4.5],"texture":"#2"},"east":{"uv":[8,6,8.75,6.25],"texture":"#2"},"south":{"uv":[3.75,8.25,4.5,8.5],"texture":"#2"},"west":{"uv":[8.25,3.75,9,4],"texture":"#2"},"up":{"uv":[8,4.5,7.25,3.75],"texture":"#2"},"down":{"uv":[5.25,7.25,4.5,8],"texture":"#2"}}},{"from":[5.5,0,5.5],"to":[8.5,1,8.5],"rotation":{"angle":0,"axis":"y","origin":[5.5,-7,5.5]},"faces":{"north":{"uv":[8.25,4,9,4.25],"texture":"#2"},"east":{"uv":[8.25,4.5,9,4.75],"texture":"#2"},"south":{"uv":[8.25,4.75,9,5],"texture":"#2"},"west":{"uv":[8.25,6.25,9,6.5],"texture":"#2"},"up":{"uv":[8.25,2.75,7.5,2],"texture":"#2"},"down":{"uv":[8.25,6.25,7.5,7],"texture":"#2"}}},{"from":[5,30,5],"to":[9,32,9],"rotation":{"angle":0,"axis":"y","origin":[6,23,5]},"faces":{"north":{"uv":[7.25,4.5,8.25,5],"texture":"#2"},"east":{"uv":[7.5,7,8.5,7.5],"texture":"#2"},"south":{"uv":[7.5,7.5,8.5,8],"texture":"#2"},"west":{"uv":[8,0,9,0.5],"texture":"#2"},"up":{"uv":[7.25,4,6.25,3],"texture":"#2"},"down":{"uv":[7.25,4,6.25,5],"texture":"#2"}}},{"from":[8.5,26,5.5],"to":[17.5,30,8.5],"rotation":{"angle":0,"axis":"y","origin":[8.5,22,5.5]},"faces":{"north":{"uv":[2,2,4.25,3],"texture":"#2"},"east":{"uv":[6.75,2,7.5,3],"texture":"#2"},"south":{"uv":[2.75,0,5,1],"texture":"#2"},"west":{"uv":[3,7,3.75,8],"texture":"#2"},"up":{"uv":[5,1.75,2.75,1],"texture":"#2"},"down":{"uv":[6.25,3,4,3.75],"texture":"#2"}}},{"from":[14.5,24.5,5],"to":[15.5,30.5,9],"rotation":{"angle":0,"axis":"y","origin":[10.5,22.5,6]},"faces":{"north":{"uv":[8,2.75,8.25,4.25],"texture":"#2"},"east":{"uv":[5.75,0,6.75,1.5],"texture":"#2"},"south":{"uv":[3,8,3.25,9.5],"texture":"#2"},"west":{"uv":[5.75,1.5,6.75,3],"texture":"#2"},"up":{"uv":[2.25,9.25,2,8.25],"texture":"#2"},"down":{"uv":[8.5,2,8.25,3],"texture":"#2"}}},{"from":[10.5,24.5,5],"to":[11.5,30.5,9],"rotation":{"angle":0,"axis":"y","origin":[6.5,22.5,6]},"faces":{"north":{"uv":[3.25,8,3.5,9.5],"texture":"#2"},"east":{"uv":[4,5.75,5,7.25],"texture":"#2"},"south":{"uv":[3.5,8,3.75,9.5],"texture":"#2"},"west":{"uv":[5,5.75,6,7.25],"texture":"#2"},"up":{"uv":[2.5,9.25,2.25,8.25],"texture":"#2"},"down":{"uv":[2.75,8.25,2.5,9.25],"texture":"#2"}}},{"from":[8.5,25,6.5],"to":[19.5,29,7.5],"rotation":{"angle":0,"axis":"y","origin":[8.5,19,5.5]},"faces":{"north":{"uv":[0,0,2.75,1],"texture":"#2"},"east":{"uv":[5.5,2,5.75,3],"texture":"#2"},"south":{"uv":[0,1,2.75,2],"texture":"#2"},"west":{"uv":[6,8,6.25,9],"texture":"#2"},"up":{"uv":[9,5.25,6.25,5],"texture":"#2"},"down":{"uv":[9,5.25,6.25,5.5],"texture":"#2"}}},{"from":[18.31597,23.04748,6.49],"to":[23.31597,27.04748,7.51],"rotation":{"angle":-22.5,"axis":"z","origin":[23.81597,25.04748,7]},"faces":{"north":{"uv":[4.25,2,5.5,3],"texture":"#2"},"east":{"uv":[6.25,8,6.5,9],"texture":"#2"},"south":{"uv":[6,5.75,7.25,6.75],"texture":"#2"},"west":{"uv":[6.5,8,6.75,9],"texture":"#2"},"up":{"uv":[4,2,2.75,1.75],"texture":"#2"},"down":{"uv":[5,8,3.75,8.25],"texture":"#2"}}},{"from":[25.59427,23.28328,6.48],"to":[28.59427,27.28328,7.52],"rotation":{"angle":45,"axis":"z","origin":[26.59427,21.78328,7]},"faces":{"north":{"uv":[7.25,0,8,1],"texture":"#2"},"east":{"uv":[6.75,8,7,9],"texture":"#2"},"south":{"uv":[7.25,1,8,2],"texture":"#2"},"west":{"uv":[7,8,7.25,9],"texture":"#2"},"up":{"uv":[4.75,2,4,1.75],"texture":"#2"},"down":{"uv":[7,5.5,6.25,5.75],"texture":"#2"}}},{"from":[27.20482,20.91145,6.49],"to":[29.20482,23.91145,7.57],"rotation":{"angle":22.5,"axis":"z","origin":[27.20482,18.41145,7]},"faces":{"north":{"uv":[8,0.5,8.5,1.25],"texture":"#2"},"east":{"uv":[2.75,8.25,3,9],"texture":"#2"},"south":{"uv":[8,1.25,8.5,2],"texture":"#2"},"west":{"uv":[8.25,3,8.5,3.75],"texture":"#2"},"up":{"uv":[2,7,1.5,6.75],"texture":"#2"},"down":{"uv":[8,2.75,7.5,3],"texture":"#2"}}},{"from":[5.9,3.5,5.9],"to":[8.1,11.5,8.1],"rotation":{"angle":0,"axis":"y","origin":[-0.4,2,-1]},"faces":{"north":{"uv":[0,6.75,0.5,8.75],"texture":"#2"},"east":{"uv":[6.75,0,7.25,2],"texture":"#2"},"south":{"uv":[0.5,6.75,1,8.75],"texture":"#2"},"west":{"uv":[1,6.75,1.5,8.75],"texture":"#2"},"up":{"uv":[8.25,8.5,7.75,8],"texture":"#2"},"down":{"uv":[2,8.25,1.5,8.75],"texture":"#2"}}},{"from":[5.5,-8,5.5],"to":[8.5,-3,8.5],"rotation":{"angle":0,"axis":"y","origin":[8.5,4,6.5]},"faces":{"north":{"uv":[6,6.75,6.75,8],"texture":"#2"},"east":{"uv":[6.75,6.75,7.5,8],"texture":"#2"},"south":{"uv":[1.5,7,2.25,8.25],"texture":"#2"},"west":{"uv":[2.25,7,3,8.25],"texture":"#2"},"up":{"uv":[6,8,5.25,7.25],"texture":"#2"},"down":{"uv":[8,5.5,7.25,6.25],"texture":"#2"}}}],"gui_light":"front","display":{"thirdperson_righthand":{"rotation":[0,90,0],"translation":[1,-1.5,-1.25],"scale":[0.85,0.85,0.85]},"thirdperson_lefthand":{"rotation":[0,-90,0],"translation":[-0.75,-1.5,-1.25],"scale":[0.85,0.85,0.85]},"firstperson_righthand":{"rotation":[157,85,-164],"translation":[4.25,-1.5,1],"scale":[0.75,0.75,0.75]},"firstperson_lefthand":{"rotation":[153.25,-85,158],"translation":[2.5,-1.5,1],"scale":[0.75,0.75,0.75]},"ground":{"rotation":[58,0,0],"translation":[0,3,0],"scale":[0.5,0.5,0.5]},"gui":{"rotation":[2,1,-36],"translation":[-3,-1.5,0],"scale":[0.49,0.49,0.49]},"head":{"translation":[0,3,0],"scale":[0.1,0.1,0.1]},"fixed":{"translation":[-0.5,-2.25,0],"scale":[0.7,0.7,0.7]}},"groups":[{"name":"group","origin":[8.5,4,6.5],"color":0,"children":[0,1,2,3,4,5,6,7,8,9,10,11,12,13,14]}],"mcmodels":"14831e4dc6fdb61f65bab0c7e6b1b593"}