{"credit":"MadewithBlockbench","texture_size":[32,32],"textures":{"3":"workshop_six:rpg_weapons_tools/shovel_mythril"},"elements":[{"from":[7,-3,6],"to":[9,14,8],"rotation":{"angle":0,"axis":"y","origin":[8,0,6]},"faces":{"north":{"uv":[3.016,0.016,3.984,8.484],"texture":"#3"},"east":{"uv":[4.016,0.016,4.984,8.484],"texture":"#3"},"south":{"uv":[5.016,0.016,5.984,8.484],"texture":"#3"},"west":{"uv":[0.016,6.016,0.984,14.484],"texture":"#3"},"up":{"uv":[9.484,6.484,8.516,5.516],"texture":"#3"},"down":{"uv":[9.484,6.516,8.516,7.484],"texture":"#3"}}},{"from":[6.9,1,5.9],"to":[9.1,9,8.1],"rotation":{"angle":0,"axis":"y","origin":[8,11.25,7]},"faces":{"north":{"uv":[6.016,0.016,6.984,3.984],"texture":"#3"},"east":{"uv":[1.016,6.016,1.984,9.984],"texture":"#3"},"south":{"uv":[2.016,6.016,2.984,9.984],"texture":"#3"},"west":{"uv":[6.016,4.016,6.984,7.984],"texture":"#3"},"up":{"uv":[9.984,9.984,9.016,9.016],"texture":"#3"},"down":{"uv":[3.984,9.516,3.016,10.484],"texture":"#3"}}},{"from":[5,14,7],"to":[11,20,8],"rotation":{"angle":0,"axis":"y","origin":[9,14,6]},"faces":{"north":{"uv":[0.016,0.016,2.984,2.984],"texture":"#3"},"east":{"uv":[6.016,8.016,6.484,10.984],"texture":"#3"},"south":{"uv":[0.016,3.016,2.984,5.984],"texture":"#3"},"west":{"uv":[6.516,8.016,6.984,10.984],"texture":"#3"},"up":{"uv":[11.484,0.484,8.516,0.016],"texture":"#3"},"down":{"uv":[11.484,0.516,8.516,0.984],"texture":"#3"}}},{"from":[5,14,6],"to":[11,15,7],"rotation":{"angle":0,"axis":"y","origin":[8,14,5]},"faces":{"north":{"uv":[8.516,1.016,11.484,1.484],"texture":"#3"},"east":{"uv":[1.516,10.016,1.984,10.484],"texture":"#3"},"south":{"uv":[8.516,1.516,11.484,1.984],"texture":"#3"},"west":{"uv":[2.016,10.016,2.484,10.484],"texture":"#3"},"up":{"uv":[11.484,2.484,8.516,2.016],"texture":"#3"},"down":{"uv":[11.484,2.516,8.516,2.984],"texture":"#3"}}},{"from":[10,15,6],"to":[11,18,7],"rotation":{"angle":0,"axis":"y","origin":[9,15,5]},"faces":{"north":{"uv":[5.516,8.516,5.984,9.984],"texture":"#3"},"east":{"uv":[4.016,9.516,4.484,10.984],"texture":"#3"},"south":{"uv":[9.516,6.016,9.984,7.484],"texture":"#3"},"west":{"uv":[7.016,9.516,7.484,10.984],"texture":"#3"},"up":{"uv":[10.484,3.984,10.016,3.516],"texture":"#3"},"down":{"uv":[4.984,10.016,4.516,10.484],"texture":"#3"}}},{"from":[5,15,6],"to":[6,18,7],"rotation":{"angle":0,"axis":"y","origin":[4,15,5]},"faces":{"north":{"uv":[7.516,9.516,7.984,10.984],"texture":"#3"},"east":{"uv":[8.016,9.516,8.484,10.984],"texture":"#3"},"south":{"uv":[8.516,9.516,8.984,10.984],"texture":"#3"},"west":{"uv":[1.016,10.016,1.484,11.484],"texture":"#3"},"up":{"uv":[5.484,10.484,5.016,10.016],"texture":"#3"},"down":{"uv":[5.984,10.016,5.516,10.484],"texture":"#3"}}},{"from":[6,20,7],"to":[10,21,8],"rotation":{"angle":0,"axis":"y","origin":[9,21,6]},"faces":{"north":{"uv":[8.516,7.516,10.484,7.984],"texture":"#3"},"east":{"uv":[2.516,10.016,2.984,10.484],"texture":"#3"},"south":{"uv":[8.516,8.016,10.484,8.484],"texture":"#3"},"west":{"uv":[10.016,3.016,10.484,3.484],"texture":"#3"},"up":{"uv":[10.484,8.984,8.516,8.516],"texture":"#3"},"down":{"uv":[8.984,9.016,7.016,9.484],"texture":"#3"}}},{"from":[6.5,12.25,5.5],"to":[9.5,15.25,8.5],"rotation":{"angle":-45,"axis":"z","origin":[8,13.75,7]},"faces":{"north":{"uv":[7.016,0.016,8.484,1.484],"texture":"#3"},"east":{"uv":[7.016,1.516,8.484,2.984],"texture":"#3"},"south":{"uv":[7.016,3.016,8.484,4.484],"texture":"#3"},"west":{"uv":[7.016,4.516,8.484,5.984],"texture":"#3"},"up":{"uv":[8.484,7.484,7.016,6.016],"texture":"#3"},"down":{"uv":[8.484,7.516,7.016,8.984],"texture":"#3"}}},{"from":[7,12.75,5.3],"to":[9,14.75,8.7],"rotation":{"angle":-45,"axis":"z","origin":[8,13.75,7]},"faces":{"north":{"uv":[9.516,4.016,10.484,4.984],"texture":"#3"},"east":{"uv":[3.016,8.516,4.484,9.484],"texture":"#3"},"south":{"uv":[9.516,5.016,10.484,5.984],"texture":"#3"},"west":{"uv":[8.516,3.016,9.984,3.984],"texture":"#3"},"up":{"uv":[9.484,5.484,8.516,4.016],"texture":"#3"},"down":{"uv":[5.484,8.516,4.516,9.984],"texture":"#3"}}}],"gui_light":"front","display":{"thirdperson_righthand":{"rotation":[0,127,0],"translation":[1.25,1.25,-0.75]},"thirdperson_lefthand":{"rotation":[0,127,0],"translation":[0.75,1.25,-1.25]},"firstperson_righthand":{"rotation":[-11,127,0],"translation":[3.5,1.25,0.25]},"firstperson_lefthand":{"rotation":[-11,127,0],"translation":[3.5,0.75,0.25]},"ground":{"rotation":[35,0,0],"translation":[0,4,0]},"gui":{"rotation":[-180,0,-135],"translation":[-1,-1,0],"scale":[0.9,0.9,0.9]},"fixed":{"translation":[0,-1.25,0],"scale":[0.93,0.93,0.93]}},"groups":[{"name":"group","origin":[8,13.75,7],"color":0,"children":[0,1,2,3,4,5,6,7,8]}],"mcmodels":"14831e4dc6fdb61f65bab0c7e6b1b593"}