{"credit":"MadewithBlockbench","texture_size":[32,32],"textures":{"5":"workshop_six:rpg_weapons_tools/sickle_jade"},"elements":[{"from":[12.22703,20.43046,6.525],"to":[13.22703,21.43046,7.475],"rotation":{"angle":-45,"axis":"z","origin":[6.22703,16.68046,8]},"faces":{"north":{"uv":[5.516,10.016,5.984,10.484],"texture":"#5"},"east":{"uv":[6.016,10.016,6.484,10.484],"texture":"#5"},"south":{"uv":[7.516,10.016,7.984,10.484],"texture":"#5"},"west":{"uv":[10.016,7.516,10.484,7.984],"texture":"#5"},"up":{"uv":[8.484,10.484,8.016,10.016],"texture":"#5"},"down":{"uv":[10.484,8.016,10.016,8.484],"texture":"#5"}}},{"from":[7,-5,6],"to":[9,7,8],"rotation":{"angle":0,"axis":"z","origin":[8,10.25,7]},"faces":{"north":{"uv":[0.016,0.016,0.984,5.984],"texture":"#5"},"east":{"uv":[1.016,0.016,1.984,5.984],"texture":"#5"},"south":{"uv":[2.016,0.016,2.984,5.984],"texture":"#5"},"west":{"uv":[3.016,0.016,3.984,5.984],"texture":"#5"},"up":{"uv":[8.484,9.984,7.516,9.016],"texture":"#5"},"down":{"uv":[9.984,7.516,9.016,8.484],"texture":"#5"}}},{"from":[6.9,-3,5.9],"to":[9.1,5,8.1],"rotation":{"angle":0,"axis":"z","origin":[8,7.25,7]},"faces":{"north":{"uv":[4.016,0.016,4.984,3.984],"texture":"#5"},"east":{"uv":[4.016,4.016,4.984,7.984],"texture":"#5"},"south":{"uv":[5.016,0.016,5.984,3.984],"texture":"#5"},"west":{"uv":[5.016,4.016,5.984,7.984],"texture":"#5"},"up":{"uv":[2.984,10.484,2.016,9.516],"texture":"#5"},"down":{"uv":[10.484,4.016,9.516,4.984],"texture":"#5"}}},{"from":[8.95,6.5,5.5],"to":[11.95,9.5,8.5],"rotation":{"angle":45,"axis":"z","origin":[9.95,4.75,7]},"faces":{"north":{"uv":[6.016,4.016,7.484,5.484],"texture":"#5"},"east":{"uv":[6.016,5.516,7.484,6.984],"texture":"#5"},"south":{"uv":[7.016,0.016,8.484,1.484],"texture":"#5"},"west":{"uv":[1.016,7.016,2.484,8.484],"texture":"#5"},"up":{"uv":[8.484,2.984,7.016,1.516],"texture":"#5"},"down":{"uv":[3.984,7.016,2.516,8.484],"texture":"#5"}}},{"from":[9.45,7,5.2],"to":[11.45,9,8.8],"rotation":{"angle":45,"axis":"z","origin":[9.95,4.75,7]},"faces":{"north":{"uv":[1.016,9.516,1.984,10.484],"texture":"#5"},"east":{"uv":[4.016,8.016,5.984,8.984],"texture":"#5"},"south":{"uv":[9.516,1.016,10.484,1.984],"texture":"#5"},"west":{"uv":[6.016,8.016,7.984,8.984],"texture":"#5"},"up":{"uv":[8.984,8.984,8.016,7.016],"texture":"#5"},"down":{"uv":[9.484,0.016,8.516,1.984],"texture":"#5"}}},{"from":[5,7,6.475],"to":[8,9,7.525],"rotation":{"angle":0,"axis":"z","origin":[9,4.25,8]},"faces":{"north":{"uv":[3.016,9.016,4.484,9.984],"texture":"#5"},"east":{"uv":[6.516,9.516,6.984,10.484],"texture":"#5"},"south":{"uv":[9.016,3.016,10.484,3.984],"texture":"#5"},"west":{"uv":[7.016,9.516,7.484,10.484],"texture":"#5"},"up":{"uv":[10.984,5.984,9.516,5.516],"texture":"#5"},"down":{"uv":[10.984,6.016,9.516,6.484],"texture":"#5"}}},{"from":[6.67297,11.25546,6.525],"to":[10.67297,13.25546,7.475],"rotation":{"angle":-45,"axis":"z","origin":[2.67297,16.00546,8]},"faces":{"north":{"uv":[6.016,7.016,7.984,7.984],"texture":"#5"},"east":{"uv":[8.516,9.516,8.984,10.484],"texture":"#5"},"south":{"uv":[7.516,4.016,9.484,4.984],"texture":"#5"},"west":{"uv":[9.016,9.516,9.484,10.484],"texture":"#5"},"up":{"uv":[10.484,9.484,8.516,9.016],"texture":"#5"},"down":{"uv":[10.984,8.516,9.016,8.984],"texture":"#5"}}},{"from":[6.67297,12.39454,6.525],"to":[10.67297,14.39454,7.475],"rotation":{"angle":45,"axis":"z","origin":[2.67297,9.64454,8]},"faces":{"north":{"uv":[1.016,8.516,2.984,9.484],"texture":"#5"},"east":{"uv":[4.516,10.016,4.984,10.984],"texture":"#5"},"south":{"uv":[8.516,2.016,10.484,2.984],"texture":"#5"},"west":{"uv":[5.016,10.016,5.484,10.984],"texture":"#5"},"up":{"uv":[6.484,9.984,4.516,9.516],"texture":"#5"},"down":{"uv":[11.484,5.016,9.516,5.484],"texture":"#5"}}},{"from":[5,16.65,6.475],"to":[11,18.65,7.525],"rotation":{"angle":0,"axis":"z","origin":[10,21.4,8]},"faces":{"north":{"uv":[1.016,6.016,3.984,6.984],"texture":"#5"},"east":{"uv":[3.516,10.016,3.984,10.984],"texture":"#5"},"south":{"uv":[6.016,3.016,8.984,3.984],"texture":"#5"},"west":{"uv":[4.016,10.016,4.484,10.984],"texture":"#5"},"up":{"uv":[7.484,9.484,4.516,9.016],"texture":"#5"},"down":{"uv":[11.984,7.016,9.016,7.484],"texture":"#5"}}},{"from":[2.14797,9.83046,6.5],"to":[4.14797,15.83046,7.5],"rotation":{"angle":0,"axis":"z","origin":[6.89797,17.83046,8]},"faces":{"north":{"uv":[0.016,6.016,0.984,8.984],"texture":"#5"},"east":{"uv":[0.016,9.016,0.484,11.984],"texture":"#5"},"south":{"uv":[6.016,0.016,6.984,2.984],"texture":"#5"},"west":{"uv":[0.516,9.016,0.984,11.984],"texture":"#5"},"up":{"uv":[3.984,8.984,3.016,8.516],"texture":"#5"},"down":{"uv":[10.484,6.516,9.516,6.984],"texture":"#5"}}},{"from":[8.22703,19.43046,6.525],"to":[12.22703,21.43046,7.475],"rotation":{"angle":-45,"axis":"z","origin":[6.22703,16.68046,8]},"faces":{"north":{"uv":[7.516,5.016,9.484,5.984],"texture":"#5"},"east":{"uv":[9.516,9.516,9.984,10.484],"texture":"#5"},"south":{"uv":[7.516,6.016,9.484,6.984],"texture":"#5"},"west":{"uv":[3.016,10.016,3.484,10.984],"texture":"#5"},"up":{"uv":[11.484,0.484,9.516,0.016],"texture":"#5"},"down":{"uv":[11.484,0.516,9.516,0.984],"texture":"#5"}}}],"gui_light":"front","display":{"thirdperson_righthand":{"rotation":[-120.3,88.98,121.4],"translation":[1,5,-0.25]},"thirdperson_lefthand":{"rotation":[0,-91,0],"translation":[-1.5,5,-0.5]},"firstperson_righthand":{"rotation":[42,104,-47],"translation":[8.5,1.25,-6.5]},"firstperson_lefthand":{"rotation":[-175.86,-82.79,-172.9],"translation":[11.5,1.25,-8.5]},"ground":{"rotation":[46,0,0],"translation":[0,4,0]},"gui":{"rotation":[5.68,14.73,-46.42],"translation":[0.25,0,0],"scale":[0.8,0.8,0.8]},"fixed":{"translation":[0,1.5,0]}},"groups":[{"name":"group","origin":[6.22703,16.68046,8],"color":0,"children":[0,1,2,3,4,5,6,7,8,9,10]}],"mcmodels":"14831e4dc6fdb61f65bab0c7e6b1b593"}