{"credit":"Made with Blockbench","texture_size":[32,32],"textures":{"3":"workshop_six:rpg_weapons_tools/spear_iron"},"elements":[{"from":[6.75,-12,7],"to":[8.75,20,9],"rotation":{"angle":0,"axis":"y","origin":[6.75,0,7]},"faces":{"north":{"uv":[0,0,1,16],"texture":"#3"},"east":{"uv":[1,0,2,16],"texture":"#3"},"south":{"uv":[2,0,3,16],"texture":"#3"},"west":{"uv":[3,0,4,16],"texture":"#3"},"up":{"uv":[12,5,11,4],"texture":"#3"},"down":{"uv":[12.5,5,11.5,6],"texture":"#3"}}},{"from":[6.25,19,6.5],"to":[9.25,21,9.5],"rotation":{"angle":0,"axis":"y","origin":[6.25,26,7.5]},"faces":{"north":{"uv":[10.5,10,12,11],"texture":"#3"},"east":{"uv":[11,1,12.5,2],"texture":"#3"},"south":{"uv":[11,2,12.5,3],"texture":"#3"},"west":{"uv":[11,3,12.5,4],"texture":"#3"},"up":{"uv":[11.5,8.5,10,7],"texture":"#3"},"down":{"uv":[10.5,10,9,11.5],"texture":"#3"}}},{"from":[5.75,22.5,7.5],"to":[9.75,27.5,8.5],"rotation":{"angle":0,"axis":"y","origin":[5.75,36.25,7.5]},"faces":{"north":{"uv":[4,0,6,2.5],"texture":"#3"},"east":{"uv":[10.5,11,11,13.5],"texture":"#3"},"south":{"uv":[4,2.5,6,5],"texture":"#3"},"west":{"uv":[11,11,11.5,13.5],"texture":"#3"},"up":{"uv":[12,9,10,8.5],"texture":"#3"},"down":{"uv":[8,11.5,6,12],"texture":"#3"}}},{"from":[6.25,27.5,7.5],"to":[9.25,30.5,8.5],"rotation":{"angle":0,"axis":"y","origin":[5.75,38,7.5]},"faces":{"north":{"uv":[9.5,1,11,2.5],"texture":"#3"},"east":{"uv":[8.5,6,9,7.5],"texture":"#3"},"south":{"uv":[9.5,2.5,11,4],"texture":"#3"},"west":{"uv":[10,11.5,10.5,13],"texture":"#3"},"up":{"uv":[13,8.5,11.5,8],"texture":"#3"},"down":{"uv":[13,9,11.5,9.5],"texture":"#3"}}},{"from":[7.25,30.5,7.5],"to":[8.25,31.5,8.5],"rotation":{"angle":0,"axis":"y","origin":[5.75,41,7.5]},"faces":{"north":{"uv":[8.5,7.5,9,8],"texture":"#3"},"east":{"uv":[9.5,5.5,10,6],"texture":"#3"},"south":{"uv":[11,5,11.5,5.5],"texture":"#3"},"west":{"uv":[11.5,9.5,12,10],"texture":"#3"},"up":{"uv":[12,11.5,11.5,11],"texture":"#3"},"down":{"uv":[12,11.5,11.5,12],"texture":"#3"}}},{"from":[5.25,22,6.75],"to":[10.25,24,9.25],"rotation":{"angle":0,"axis":"y","origin":[5.75,26,8]},"faces":{"north":{"uv":[9,9,11.5,10],"texture":"#3"},"east":{"uv":[6,10.5,7.5,11.5],"texture":"#3"},"south":{"uv":[9.5,0,12,1],"texture":"#3"},"west":{"uv":[7.5,10.5,9,11.5],"texture":"#3"},"up":{"uv":[9.5,1.5,7,0],"texture":"#3"},"down":{"uv":[9.5,1.5,7,3],"texture":"#3"}}},{"from":[6.75,19.75,7],"to":[8.75,26,9],"rotation":{"angle":0,"axis":"y","origin":[5.75,28,8]},"faces":{"north":{"uv":[8.5,3,9.5,6],"texture":"#3"},"east":{"uv":[4,9,5,12],"texture":"#3"},"south":{"uv":[5,9,6,12],"texture":"#3"},"west":{"uv":[9,6,10,9],"texture":"#3"},"up":{"uv":[12.5,7,11.5,6],"texture":"#3"},"down":{"uv":[12.5,7,11.5,8],"texture":"#3"}}},{"from":[6.25,-13.25,6.6],"to":[9.25,-8.25,9.4],"rotation":{"angle":0,"axis":"z","origin":[7.75,-12.75,8.1]},"faces":{"north":{"uv":[7,3,8.5,5.5],"texture":"#3"},"east":{"uv":[7,5.5,8.5,8],"texture":"#3"},"south":{"uv":[6,8,7.5,10.5],"texture":"#3"},"west":{"uv":[7.5,8,9,10.5],"texture":"#3"},"up":{"uv":[11,5.5,9.5,4],"texture":"#3"},"down":{"uv":[11.5,5.5,10,7],"texture":"#3"}}},{"from":[6.65,-1.5,6.9],"to":[8.85,6.5,9.1],"rotation":{"angle":0,"axis":"y","origin":[15.75,-3,0.6]},"faces":{"north":{"uv":[4,5,5,9],"texture":"#3"},"east":{"uv":[5,5,6,9],"texture":"#3"},"south":{"uv":[6,0,7,4],"texture":"#3"},"west":{"uv":[6,4,7,8],"texture":"#3"},"up":{"uv":[9,12.5,8,11.5],"texture":"#3"},"down":{"uv":[10,11.5,9,12.5],"texture":"#3"}}}],"gui_light":"front","display":{"thirdperson_righthand":{"rotation":[0,-90,0],"translation":[0,2.25,0],"scale":[0.8,0.8,0.8]},"thirdperson_lefthand":{"rotation":[0,89,0],"translation":[-0.25,2.25,-0.5],"scale":[0.8,0.8,0.8]},"firstperson_righthand":{"rotation":[59.71,-82.24,156.99],"translation":[5.75,13,1],"scale":[0.8,0.8,0.8]},"firstperson_lefthand":{"rotation":[1,102,-8],"translation":[3.25,3.25,0.25],"scale":[0.8,0.8,0.8]},"ground":{"rotation":[46,0,0],"translation":[0,5.5,0],"scale":[0.6,0.6,0.6]},"gui":{"rotation":[18,0.3,-45.04],"translation":[-0.25,-0.25,0],"scale":[0.51,0.51,0.51]},"head":{"scale":[0.12,0.12,0.12]},"fixed":{"translation":[0,0.25,-0.25],"scale":[0.7,0.7,0.7]}},"groups":[{"name":"group","origin":[15.75,-3,0.6],"color":0,"children":[0,1,2,3,4,5,6,7,8]}],"mcmodels":"14831e4dc6fdb61f65bab0c7e6b1b593"}