{"credit":"MadewithBlockbench","texture_size":[32,32],"textures":{"6":"workshop_six:rpg_weapons_tools/spear_jade"},"elements":[{"from":[6.75,-12,7],"to":[8.75,13,9],"rotation":{"angle":0,"axis":"y","origin":[6.75,0,7]},"faces":{"north":{"uv":[0.016,0.016,0.984,12.484],"texture":"#6"},"east":{"uv":[1.016,0.016,1.984,12.484],"texture":"#6"},"south":{"uv":[2.016,0.016,2.984,12.484],"texture":"#6"},"west":{"uv":[3.016,0.016,3.984,12.484],"texture":"#6"},"up":{"uv":[12.984,9.484,12.016,8.516],"texture":"#6"},"down":{"uv":[1.484,12.516,0.516,13.484],"texture":"#6"}}},{"from":[6.25,-10.5,6.5],"to":[9.25,-9.5,9.5],"rotation":{"angle":0,"axis":"y","origin":[7.25,1.5,6.5]},"faces":{"north":{"uv":[12.516,11.516,13.984,11.984],"texture":"#6"},"east":{"uv":[12.516,12.016,13.984,12.484],"texture":"#6"},"south":{"uv":[13.016,0.016,14.484,0.484],"texture":"#6"},"west":{"uv":[13.016,0.516,14.484,0.984],"texture":"#6"},"up":{"uv":[12.984,6.984,11.516,5.516],"texture":"#6"},"down":{"uv":[12.984,7.016,11.516,8.484],"texture":"#6"}}},{"from":[6.25,13,6.5],"to":[9.25,21,9.5],"rotation":{"angle":0,"axis":"y","origin":[6.25,26,7.5]},"faces":{"north":{"uv":[4.016,0.016,5.484,3.984],"texture":"#6"},"east":{"uv":[4.016,4.016,5.484,7.984],"texture":"#6"},"south":{"uv":[5.516,0.016,6.984,3.984],"texture":"#6"},"west":{"uv":[5.516,4.016,6.984,7.984],"texture":"#6"},"up":{"uv":[11.484,5.484,10.016,4.016],"texture":"#6"},"down":{"uv":[11.484,5.516,10.016,6.984],"texture":"#6"}}},{"from":[5.75,22.5,7.5],"to":[9.75,27.5,8.5],"rotation":{"angle":0,"axis":"y","origin":[5.75,36.25,7.5]},"faces":{"north":{"uv":[7.016,0.016,8.984,2.484],"texture":"#6"},"east":{"uv":[5.516,12.016,5.984,14.484],"texture":"#6"},"south":{"uv":[7.016,2.516,8.984,4.984],"texture":"#6"},"west":{"uv":[0.016,12.516,0.484,14.984],"texture":"#6"},"up":{"uv":[13.984,9.984,12.016,9.516],"texture":"#6"},"down":{"uv":[3.484,12.516,1.516,12.984],"texture":"#6"}}},{"from":[6.25,27.5,7.5],"to":[9.25,30.5,8.5],"rotation":{"angle":0,"axis":"y","origin":[5.75,38,7.5]},"faces":{"north":{"uv":[10.016,7.016,11.484,8.484],"texture":"#6"},"east":{"uv":[3.516,12.516,3.984,13.984],"texture":"#6"},"south":{"uv":[8.016,10.016,9.484,11.484],"texture":"#6"},"west":{"uv":[11.016,12.516,11.484,13.984],"texture":"#6"},"up":{"uv":[13.984,11.484,12.516,11.016],"texture":"#6"},"down":{"uv":[12.984,12.516,11.516,12.984],"texture":"#6"}}},{"from":[7.25,30.5,7.5],"to":[8.25,31.5,8.5],"rotation":{"angle":0,"axis":"y","origin":[5.75,41,7.5]},"faces":{"north":{"uv":[10.016,8.516,10.484,8.984],"texture":"#6"},"east":{"uv":[13.016,1.016,13.484,1.484],"texture":"#6"},"south":{"uv":[1.516,13.016,1.984,13.484],"texture":"#6"},"west":{"uv":[13.016,1.516,13.484,1.984],"texture":"#6"},"up":{"uv":[2.484,13.484,2.016,13.016],"texture":"#6"},"down":{"uv":[13.484,2.016,13.016,2.484],"texture":"#6"}}},{"from":[5.25,22,6.75],"to":[10.25,24,9.25],"rotation":{"angle":0,"axis":"y","origin":[5.75,26,8]},"faces":{"north":{"uv":[8.016,9.016,10.484,9.984],"texture":"#6"},"east":{"uv":[8.016,11.516,9.484,12.484],"texture":"#6"},"south":{"uv":[10.016,3.016,12.484,3.984],"texture":"#6"},"west":{"uv":[9.516,11.516,10.984,12.484],"texture":"#6"},"up":{"uv":[11.484,1.484,9.016,0.016],"texture":"#6"},"down":{"uv":[11.484,1.516,9.016,2.984],"texture":"#6"}}},{"from":[6.75,19.75,7],"to":[8.75,26,9],"rotation":{"angle":0,"axis":"y","origin":[5.75,28,8]},"faces":{"north":{"uv":[6.016,8.016,6.984,10.984],"texture":"#6"},"east":{"uv":[9.016,3.016,9.984,5.984],"texture":"#6"},"south":{"uv":[9.016,6.016,9.984,8.984],"texture":"#6"},"west":{"uv":[7.016,9.016,7.984,11.984],"texture":"#6"},"up":{"uv":[13.484,3.984,12.516,3.016],"texture":"#6"},"down":{"uv":[6.984,12.516,6.016,13.484],"texture":"#6"}}},{"from":[6.25,-14.25,6.6],"to":[9.25,-11.25,9.4],"rotation":{"angle":45,"axis":"z","origin":[7.75,-12.75,8.1]},"faces":{"north":{"uv":[9.516,10.016,10.984,11.484],"texture":"#6"},"east":{"uv":[10.516,8.516,11.984,9.984],"texture":"#6"},"south":{"uv":[11.016,10.016,12.484,11.484],"texture":"#6"},"west":{"uv":[11.516,0.016,12.984,1.484],"texture":"#6"},"up":{"uv":[12.984,2.984,11.516,1.516],"texture":"#6"},"down":{"uv":[12.984,4.016,11.516,5.484],"texture":"#6"}}},{"from":[6.75,-13.75,6.5],"to":[8.75,-11.75,9.5],"rotation":{"angle":45,"axis":"z","origin":[7.75,-12.75,8.1]},"faces":{"north":{"uv":[8.016,12.516,8.984,13.484],"texture":"#6"},"east":{"uv":[11.016,11.516,12.484,12.484],"texture":"#6"},"south":{"uv":[9.016,12.516,9.984,13.484],"texture":"#6"},"west":{"uv":[4.016,12.016,5.484,12.984],"texture":"#6"},"up":{"uv":[6.984,12.484,6.016,11.016],"texture":"#6"},"down":{"uv":[7.984,12.016,7.016,13.484],"texture":"#6"}}},{"from":[6.65,-1.5,6.9],"to":[8.85,6.5,9.1],"rotation":{"angle":0,"axis":"y","origin":[15.75,-3,0.6]},"faces":{"north":{"uv":[7.016,5.016,7.984,8.984],"texture":"#6"},"east":{"uv":[4.016,8.016,4.984,11.984],"texture":"#6"},"south":{"uv":[5.016,8.016,5.984,11.984],"texture":"#6"},"west":{"uv":[8.016,5.016,8.984,8.984],"texture":"#6"},"up":{"uv":[10.984,13.484,10.016,12.516],"texture":"#6"},"down":{"uv":[13.484,10.016,12.516,10.984],"texture":"#6"}}}],"gui_light":"front","display":{"thirdperson_righthand":{"rotation":[0,-90,0],"translation":[0,2.25,0],"scale":[0.8,0.8,0.8]},"thirdperson_lefthand":{"rotation":[0,89,0],"translation":[-0.25,2.25,-0.5],"scale":[0.8,0.8,0.8]},"firstperson_righthand":{"rotation":[59.71,-82.24,156.99],"translation":[5.75,13,1],"scale":[0.8,0.8,0.8]},"firstperson_lefthand":{"rotation":[1,102,-8],"translation":[3.25,3.25,0.25],"scale":[0.8,0.8,0.8]},"ground":{"rotation":[46,0,0],"translation":[0,5.5,0],"scale":[0.6,0.6,0.6]},"gui":{"rotation":[18,0.3,-45.04],"translation":[-0.25,-0.25,0],"scale":[0.51,0.51,0.51]},"head":{"scale":[0.12,0.12,0.12]},"fixed":{"translation":[0,0.25,-0.25],"scale":[0.7,0.7,0.7]}},"groups":[{"name":"group","origin":[15.75,-3,0.6],"color":0,"children":[0,1,2,3,4,5,6,7,8,9,10]}],"mcmodels":"14831e4dc6fdb61f65bab0c7e6b1b593"}