{"model":{"type":"range_dispatch","property":"custom_model_data","index":0,"fallback":{"on_true":{"fallback":{"model":"item/bow_pulling_0","type":"model"},"property":"use_duration","scale":0.05,"entries":[{"model":{"type":"model","model":"item/bow_pulling_1"},"threshold":0.65},{"model":{"type":"model","model":"item/bow_pulling_2"},"threshold":0.9}],"type":"range_dispatch"},"type":"condition","on_false":{"type":"model","model":"item/bow"},"property":"using_item"},"entries":[{"threshold":10005,"model":{"on_true":{"fallback":{"model":"elitecreatures:demonking_assortment/bow_0","type":"model"},"property":"use_duration","scale":0.05,"entries":[{"threshold":0.65,"model":{"type":"model","model":"elitecreatures:demonking_assortment/bow_1"}},{"threshold":0.9,"model":{"type":"model","model":"elitecreatures:demonking_assortment/bow_2"}}],"type":"range_dispatch"},"type":"condition","on_false":{"type":"model","model":"elitecreatures:demonking_assortment/bow"},"property":"using_item"}},{"threshold":10006,"model":{"on_true":{"fallback":{"model":"pirate_reasure_set:bow_0","type":"model"},"property":"use_duration","scale":0.05,"entries":[{"threshold":0.65,"model":{"type":"model","model":"pirate_reasure_set:bow_1"}},{"threshold":0.9,"model":{"type":"model","model":"pirate_reasure_set:bow_2"}}],"type":"range_dispatch"},"type":"condition","on_false":{"type":"model","model":"pirate_reasure_set:bow"},"property":"using_item"}},{"threshold":10007,"model":{"on_true":{"fallback":{"model":"elitecreatures:valkyrie_animated_v2/bow_0","type":"model"},"property":"use_duration","scale":0.05,"entries":[{"threshold":0.65,"model":{"type":"model","model":"elitecreatures:valkyrie_animated_v2/bow_1"}},{"threshold":0.9,"model":{"type":"model","model":"elitecreatures:valkyrie_animated_v2/bow_2"}}],"type":"range_dispatch"},"type":"condition","on_false":{"type":"model","model":"elitecreatures:valkyrie_animated_v2/bow"},"property":"using_item"}},{"threshold":10008,"model":{"on_true":{"fallback":{"model":"elitecreatures:knight_assortment/bow_0","type":"model"},"property":"use_duration","scale":0.05,"entries":[{"threshold":0.65,"model":{"type":"model","model":"elitecreatures:knight_assortment/bow_1"}},{"threshold":0.9,"model":{"type":"model","model":"elitecreatures:knight_assortment/bow_2"}}],"type":"range_dispatch"},"type":"condition","on_false":{"type":"model","model":"elitecreatures:knight_assortment/bow"},"property":"using_item"}},{"threshold":10009,"model":{"on_true":{"fallback":{"model":"elitecreatures:arthur_assortment/bow_0","type":"model"},"property":"use_duration","scale":0.05,"entries":[{"threshold":0.65,"model":{"type":"model","model":"elitecreatures:arthur_assortment/bow_1"}},{"threshold":0.9,"model":{"type":"model","model":"elitecreatures:arthur_assortment/bow_2"}}],"type":"range_dispatch"},"type":"condition","on_false":{"type":"model","model":"elitecreatures:arthur_assortment/bow"},"property":"using_item"}},{"threshold":10010,"model":{"on_true":{"fallback":{"model":"item/bow","type":"model"},"property":"use_duration","scale":0.05,"entries":[],"type":"range_dispatch"},"type":"condition","on_false":{"type":"model","model":"item/bow"},"property":"using_item"}}]}}