{"model":{"type":"range_dispatch","property":"custom_model_data","index":0,"fallback":{"on_false":{"property":"charge_type","type":"select","cases":[{"model":{"type":"model","model":"item/crossbow_arrow"},"when":"arrow"},{"model":{"type":"model","model":"item/crossbow_firework"},"when":"rocket"}],"fallback":{"type":"model","model":"item/crossbow"}},"on_true":{"type":"range_dispatch","property":"crossbow/pull","fallback":{"model":"item/crossbow_pulling_0","type":"model"},"entries":[{"model":{"type":"model","model":"item/crossbow_pulling_1"},"threshold":0.58},{"model":{"type":"model","model":"item/crossbow_pulling_2"},"threshold":1}]},"property":"using_item","type":"condition"},"entries":[{"threshold":10002,"model":{"on_false":{"property":"charge_type","type":"select","cases":[{"model":{"type":"model","model":"elitecreatures:demonking_assortment/crossbow_charged"},"when":"arrow"},{"model":{"type":"model","model":"elitecreatures:demonking_assortment/crossbow_firework"},"when":"rocket"}],"fallback":{"type":"model","model":"elitecreatures:demonking_assortment/crossbow"},"model":"elitecreatures:demonking_assortment/crossbow"},"on_true":{"type":"range_dispatch","property":"crossbow/pull","fallback":{"model":"elitecreatures:demonking_assortment/crossbow","type":"model"},"entries":[{"threshold":0.58,"model":{"type":"model","model":"elitecreatures:demonking_assortment/crossbow_1"}},{"threshold":1.0,"model":{"type":"model","model":"elitecreatures:demonking_assortment/crossbow_2"}}]},"property":"using_item","type":"condition"}},{"threshold":10003,"model":{"on_false":{"property":"charge_type","type":"select","cases":[{"model":{"type":"model","model":"pirate_reasure_set:crossbow_charged"},"when":"arrow"},{"model":{"type":"model","model":"pirate_reasure_set:crossbow_firework"},"when":"rocket"}],"fallback":{"type":"model","model":"pirate_reasure_set:crossbow"},"model":"pirate_reasure_set:crossbow"},"on_true":{"type":"range_dispatch","property":"crossbow/pull","fallback":{"model":"pirate_reasure_set:crossbow","type":"model"},"entries":[{"threshold":0.58,"model":{"type":"model","model":"pirate_reasure_set:crossbow_1"}},{"threshold":1.0,"model":{"type":"model","model":"pirate_reasure_set:crossbow_2"}}]},"property":"using_item","type":"condition"}},{"threshold":10004,"model":{"on_false":{"property":"charge_type","type":"select","cases":[{"model":{"type":"model","model":"elitecreatures:valkyrie_animated_v2/crossbow_charged"},"when":"arrow"},{"model":{"type":"model","model":"elitecreatures:valkyrie_animated_v2/crossbow_firework"},"when":"rocket"}],"fallback":{"type":"model","model":"elitecreatures:valkyrie_animated_v2/crossbow"},"model":"elitecreatures:valkyrie_animated_v2/crossbow"},"on_true":{"type":"range_dispatch","property":"crossbow/pull","fallback":{"model":"elitecreatures:valkyrie_animated_v2/crossbow","type":"model"},"entries":[{"threshold":0.58,"model":{"type":"model","model":"elitecreatures:valkyrie_animated_v2/crossbow_1"}},{"threshold":1.0,"model":{"type":"model","model":"elitecreatures:valkyrie_animated_v2/crossbow_2"}}]},"property":"using_item","type":"condition"}},{"threshold":10005,"model":{"on_false":{"property":"charge_type","type":"select","cases":[{"model":{"type":"model","model":"elitecreatures:knight_assortment/crossbow_charged"},"when":"arrow"},{"model":{"type":"model","model":"elitecreatures:knight_assortment/crossbow_firework"},"when":"rocket"}],"fallback":{"type":"model","model":"elitecreatures:knight_assortment/crossbow"},"model":"elitecreatures:knight_assortment/crossbow"},"on_true":{"type":"range_dispatch","property":"crossbow/pull","fallback":{"model":"elitecreatures:knight_assortment/crossbow","type":"model"},"entries":[{"threshold":0.58,"model":{"type":"model","model":"elitecreatures:knight_assortment/crossbow_1"}},{"threshold":1.0,"model":{"type":"model","model":"elitecreatures:knight_assortment/crossbow_2"}}]},"property":"using_item","type":"condition"}},{"threshold":10006,"model":{"on_false":{"property":"charge_type","type":"select","cases":[{"model":{"type":"model","model":"elitecreatures:arthur_assortment/crossbow_charged"},"when":"arrow"},{"model":{"type":"model","model":"elitecreatures:arthur_assortment/crossbow_firework"},"when":"rocket"}],"fallback":{"type":"model","model":"elitecreatures:arthur_assortment/crossbow"},"model":"elitecreatures:arthur_assortment/crossbow"},"on_true":{"type":"range_dispatch","property":"crossbow/pull","fallback":{"model":"elitecreatures:arthur_assortment/crossbow","type":"model"},"entries":[{"threshold":0.58,"model":{"type":"model","model":"elitecreatures:arthur_assortment/crossbow_1"}},{"threshold":1.0,"model":{"type":"model","model":"elitecreatures:arthur_assortment/crossbow_2"}}]},"property":"using_item","type":"condition"}},{"threshold":10007,"model":{"on_false":{"property":"charge_type","type":"select","cases":[{"model":{"type":"model","model":"item/crossbow_arrow"},"when":"arrow"},{"model":{"type":"model","model":"item/crossbow_firework"},"when":"rocket"}],"fallback":{"type":"model","model":"item/crossbow"},"model":"item/crossbow"},"on_true":{"type":"range_dispatch","property":"crossbow/pull","fallback":{"model":"item/crossbow","type":"model"},"entries":[]},"property":"using_item","type":"condition"}}]}}