{"model":{"type":"range_dispatch","property":"custom_model_data","index":0,"fallback":{"model":"item/diamond_sword","type":"model"},"entries":[{"threshold":10011,"model":{"model":"elitecreatures:demonking_assortment/sword","type":"model"}},{"threshold":10012,"model":{"model":"elitecreatures:demonking_assortment/hammer","type":"model"}},{"threshold":10013,"model":{"model":"elitecreatures:demonking_assortment/battle_axe","type":"model"}},{"threshold":10014,"model":{"model":"elitecreatures:demonking_assortment/staff","type":"model"}},{"threshold":10015,"model":{"model":"pirate_reasure_set:chest","type":"model"}},{"threshold":10016,"model":{"model":"pirate_reasure_set:dagger","type":"model"}},{"threshold":10017,"model":{"model":"pirate_reasure_set:hammer","type":"model"}},{"threshold":10019,"model":{"model":"pirate_reasure_set:key","type":"model"}},{"threshold":10020,"model":{"model":"pirate_reasure_set:rapier_sword","type":"model"}},{"threshold":10021,"model":{"model":"pirate_reasure_set:scythe","type":"model"}},{"threshold":10022,"model":{"model":"pirate_reasure_set:spear","type":"model"}},{"threshold":10023,"model":{"model":"pirate_reasure_set:staff","type":"model"}},{"threshold":10024,"model":{"model":"pirate_reasure_set:sword","type":"model"}},{"threshold":10025,"model":{"model":"pirate_reasure_set:trident","type":"model"}},{"threshold":10036,"model":{"model":"workshop_six:rpg_weapons_tools/harp_copper","type":"model"}},{"threshold":10037,"model":{"model":"workshop_six:rpg_weapons_tools/harp_iron","type":"model"}},{"threshold":10038,"model":{"model":"workshop_six:rpg_weapons_tools/harp_gold","type":"model"}},{"threshold":10039,"model":{"model":"workshop_six:rpg_weapons_tools/harp_diamond","type":"model"}},{"threshold":10040,"model":{"model":"workshop_six:rpg_weapons_tools/harp_netherite","type":"model"}},{"threshold":10041,"model":{"model":"workshop_six:rpg_weapons_tools/harp_amber","type":"model"}},{"threshold":10042,"model":{"model":"workshop_six:rpg_weapons_tools/harp_ruby","type":"model"}},{"threshold":10043,"model":{"model":"workshop_six:rpg_weapons_tools/harp_jade","type":"model"}},{"threshold":10044,"model":{"model":"workshop_six:rpg_weapons_tools/harp_mythril","type":"model"}},{"threshold":10045,"model":{"model":"workshop_six:rpg_weapons_tools/harp_iridium","type":"model"}},{"threshold":10046,"model":{"model":"workshop_six:rpg_weapons_tools/flintlock_copper","type":"model"}},{"threshold":10047,"model":{"model":"workshop_six:rpg_weapons_tools/flintlock_iron","type":"model"}},{"threshold":10048,"model":{"model":"workshop_six:rpg_weapons_tools/flintlock_gold","type":"model"}},{"threshold":10049,"model":{"model":"workshop_six:rpg_weapons_tools/flintlock_diamond","type":"model"}},{"threshold":10050,"model":{"model":"workshop_six:rpg_weapons_tools/flintlock_netherite","type":"model"}},{"threshold":10051,"model":{"model":"workshop_six:rpg_weapons_tools/flintlock_amber","type":"model"}},{"threshold":10052,"model":{"model":"workshop_six:rpg_weapons_tools/flintlock_ruby","type":"model"}},{"threshold":10053,"model":{"model":"workshop_six:rpg_weapons_tools/flintlock_jade","type":"model"}},{"threshold":10054,"model":{"model":"workshop_six:rpg_weapons_tools/flintlock_mythril","type":"model"}},{"threshold":10055,"model":{"model":"workshop_six:rpg_weapons_tools/flintlock_iridium","type":"model"}},{"threshold":10056,"model":{"model":"workshop_six:rpg_weapons_tools/destruction_staff_copper","type":"model"}},{"threshold":10057,"model":{"model":"workshop_six:rpg_weapons_tools/destruction_staff_iron","type":"model"}},{"threshold":10058,"model":{"model":"workshop_six:rpg_weapons_tools/destruction_staff_gold","type":"model"}},{"threshold":10059,"model":{"model":"workshop_six:rpg_weapons_tools/destruction_staff_diamond","type":"model"}},{"threshold":10060,"model":{"model":"workshop_six:rpg_weapons_tools/destruction_staff_netherite","type":"model"}},{"threshold":10061,"model":{"model":"workshop_six:rpg_weapons_tools/destruction_staff_amber","type":"model"}},{"threshold":10062,"model":{"model":"workshop_six:rpg_weapons_tools/destruction_staff_ruby","type":"model"}},{"threshold":10063,"model":{"model":"workshop_six:rpg_weapons_tools/destruction_staff_jade","type":"model"}},{"threshold":10064,"model":{"model":"workshop_six:rpg_weapons_tools/destruction_staff_mythril","type":"model"}},{"threshold":10065,"model":{"model":"workshop_six:rpg_weapons_tools/destruction_staff_iridium","type":"model"}},{"threshold":10066,"model":{"model":"workshop_six:rpg_weapons_tools/gauntlet_copper","type":"model"}},{"threshold":10067,"model":{"model":"workshop_six:rpg_weapons_tools/gauntlet_iron","type":"model"}},{"threshold":10068,"model":{"model":"workshop_six:rpg_weapons_tools/gauntlet_gold","type":"model"}},{"threshold":10069,"model":{"model":"workshop_six:rpg_weapons_tools/gauntlet_diamond","type":"model"}},{"threshold":10070,"model":{"model":"workshop_six:rpg_weapons_tools/gauntlet_netherite","type":"model"}},{"threshold":10071,"model":{"model":"workshop_six:rpg_weapons_tools/gauntlet_amber","type":"model"}},{"threshold":10072,"model":{"model":"workshop_six:rpg_weapons_tools/gauntlet_ruby","type":"model"}},{"threshold":10073,"model":{"model":"workshop_six:rpg_weapons_tools/gauntlet_jade","type":"model"}},{"threshold":10074,"model":{"model":"workshop_six:rpg_weapons_tools/gauntlet_mythril","type":"model"}},{"threshold":10075,"model":{"model":"workshop_six:rpg_weapons_tools/gauntlet_iridium","type":"model"}},{"threshold":10076,"model":{"model":"workshop_six:rpg_weapons_tools/greatsword_copper","type":"model"}},{"threshold":10077,"model":{"model":"workshop_six:rpg_weapons_tools/greatsword_iron","type":"model"}},{"threshold":10078,"model":{"model":"workshop_six:rpg_weapons_tools/greatsword_gold","type":"model"}},{"threshold":10079,"model":{"model":"workshop_six:rpg_weapons_tools/greatsword_diamond","type":"model"}},{"threshold":10086,"model":{"model":"workshop_six:rpg_weapons_tools/halberd_copper","type":"model"}},{"threshold":10087,"model":{"model":"workshop_six:rpg_weapons_tools/halberd_iron","type":"model"}},{"threshold":10088,"model":{"model":"workshop_six:rpg_weapons_tools/halberd_gold","type":"model"}},{"threshold":10089,"model":{"model":"workshop_six:rpg_weapons_tools/halberd_diamond","type":"model"}},{"threshold":10090,"model":{"model":"workshop_six:rpg_weapons_tools/halberd_netherite","type":"model"}},{"threshold":10091,"model":{"model":"workshop_six:rpg_weapons_tools/halberd_amber","type":"model"}},{"threshold":10092,"model":{"model":"workshop_six:rpg_weapons_tools/halberd_ruby","type":"model"}},{"threshold":10093,"model":{"model":"workshop_six:rpg_weapons_tools/halberd_jade","type":"model"}},{"threshold":10094,"model":{"model":"workshop_six:rpg_weapons_tools/halberd_mythril","type":"model"}},{"threshold":10095,"model":{"model":"workshop_six:rpg_weapons_tools/halberd_iridium","type":"model"}},{"threshold":10096,"model":{"model":"workshop_six:rpg_weapons_tools/katana_copper","type":"model"}},{"threshold":10097,"model":{"model":"workshop_six:rpg_weapons_tools/katana_iron","type":"model"}},{"threshold":10098,"model":{"model":"workshop_six:rpg_weapons_tools/katana_gold","type":"model"}},{"threshold":10099,"model":{"model":"workshop_six:rpg_weapons_tools/katana_diamond","type":"model"}},{"threshold":10106,"model":{"model":"workshop_six:rpg_weapons_tools/scythe_copper","type":"model"}},{"threshold":10107,"model":{"model":"workshop_six:rpg_weapons_tools/scythe_iron","type":"model"}},{"threshold":10108,"model":{"model":"workshop_six:rpg_weapons_tools/scythe_gold","type":"model"}},{"threshold":10109,"model":{"model":"workshop_six:rpg_weapons_tools/scythe_diamond","type":"model"}},{"threshold":10110,"model":{"model":"workshop_six:rpg_weapons_tools/scythe_netherite","type":"model"}},{"threshold":10111,"model":{"model":"workshop_six:rpg_weapons_tools/scythe_amber","type":"model"}},{"threshold":10112,"model":{"model":"workshop_six:rpg_weapons_tools/scythe_ruby","type":"model"}},{"threshold":10113,"model":{"model":"workshop_six:rpg_weapons_tools/scythe_jade","type":"model"}},{"threshold":10114,"model":{"model":"workshop_six:rpg_weapons_tools/scythe_mythril","type":"model"}},{"threshold":10115,"model":{"model":"workshop_six:rpg_weapons_tools/scythe_iridium","type":"model"}},{"threshold":10116,"model":{"model":"workshop_six:rpg_weapons_tools/spear_copper","type":"model"}},{"threshold":10117,"model":{"model":"workshop_six:rpg_weapons_tools/spear_iron","type":"model"}},{"threshold":10118,"model":{"model":"workshop_six:rpg_weapons_tools/spear_gold","type":"model"}},{"threshold":10119,"model":{"model":"workshop_six:rpg_weapons_tools/spear_diamond","type":"model"}},{"threshold":10120,"model":{"model":"workshop_six:rpg_weapons_tools/spear_netherite","type":"model"}},{"threshold":10121,"model":{"model":"workshop_six:rpg_weapons_tools/spear_amber","type":"model"}},{"threshold":10122,"model":{"model":"workshop_six:rpg_weapons_tools/spear_ruby","type":"model"}},{"threshold":10123,"model":{"model":"workshop_six:rpg_weapons_tools/spear_jade","type":"model"}},{"threshold":10124,"model":{"model":"workshop_six:rpg_weapons_tools/spear_mythril","type":"model"}},{"threshold":10125,"model":{"model":"workshop_six:rpg_weapons_tools/spear_iridium","type":"model"}},{"threshold":10126,"model":{"model":"workshop_six:rpg_weapons_tools/sickle_copper","type":"model"}},{"threshold":10127,"model":{"model":"workshop_six:rpg_weapons_tools/sickle_iron","type":"model"}},{"threshold":10128,"model":{"model":"workshop_six:rpg_weapons_tools/sickle_gold","type":"model"}},{"threshold":10129,"model":{"model":"workshop_six:rpg_weapons_tools/sickle_diamond","type":"model"}},{"threshold":10130,"model":{"model":"workshop_six:rpg_weapons_tools/sickle_netherite","type":"model"}},{"threshold":10131,"model":{"model":"workshop_six:rpg_weapons_tools/sickle_amber","type":"model"}},{"threshold":10132,"model":{"model":"workshop_six:rpg_weapons_tools/sickle_ruby","type":"model"}},{"threshold":10133,"model":{"model":"workshop_six:rpg_weapons_tools/sickle_jade","type":"model"}},{"threshold":10134,"model":{"model":"workshop_six:rpg_weapons_tools/sickle_mythril","type":"model"}},{"threshold":10135,"model":{"model":"workshop_six:rpg_weapons_tools/sickle_iridium","type":"model"}},{"threshold":10136,"model":{"model":"workshop_six:rpg_weapons_tools/grimoire_copper","type":"model"}},{"threshold":10137,"model":{"model":"workshop_six:rpg_weapons_tools/grimoire_iron","type":"model"}},{"threshold":10138,"model":{"model":"workshop_six:rpg_weapons_tools/grimoire_gold","type":"model"}},{"threshold":10139,"model":{"model":"workshop_six:rpg_weapons_tools/grimoire_diamond","type":"model"}},{"threshold":10140,"model":{"model":"workshop_six:rpg_weapons_tools/grimoire_netherite","type":"model"}},{"threshold":10141,"model":{"model":"workshop_six:rpg_weapons_tools/grimoire_amber","type":"model"}},{"threshold":10142,"model":{"model":"workshop_six:rpg_weapons_tools/grimoire_ruby","type":"model"}},{"threshold":10143,"model":{"model":"workshop_six:rpg_weapons_tools/grimoire_jade","type":"model"}},{"threshold":10144,"model":{"model":"workshop_six:rpg_weapons_tools/grimoire_mythril","type":"model"}},{"threshold":10145,"model":{"model":"workshop_six:rpg_weapons_tools/grimoire_iridium","type":"model"}},{"threshold":10146,"model":{"model":"item/diamond_sword","type":"model"}}]}}