{"model":{"type":"range_dispatch","property":"custom_model_data","index":0,"fallback":{"model":"item/diamond_hoe","type":"model"},"entries":[{"threshold":10001,"model":{"model":"elitecreatures:demonking_assortment/hoe","type":"model"}},{"threshold":10002,"model":{"model":"pirate_reasure_set:hoe","type":"model"}},{"threshold":10005,"model":{"model":"workshop_six:rpg_weapons_tools/hoe_copper","type":"model"}},{"threshold":10006,"model":{"model":"workshop_six:rpg_weapons_tools/hoe_iron","type":"model"}},{"threshold":10007,"model":{"model":"workshop_six:rpg_weapons_tools/hoe_gold","type":"model"}},{"threshold":10008,"model":{"model":"workshop_six:rpg_weapons_tools/hoe_diamond","type":"model"}},{"threshold":10009,"model":{"model":"item/diamond_hoe","type":"model"}}]}}