{"model":{"type":"range_dispatch","property":"custom_model_data","index":0,"fallback":{"type":"model","model":"item/diamond_shovel"},"entries":[{"threshold":10000,"model":{"type":"model","model":"workshop_six:rpg_weapons_tools/net_copper"}},{"threshold":10001,"model":{"type":"model","model":"workshop_six:rpg_weapons_tools/net_iron"}},{"threshold":10002,"model":{"type":"model","model":"workshop_six:rpg_weapons_tools/net_gold"}},{"threshold":10003,"model":{"type":"model","model":"workshop_six:rpg_weapons_tools/net_diamond"}},{"threshold":10004,"model":{"type":"model","model":"workshop_six:rpg_weapons_tools/net_netherite"}},{"threshold":10005,"model":{"type":"model","model":"workshop_six:rpg_weapons_tools/net_amber"}},{"threshold":10006,"model":{"type":"model","model":"workshop_six:rpg_weapons_tools/net_ruby"}},{"threshold":10007,"model":{"type":"model","model":"workshop_six:rpg_weapons_tools/net_jade"}},{"threshold":10008,"model":{"type":"model","model":"workshop_six:rpg_weapons_tools/net_mythril"}},{"threshold":10009,"model":{"type":"model","model":"workshop_six:rpg_weapons_tools/net_iridium"}},{"threshold":10011,"model":{"type":"model","model":"elitecreatures:demonking_assortment/shovel"}},{"threshold":10012,"model":{"type":"model","model":"pirate_reasure_set:shovel"}},{"threshold":10015,"model":{"type":"model","model":"workshop_six:rpg_weapons_tools/shovel_copper"}},{"threshold":10016,"model":{"type":"model","model":"workshop_six:rpg_weapons_tools/shovel_iron"}},{"threshold":10017,"model":{"type":"model","model":"workshop_six:rpg_weapons_tools/shovel_gold"}},{"threshold":10018,"model":{"type":"model","model":"workshop_six:rpg_weapons_tools/shovel_diamond"}},{"threshold":10019,"model":{"type":"model","model":"item/diamond_shovel"}}]}}