{"model":{"type":"range_dispatch","property":"custom_model_data","index":0,"fallback":{"type":"model","model":"item/diamond_pickaxe"},"entries":[{"threshold":10001,"model":{"type":"model","model":"elitecreatures:demonking_assortment/pickaxe"}},{"threshold":10002,"model":{"type":"model","model":"pirate_reasure_set:pickaxe"}},{"threshold":10005,"model":{"type":"model","model":"workshop_six:rpg_weapons_tools/pickaxe_copper"}},{"threshold":10006,"model":{"type":"model","model":"workshop_six:rpg_weapons_tools/pickaxe_iron"}},{"threshold":10007,"model":{"type":"model","model":"workshop_six:rpg_weapons_tools/pickaxe_gold"}},{"threshold":10008,"model":{"type":"model","model":"workshop_six:rpg_weapons_tools/pickaxe_diamond"}},{"threshold":10009,"model":{"type":"model","model":"item/diamond_pickaxe"}}]}}