{"model":{"type":"range_dispatch","property":"custom_model_data","index":0,"fallback":{"on_true":{"model":"item/fishing_rod_cast","type":"model"},"type":"condition","property":"fishing_rod/cast","on_false":{"model":"item/fishing_rod","type":"model"}},"entries":[{"threshold":10000,"model":{"on_true":{"model":"workshop_six:rpg_weapons_tools/rod_copper_cast","type":"model"},"type":"minecraft:condition","property":"fishing_rod/cast","on_false":{"model":"workshop_six:rpg_weapons_tools/rod_copper","type":"model"},"model":"workshop_six:rpg_weapons_tools/rod_copper"}},{"threshold":10001,"model":{"on_true":{"model":"workshop_six:rpg_weapons_tools/rod_iron_cast","type":"model"},"type":"minecraft:condition","property":"fishing_rod/cast","on_false":{"model":"workshop_six:rpg_weapons_tools/rod_iron","type":"model"},"model":"workshop_six:rpg_weapons_tools/rod_iron"}},{"threshold":10002,"model":{"on_true":{"model":"workshop_six:rpg_weapons_tools/rod_gold_cast","type":"model"},"type":"minecraft:condition","property":"fishing_rod/cast","on_false":{"model":"workshop_six:rpg_weapons_tools/rod_gold","type":"model"},"model":"workshop_six:rpg_weapons_tools/rod_gold"}},{"threshold":10003,"model":{"on_true":{"model":"workshop_six:rpg_weapons_tools/rod_diamond_cast","type":"model"},"type":"minecraft:condition","property":"fishing_rod/cast","on_false":{"model":"workshop_six:rpg_weapons_tools/rod_diamond","type":"model"},"model":"workshop_six:rpg_weapons_tools/rod_diamond"}},{"threshold":10004,"model":{"on_true":{"model":"workshop_six:rpg_weapons_tools/rod_netherite_cast","type":"model"},"type":"minecraft:condition","property":"fishing_rod/cast","on_false":{"model":"workshop_six:rpg_weapons_tools/rod_netherite","type":"model"},"model":"workshop_six:rpg_weapons_tools/rod_netherite"}},{"threshold":10005,"model":{"on_true":{"model":"workshop_six:rpg_weapons_tools/rod_amber_cast","type":"model"},"type":"minecraft:condition","property":"fishing_rod/cast","on_false":{"model":"workshop_six:rpg_weapons_tools/rod_amber","type":"model"},"model":"workshop_six:rpg_weapons_tools/rod_amber"}},{"threshold":10006,"model":{"on_true":{"model":"workshop_six:rpg_weapons_tools/rod_ruby_cast","type":"model"},"type":"minecraft:condition","property":"fishing_rod/cast","on_false":{"model":"workshop_six:rpg_weapons_tools/rod_ruby","type":"model"},"model":"workshop_six:rpg_weapons_tools/rod_ruby"}},{"threshold":10007,"model":{"on_true":{"model":"workshop_six:rpg_weapons_tools/rod_jade_cast","type":"model"},"type":"minecraft:condition","property":"fishing_rod/cast","on_false":{"model":"workshop_six:rpg_weapons_tools/rod_jade","type":"model"},"model":"workshop_six:rpg_weapons_tools/rod_jade"}},{"threshold":10008,"model":{"on_true":{"model":"workshop_six:rpg_weapons_tools/rod_mythril_cast","type":"model"},"type":"minecraft:condition","property":"fishing_rod/cast","on_false":{"model":"workshop_six:rpg_weapons_tools/rod_mythril","type":"model"},"model":"workshop_six:rpg_weapons_tools/rod_mythril"}},{"threshold":10009,"model":{"on_true":{"model":"workshop_six:rpg_weapons_tools/rod_iridium_cast","type":"model"},"type":"minecraft:condition","property":"fishing_rod/cast","on_false":{"model":"workshop_six:rpg_weapons_tools/rod_iridium","type":"model"},"model":"workshop_six:rpg_weapons_tools/rod_iridium"}},{"threshold":10014,"model":{"on_true":{"model":"elitecreatures:demonking_assortment/fishing_rod_cast","type":"model"},"type":"minecraft:condition","property":"fishing_rod/cast","on_false":{"model":"elitecreatures:demonking_assortment/fishing_rod","type":"model"},"model":"elitecreatures:demonking_assortment/fishing_rod"}},{"threshold":10015,"model":{"on_true":{"model":"pirate_reasure_set:fishing_rod_cast","type":"model"},"type":"minecraft:condition","property":"fishing_rod/cast","on_false":{"model":"pirate_reasure_set:fishing_rod","type":"model"},"model":"pirate_reasure_set:fishing_rod"}},{"threshold":10016,"model":{"on_true":{"model":"elitecreatures:valkyrie_animated_v2/fishing_rod_cast","type":"model"},"type":"minecraft:condition","property":"fishing_rod/cast","on_false":{"model":"elitecreatures:valkyrie_animated_v2/fishing_rod","type":"model"},"model":"elitecreatures:valkyrie_animated_v2/fishing_rod"}},{"threshold":10017,"model":{"on_true":{"model":"elitecreatures:knight_assortment/fishing_rod_cast","type":"model"},"type":"minecraft:condition","property":"fishing_rod/cast","on_false":{"model":"elitecreatures:knight_assortment/fishing_rod","type":"model"},"model":"elitecreatures:knight_assortment/fishing_rod"}},{"threshold":10018,"model":{"on_true":{"model":"elitecreatures:arthur_assortment/fishing_rod_cast","type":"model"},"type":"minecraft:condition","property":"fishing_rod/cast","on_false":{"model":"elitecreatures:arthur_assortment/fishing_rod","type":"model"},"model":"elitecreatures:arthur_assortment/fishing_rod"}},{"threshold":10019,"model":{"on_true":{"model":"item/fishing_rod_cast","type":"model"},"type":"model","property":"fishing_rod/cast","on_false":{"model":"item/fishing_rod","type":"model"},"model":"item/fishing_rod"}}]}}