{"model":{"type":"range_dispatch","property":"custom_model_data","index":0,"fallback":{"type":"model","model":"item/netherite_pickaxe"},"entries":[{"threshold":10004,"model":{"type":"model","model":"workshop_six:rpg_weapons_tools/pickaxe_netherite"}},{"threshold":10005,"model":{"type":"model","model":"workshop_six:rpg_weapons_tools/pickaxe_amber"}},{"threshold":10006,"model":{"type":"model","model":"workshop_six:rpg_weapons_tools/pickaxe_ruby"}},{"threshold":10007,"model":{"type":"model","model":"workshop_six:rpg_weapons_tools/pickaxe_jade"}},{"threshold":10008,"model":{"type":"model","model":"workshop_six:rpg_weapons_tools/pickaxe_mythril"}},{"threshold":10009,"model":{"type":"model","model":"workshop_six:rpg_weapons_tools/pickaxe_iridium"}},{"threshold":10010,"model":{"type":"model","model":"elitecreatures:valkyrie_animated_v2/pickaxe"}},{"threshold":10011,"model":{"type":"model","model":"elitecreatures:knight_assortment/pickaxe"}},{"threshold":10012,"model":{"type":"model","model":"elitecreatures:arthur_assortment/pickaxe"}},{"threshold":10013,"model":{"type":"model","model":"item/netherite_pickaxe"}}]}}