{"model":{"type":"range_dispatch","property":"custom_model_data","index":0,"fallback":{"type":"model","model":"item/netherite_sword"},"entries":[{"threshold":10044,"model":{"type":"model","model":"workshop_six:rpg_weapons_tools/greatsword_netherite"}},{"threshold":10045,"model":{"type":"model","model":"workshop_six:rpg_weapons_tools/greatsword_amber"}},{"threshold":10046,"model":{"type":"model","model":"workshop_six:rpg_weapons_tools/greatsword_ruby"}},{"threshold":10047,"model":{"type":"model","model":"workshop_six:rpg_weapons_tools/greatsword_jade"}},{"threshold":10048,"model":{"type":"model","model":"workshop_six:rpg_weapons_tools/greatsword_mythril"}},{"threshold":10049,"model":{"type":"model","model":"workshop_six:rpg_weapons_tools/greatsword_iridium"}},{"threshold":10064,"model":{"type":"model","model":"workshop_six:rpg_weapons_tools/katana_netherite"}},{"threshold":10065,"model":{"type":"model","model":"workshop_six:rpg_weapons_tools/katana_amber"}},{"threshold":10066,"model":{"type":"model","model":"workshop_six:rpg_weapons_tools/katana_ruby"}},{"threshold":10067,"model":{"type":"model","model":"workshop_six:rpg_weapons_tools/katana_jade"}},{"threshold":10068,"model":{"type":"model","model":"workshop_six:rpg_weapons_tools/katana_mythril"}},{"threshold":10069,"model":{"type":"model","model":"workshop_six:rpg_weapons_tools/katana_iridium"}},{"threshold":10110,"model":{"type":"model","model":"elitecreatures:valkyrie_animated_v2/dagger"}},{"threshold":10111,"model":{"type":"model","model":"elitecreatures:valkyrie_animated_v2/greatsword"}},{"threshold":10112,"model":{"type":"model","model":"elitecreatures:valkyrie_animated_v2/spear"}},{"threshold":10113,"model":{"type":"model","model":"elitecreatures:valkyrie_animated_v2/staff"}},{"threshold":10114,"model":{"type":"model","model":"elitecreatures:valkyrie_animated_v2/sword"}},{"threshold":10115,"model":{"type":"model","model":"elitecreatures:knight_assortment/sword"}},{"threshold":10116,"model":{"type":"model","model":"elitecreatures:knight_assortment/hammer"}},{"threshold":10117,"model":{"type":"model","model":"elitecreatures:knight_assortment/spear"}},{"threshold":10118,"model":{"type":"model","model":"elitecreatures:knight_assortment/staff"}},{"threshold":10119,"model":{"type":"model","model":"elitecreatures:arthur_assortment/sword"}},{"threshold":10120,"model":{"type":"model","model":"elitecreatures:arthur_assortment/hammer"}},{"threshold":10121,"model":{"type":"model","model":"elitecreatures:arthur_assortment/spear"}},{"threshold":10122,"model":{"type":"model","model":"elitecreatures:arthur_assortment/staff"}},{"threshold":10123,"model":{"type":"model","model":"item/netherite_sword"}}]}}