{"model":{"type":"range_dispatch","property":"custom_model_data","index":0,"fallback":{"model":"item/netherite_hoe","type":"model"},"entries":[{"threshold":10004,"model":{"model":"workshop_six:rpg_weapons_tools/hoe_netherite","type":"model"}},{"threshold":10005,"model":{"model":"workshop_six:rpg_weapons_tools/hoe_amber","type":"model"}},{"threshold":10006,"model":{"model":"workshop_six:rpg_weapons_tools/hoe_ruby","type":"model"}},{"threshold":10007,"model":{"model":"workshop_six:rpg_weapons_tools/hoe_jade","type":"model"}},{"threshold":10008,"model":{"model":"workshop_six:rpg_weapons_tools/hoe_mythril","type":"model"}},{"threshold":10009,"model":{"model":"workshop_six:rpg_weapons_tools/hoe_iridium","type":"model"}},{"threshold":10010,"model":{"model":"elitecreatures:valkyrie_animated_v2/hoe","type":"model"}},{"threshold":10011,"model":{"model":"elitecreatures:knight_assortment/hoe","type":"model"}},{"threshold":10012,"model":{"model":"elitecreatures:arthur_assortment/hoe","type":"model"}},{"threshold":10013,"model":{"model":"item/netherite_hoe","type":"model"}}]}}