{"model":{"type":"range_dispatch","property":"custom_model_data","index":0,"fallback":{"type":"model","model":"item/netherite_axe"},"entries":[{"threshold":10004,"model":{"type":"model","model":"workshop_six:rpg_weapons_tools/axe_netherite"}},{"threshold":10005,"model":{"type":"model","model":"workshop_six:rpg_weapons_tools/axe_amber"}},{"threshold":10006,"model":{"type":"model","model":"workshop_six:rpg_weapons_tools/axe_ruby"}},{"threshold":10007,"model":{"type":"model","model":"workshop_six:rpg_weapons_tools/axe_jade"}},{"threshold":10008,"model":{"type":"model","model":"workshop_six:rpg_weapons_tools/axe_mythril"}},{"threshold":10009,"model":{"type":"model","model":"workshop_six:rpg_weapons_tools/axe_iridium"}},{"threshold":10010,"model":{"type":"model","model":"elitecreatures:valkyrie_animated_v2/axe"}},{"threshold":10011,"model":{"type":"model","model":"elitecreatures:valkyrie_animated_v2/hammer"}},{"threshold":10012,"model":{"type":"model","model":"elitecreatures:valkyrie_animated_v2/mace"}},{"threshold":10013,"model":{"type":"model","model":"elitecreatures:knight_assortment/axe"}},{"threshold":10014,"model":{"type":"model","model":"elitecreatures:arthur_assortment/axe"}},{"threshold":10015,"model":{"type":"model","model":"item/netherite_axe"}}]}}