{"model":{"type":"range_dispatch","property":"custom_model_data","index":0,"fallback":{"type":"model","model":"item/paper"},"entries":[{"threshold":10000,"model":{"type":"model","model":"_iainternal:ia_auto_gen/icon_left_blue"}},{"threshold":10001,"model":{"type":"model","model":"_iainternal:ia_auto_gen/icon_right_blue"}},{"threshold":10002,"model":{"type":"model","model":"_iainternal:ia_auto_gen/icon_search"}},{"threshold":10003,"model":{"type":"model","model":"_iainternal:ia_auto_gen/icon_cancel"}},{"threshold":10004,"model":{"type":"model","model":"_iainternal:ia_auto_gen/icon_arrow_chest"}},{"threshold":10005,"model":{"type":"model","model":"_iainternal:ia_auto_gen/icon_back_orange"}},{"threshold":10006,"model":{"type":"model","model":"_iainternal:ia_auto_gen/icon_next_orange"}},{"threshold":10018,"model":{"type":"model","model":"elitecreatures:demonking_assortment/armor/hat"}},{"threshold":10019,"model":{"type":"model","model":"elitecreatures:demonking_assortment/back"}},{"threshold":10020,"model":{"type":"model","model":"elitecreatures:demonking_assortment/back_normal"}},{"threshold":10021,"model":{"type":"model","model":"elitecreatures:demonking_assortment/back_normal_2"}},{"threshold":10022,"model":{"type":"model","model":"elitecreatures:demonking_assortment/back_self"}},{"threshold":10023,"model":{"type":"model","model":"elitecreatures:demonking_assortment/back_self_2"}},{"threshold":10024,"model":{"type":"model","model":"elitecreatures:demonking_assortment/chest"}},{"threshold":10025,"model":{"type":"model","model":"pirate_reasure_set:wing"}},{"threshold":10026,"model":{"type":"model","model":"elitecreatures:valkyrie_animated_v2/backpack"}},{"threshold":10027,"model":{"type":"model","model":"elitecreatures:valkyrie_animated_v2/chest"}},{"threshold":10028,"model":{"type":"model","model":"elitecreatures:valkyrie_animated_v2/hat"}},{"threshold":10029,"model":{"type":"model","model":"elitecreatures:valkyrie_animated_v2/key"}},{"threshold":10030,"model":{"type":"model","model":"elitecreatures:valkyrie_animated_v2/wings"}},{"threshold":10031,"model":{"type":"model","model":"elitecreatures:valkyrie_animated_v2/wings_self"}},{"threshold":10032,"model":{"type":"model","model":"elitecreatures:knight_assortment/back"}},{"threshold":10033,"model":{"type":"model","model":"elitecreatures:knight_assortment/back_normal"}},{"threshold":10034,"model":{"type":"model","model":"elitecreatures:knight_assortment/back_normal_2"}},{"threshold":10035,"model":{"type":"model","model":"elitecreatures:knight_assortment/back_self"}},{"threshold":10036,"model":{"type":"model","model":"elitecreatures:knight_assortment/back_self_2"}},{"threshold":10037,"model":{"type":"model","model":"elitecreatures:knight_assortment/back_new_self_2"}},{"threshold":10038,"model":{"type":"model","model":"elitecreatures:knight_assortment/key"}},{"threshold":10039,"model":{"type":"model","model":"elitecreatures:knight_assortment/chest"}},{"threshold":10040,"model":{"type":"model","model":"elitecreatures:arthur_assortment/back"}},{"threshold":10041,"model":{"type":"model","model":"elitecreatures:arthur_assortment/back_normal"}},{"threshold":10042,"model":{"type":"model","model":"elitecreatures:arthur_assortment/back_normal_2"}},{"threshold":10043,"model":{"type":"model","model":"elitecreatures:arthur_assortment/back_self"}},{"threshold":10044,"model":{"type":"model","model":"elitecreatures:arthur_assortment/back_self_2"}},{"threshold":10045,"model":{"type":"model","model":"elitecreatures:arthur_assortment/key"}},{"threshold":10046,"model":{"type":"model","model":"elitecreatures:arthur_assortment/chest"}},{"threshold":10047,"model":{"type":"model","model":"elitecreatures:knight_assortment/armor/hat"}},{"threshold":10048,"model":{"type":"model","model":"elitecreatures:arthur_assortment/armor/hat"}},{"threshold":10049,"model":{"type":"model","model":"item/paper"}}]}}