{"model":{"type":"range_dispatch","property":"custom_model_data","index":0,"fallback":{"property":"using_item","on_true":{"base":"item/shield_blocking","type":"special","model":{"type":"shield"}},"type":"condition","on_false":{"model":{"type":"shield"},"base":"item/shield","type":"special"}},"entries":[{"threshold":10005,"model":{"property":"using_item","on_true":{"base":"item/shield_blocking","type":"model","model":"elitecreatures:demonking_assortment/shield_blocking"},"type":"condition","on_false":{"model":"elitecreatures:demonking_assortment/shield","base":"item/shield","type":"model"}}},{"threshold":10006,"model":{"property":"using_item","on_true":{"base":"item/shield_blocking","type":"model","model":"pirate_reasure_set:shield_blocking"},"type":"condition","on_false":{"model":"pirate_reasure_set:shield","base":"item/shield","type":"model"}}},{"threshold":10007,"model":{"property":"using_item","on_true":{"base":"item/shield_blocking","type":"model","model":"elitecreatures:valkyrie_animated_v2/shield_blocking"},"type":"condition","on_false":{"model":"elitecreatures:valkyrie_animated_v2/shield","base":"item/shield","type":"model"}}},{"threshold":10008,"model":{"property":"using_item","on_true":{"base":"item/shield_blocking","type":"model","model":"elitecreatures:knight_assortment/shield_blocking"},"type":"condition","on_false":{"model":"elitecreatures:knight_assortment/shield","base":"item/shield","type":"model"}}},{"threshold":10009,"model":{"property":"using_item","on_true":{"base":"item/shield_blocking","type":"model","model":"elitecreatures:arthur_assortment/shield_blocking"},"type":"condition","on_false":{"model":"elitecreatures:arthur_assortment/shield","base":"item/shield","type":"model"}}},{"threshold":10010,"model":{"property":"using_item","on_true":{"base":"item/shield_blocking","type":"special","model":{"type":"shield"}},"type":"condition","on_false":{"model":"item/shield","base":"item/shield","type":"model"}}}]}}