{"credit":"Made with Blockbench","texture_size":[32,32],"textures":{"0":"elitecreatures:demonking_assortment/muzan_axe","particle":"elitecreatures:demonking_assortment/muzan_axe"},"elements":[{"from":[5,11.00711,4],"to":[11,14.00711,10],"rotation":{"angle":22.5,"axis":"x","origin":[8,9.00711,8]},"faces":{"north":{"uv":[9,1.5,12,3],"texture":"#0"},"east":{"uv":[12,0,9,1.5],"texture":"#0"},"south":{"uv":[9,3,12,4.5],"texture":"#0"},"west":{"uv":[9,0,12,1.5],"texture":"#0"},"up":{"uv":[16,11.5,13,8.5],"rotation":270,"texture":"#0"},"down":{"uv":[3,7,0,10],"rotation":90,"texture":"#0"}}},{"from":[5,8.00711,5],"to":[11,11.00711,11],"rotation":{"angle":22.5,"axis":"x","origin":[8,9.00711,8]},"faces":{"north":{"uv":[9,8.5,12,10],"texture":"#0"},"east":{"uv":[12,7,9,8.5],"texture":"#0"},"south":{"uv":[0,10,3,11.5],"texture":"#0"},"west":{"uv":[9,7,12,8.5],"texture":"#0"},"up":{"uv":[6,10,3,7],"rotation":270,"texture":"#0"},"down":{"uv":[9,7,6,10],"rotation":90,"texture":"#0"}}},{"from":[6,4.6,5.57711],"to":[10,8.6,9.57711],"rotation":{"angle":45,"axis":"x","origin":[9,6.8,8.00711]},"faces":{"north":{"uv":[5,10,7,12],"texture":"#0"},"east":{"uv":[5,10,3,12],"texture":"#0"},"south":{"uv":[7,10,9,12],"texture":"#0"},"west":{"uv":[3,10,5,12],"texture":"#0"},"up":{"uv":[11,12,9,10],"rotation":270,"texture":"#0"},"down":{"uv":[12.5,4.5,10.5,6.5],"rotation":90,"texture":"#0"}}},{"from":[7,-4,7.00711],"to":[9,6,9.00711],"rotation":{"angle":-45,"axis":"y","origin":[8,0.3,8.00711]},"faces":{"north":{"uv":[8,0,9,5],"texture":"#0"},"east":{"uv":[9,0,8,5],"texture":"#0"},"south":{"uv":[8,0,9,5],"texture":"#0"},"west":{"uv":[9,0,8,5],"texture":"#0"}}},{"from":[6.5,-5.7,6.00711],"to":[9.5,-2.7,9.00711],"rotation":{"angle":45,"axis":"x","origin":[8.5,-4.7,8.00711]},"faces":{"north":{"uv":[0,11.5,1.5,13],"texture":"#0"},"east":{"uv":[12.5,10,11,11.5],"texture":"#0"},"south":{"uv":[1.5,11.5,3,13],"texture":"#0"},"west":{"uv":[11,10,12.5,11.5],"texture":"#0"},"up":{"uv":[5.5,14.5,4,13],"rotation":270,"texture":"#0"},"down":{"uv":[13.5,0,12,1.5],"rotation":90,"texture":"#0"}}},{"from":[7.98,-11.7,5.00711],"to":[8,-3.7,11.00711],"rotation":{"angle":0,"axis":"y","origin":[8,-6.7,9.00711]},"faces":{"east":{"uv":[16,4.5,13,8.5],"texture":"#0"},"west":{"uv":[13,4.5,16,8.5],"texture":"#0"}}},{"from":[7,12.76635,6.80162],"to":[9,15.76635,9.80162],"rotation":{"angle":-22.5,"axis":"x","origin":[8,15.58635,9.10162]},"faces":{"north":{"uv":[3,12,4,13.5],"texture":"#0"},"east":{"uv":[13.5,1.5,12,3],"texture":"#0"},"south":{"uv":[12,3,13,4.5],"texture":"#0"},"west":{"uv":[12,1.5,13.5,3],"texture":"#0"},"up":{"uv":[5.5,13,4,12],"rotation":270,"texture":"#0"},"down":{"uv":[7,12,5.5,13],"rotation":90,"texture":"#0"}}},{"from":[7.98,15.55,9.85711],"to":[8,19.55,14.85711],"rotation":{"angle":22.5,"axis":"x","origin":[7.99,18.3,8.00711]},"faces":{"east":{"uv":[10.5,5,8,7],"texture":"#0"},"west":{"uv":[8,5,10.5,7],"texture":"#0"}}},{"from":[7.98,2.8,-4.99289],"to":[8,16.8,7.00711],"rotation":{"angle":0,"axis":"y","origin":[8,-6.7,9.00711]},"faces":{"east":{"uv":[6,0,0,7],"texture":"#0"},"west":{"uv":[0,0,6,7],"texture":"#0"}}},{"from":[8,3.78921,11.15013],"to":[8.02,10.78921,21.15013],"rotation":{"angle":22.5,"axis":"x","origin":[5.01,10.78921,14.15013]},"faces":{"east":{"uv":[12,12,7,15.5],"texture":"#0"},"west":{"uv":[7,12,12,15.5],"texture":"#0"}}},{"from":[7.5,9.8,-1.99289],"to":[8.5,13.8,6.00711],"rotation":{"angle":0,"axis":"y","origin":[8,-6.7,9.00711]},"faces":{"north":{"uv":[2,1.5,2.5,3.5],"texture":"#0"},"east":{"uv":[6,1.5,2,3.5],"texture":"#0"},"west":{"uv":[2,1.5,6,3.5],"texture":"#0"},"up":{"uv":[6,1.5,2,2],"rotation":270,"texture":"#0"},"down":{"uv":[6,3,2,3.5],"rotation":90,"texture":"#0"}}},{"from":[7.47,9.7,0.10711],"to":[8.51,15.7,4.10711],"rotation":{"angle":45,"axis":"x","origin":[7.99,11.7,2.10711]},"faces":{"east":{"uv":[2,13,0,16],"texture":"#0"},"south":{"uv":[2,13,1.5,16],"texture":"#0"},"west":{"uv":[0,13,2,16],"texture":"#0"},"down":{"uv":[2,16,0,15.5],"rotation":90,"texture":"#0"}}}],"gui_light":"front","display":{"thirdperson_righthand":{"translation":[-0.25,3.25,1],"scale":[0.6,0.6,0.6]},"thirdperson_lefthand":{"translation":[-0.25,3.25,1],"scale":[0.6,0.6,0.6]},"firstperson_righthand":{"rotation":[0,22,0],"translation":[3.5,3.75,-1.75],"scale":[0.54883,0.54883,0.54883]},"firstperson_lefthand":{"rotation":[0,22,0],"translation":[3.5,3.75,-1.75],"scale":[0.54883,0.54883,0.54883]},"ground":{"rotation":[94,85,0],"translation":[0,0.25,-0.75],"scale":[0.5,0.5,0.5]},"gui":{"rotation":[-90,45,88],"translation":[-0.5,0.75,0],"scale":[0.48,0.48,0.48]},"head":{"rotation":[90,-171,90],"translation":[-2.25,9.25,0.25],"scale":[0.7,0.7,0.7]},"fixed":{"rotation":[0,90,0],"translation":[0,0.25,-1.25],"scale":[1.2,1.2,1.2]}},"groups":[{"name":"group","origin":[13.89289,23.7,7.99],"color":0,"boneType":"","children":[0,1,2,3,4,5,6,7,8,9,10,11]}]}