{"credit":"Made with Blockbench","texture_size":[64,64],"textures":{"0":"elitecreatures:demonking_assortment/muzan_tentacles","particle":"elitecreatures:demonking_assortment/muzan_tentacles"},"elements":[{"from":[0.5,-11.00646,3.84105],"to":[6,-9.50646,5.34105],"rotation":{"angle":-45,"axis":"z","origin":[6,-11.00646,5.34105]},"faces":{"north":{"uv":[3,0,5.75,0.75],"texture":"#0"},"east":{"uv":[8,6.75,8.75,7.5],"texture":"#0"},"south":{"uv":[5.75,0,3,0.75],"texture":"#0"},"west":{"uv":[8,6,8.75,6.75],"texture":"#0"},"up":{"uv":[1.5,3,4.25,3.75],"texture":"#0"},"down":{"uv":[0,4.5,2.75,3.75],"texture":"#0"}}},{"from":[1.55,-7.45646,0.14105],"to":[3.05,-5.95646,4.64105],"rotation":{"angle":45,"axis":"y","origin":[3.05,-7.45646,4.14105]},"faces":{"north":{"uv":[8.25,7.5,9,8.25],"texture":"#0"},"east":{"uv":[3,5.75,5.25,6.5],"texture":"#0"},"south":{"uv":[6,8.25,6.75,9],"texture":"#0"},"west":{"uv":[5.25,5.75,3,6.5],"texture":"#0"},"up":{"uv":[5.75,4.5,6.5,6.75],"texture":"#0"},"down":{"uv":[6.5,2.25,7.25,0],"texture":"#0"}}},{"from":[-0.915,-7.40646,-2.50895],"to":[0.615,-5.90646,1.99105],"rotation":{"angle":45,"axis":"x","origin":[0.6,-6.90646,1.99105]},"faces":{"north":{"uv":[6.75,8.5,7.5,9.25],"texture":"#0"},"east":{"uv":[6.5,2.25,8.75,3],"texture":"#0"},"south":{"uv":[8.25,8.25,9,9],"texture":"#0"},"west":{"uv":[8.75,2.25,6.5,3],"texture":"#0"},"up":{"uv":[3,6.5,3.75,8.75],"texture":"#0"},"down":{"uv":[6.5,5.25,7.25,3],"texture":"#0"}}},{"from":[-0.9,-4.53631,-0.74054],"to":[0.6,-0.03631,0.75946],"rotation":{"angle":22.5,"axis":"x","origin":[-0.15,-2.28631,0.00946]},"faces":{"north":{"uv":[4.5,6.5,5.25,8.75],"texture":"#0"},"east":{"uv":[6.5,5.25,7.25,7.5],"texture":"#0"},"south":{"uv":[3.75,6.5,4.5,8.75],"texture":"#0"},"west":{"uv":[7.25,5.25,6.5,7.5],"texture":"#0"},"up":{"uv":[7.5,8.5,8.25,9.25],"texture":"#0"},"down":{"uv":[0,9.5,0.75,8.75],"texture":"#0"}}},{"from":[-0.65,-1.03631,0.75946],"to":[0.35,-0.03631,2.25946],"rotation":{"angle":22.5,"axis":"x","origin":[-0.15,-2.28631,0.00946]},"faces":{"north":{"uv":[8.75,4,9.25,4.5],"texture":"#0"},"east":{"uv":[1.5,4.5,2.25,5],"texture":"#0"},"south":{"uv":[3.75,8.75,4.25,9.25],"texture":"#0"},"west":{"uv":[2.25,4.5,1.5,5],"texture":"#0"},"up":{"uv":[8.75,1.5,9.25,2.25],"texture":"#0"},"down":{"uv":[1.75,9.5,2.25,8.75],"texture":"#0"}}},{"from":[-0.15,-3.03631,1.25946],"to":[-0.14,-0.03631,3.75946],"rotation":{"angle":22.5,"axis":"x","origin":[-0.15,-2.28631,0.00946]},"faces":{"east":{"uv":[4.25,2,5.5,3.5],"texture":"#0"},"west":{"uv":[5.5,2,4.25,3.5],"texture":"#0"}}},{"from":[10,-11.00646,3.84105],"to":[15.5,-9.50646,5.34105],"rotation":{"angle":45,"axis":"z","origin":[10,-11.00646,5.34105]},"faces":{"north":{"uv":[5.75,0,3,0.75],"texture":"#0"},"east":{"uv":[8.75,6,8,6.75],"texture":"#0"},"south":{"uv":[3,0,5.75,0.75],"texture":"#0"},"west":{"uv":[8.75,6.75,8,7.5],"texture":"#0"},"up":{"uv":[4.25,3,1.5,3.75],"texture":"#0"},"down":{"uv":[2.75,4.5,0,3.75],"texture":"#0"}}},{"from":[12.95,-7.45646,0.14105],"to":[14.45,-5.95646,4.64105],"rotation":{"angle":-45,"axis":"y","origin":[12.95,-7.45646,4.14105]},"faces":{"north":{"uv":[9,7.5,8.25,8.25],"texture":"#0"},"east":{"uv":[3,5.75,5.25,6.5],"texture":"#0"},"south":{"uv":[6.75,8.25,6,9],"texture":"#0"},"west":{"uv":[5.25,5.75,3,6.5],"texture":"#0"},"up":{"uv":[6.5,4.5,5.75,6.75],"texture":"#0"},"down":{"uv":[7.25,2.25,6.5,0],"texture":"#0"}}},{"from":[15.385,-7.40646,-2.50895],"to":[16.915,-5.90646,1.99105],"rotation":{"angle":45,"axis":"x","origin":[15.4,-6.90646,1.99105]},"faces":{"north":{"uv":[7.5,8.5,6.75,9.25],"texture":"#0"},"east":{"uv":[6.5,2.25,8.75,3],"texture":"#0"},"south":{"uv":[9,8.25,8.25,9],"texture":"#0"},"west":{"uv":[8.75,2.25,6.5,3],"texture":"#0"},"up":{"uv":[3.75,6.5,3,8.75],"texture":"#0"},"down":{"uv":[7.25,5.25,6.5,3],"texture":"#0"}}},{"from":[15.4,-4.53631,-0.74054],"to":[16.9,-0.03631,0.75946],"rotation":{"angle":22.5,"axis":"x","origin":[16.15,-2.28631,0.00946]},"faces":{"north":{"uv":[5.25,6.5,4.5,8.75],"texture":"#0"},"east":{"uv":[6.5,5.25,7.25,7.5],"texture":"#0"},"south":{"uv":[4.5,6.5,3.75,8.75],"texture":"#0"},"west":{"uv":[7.25,5.25,6.5,7.5],"texture":"#0"},"up":{"uv":[8.25,8.5,7.5,9.25],"texture":"#0"},"down":{"uv":[0.75,9.5,0,8.75],"texture":"#0"}}},{"from":[15.65,-1.03631,0.75946],"to":[16.65,-0.03631,2.25946],"rotation":{"angle":22.5,"axis":"x","origin":[16.15,-2.28631,0.00946]},"faces":{"north":{"uv":[9.25,4,8.75,4.5],"texture":"#0"},"east":{"uv":[1.5,4.5,2.25,5],"texture":"#0"},"south":{"uv":[4.25,8.75,3.75,9.25],"texture":"#0"},"west":{"uv":[2.25,4.5,1.5,5],"texture":"#0"},"up":{"uv":[9.25,1.5,8.75,2.25],"texture":"#0"},"down":{"uv":[2.25,9.5,1.75,8.75],"texture":"#0"}}},{"from":[16.14,-3.03631,1.25946],"to":[16.15,-0.03631,3.75946],"rotation":{"angle":22.5,"axis":"x","origin":[16.15,-2.28631,0.00946]},"faces":{"east":{"uv":[4.25,2,5.5,3.5],"texture":"#0"},"west":{"uv":[5.5,2,4.25,3.5],"texture":"#0"}}},{"from":[5.94,-12.50646,-0.15895],"to":[7.44,-11.00646,4.34105],"rotation":{"angle":-45,"axis":"x","origin":[6.69,-11.75646,4.34105]},"faces":{"north":{"uv":[1.5,8,2.25,8.75],"texture":"#0"},"east":{"uv":[1.5,5,3.75,5.75],"texture":"#0"},"south":{"uv":[8,0.75,8.75,1.5],"texture":"#0"},"west":{"uv":[3.75,5,1.5,5.75],"texture":"#0"},"up":{"uv":[5,3.5,5.75,5.75],"texture":"#0"},"down":{"uv":[5.75,2.25,6.5,0],"texture":"#0"}}},{"from":[1.44,-15.50646,0.11605],"to":[6.94,-14.00646,1.61605],"rotation":{"angle":-22.5,"axis":"y","origin":[5.94,-15.50646,1.61605]},"faces":{"north":{"uv":[1.5,0.75,4.25,1.5],"texture":"#0"},"east":{"uv":[2.25,8,3,8.75],"texture":"#0"},"south":{"uv":[4.25,0.75,1.5,1.5],"texture":"#0"},"west":{"uv":[8,1.5,8.75,2.25],"texture":"#0"},"up":{"uv":[1.5,1.5,4.25,2.25],"texture":"#0"},"down":{"uv":[1.5,3,4.25,2.25],"texture":"#0"}}},{"from":[1.94,-15.50646,-1.50895],"to":[3.44,-11.00646,-0.00895],"rotation":{"angle":22.5,"axis":"z","origin":[1.94,-15.50646,-0.00895]},"faces":{"north":{"uv":[2.25,5.75,3,8],"texture":"#0"},"east":{"uv":[5.75,2.25,6.5,4.5],"texture":"#0"},"south":{"uv":[3,5.75,2.25,8],"texture":"#0"},"west":{"uv":[1.5,5.75,2.25,8],"texture":"#0"},"up":{"uv":[8,3,8.75,3.75],"texture":"#0"},"down":{"uv":[8,4.5,8.75,3.75],"texture":"#0"}}},{"from":[0.19,-12.05646,-2.15895],"to":[1.69,-8.05646,-0.65895],"rotation":{"angle":45,"axis":"x","origin":[0.69,-12.05646,-0.65895]},"faces":{"north":{"uv":[7.25,3,8,5],"texture":"#0"},"east":{"uv":[7.25,5,8,7],"texture":"#0"},"south":{"uv":[5.25,6.75,6,8.75],"texture":"#0"},"west":{"uv":[8,5,7.25,7],"texture":"#0"},"up":{"uv":[8,4.5,8.75,5.25],"texture":"#0"},"down":{"uv":[8,6,8.75,5.25],"texture":"#0"}}},{"from":[0.44,-13.19034,3.22493],"to":[1.44,-11.69034,4.22493],"rotation":{"angle":-45,"axis":"x","origin":[0.69,-12.94034,0.22493]},"faces":{"north":{"uv":[8.75,0.75,9.25,1.5],"texture":"#0"},"east":{"uv":[1.25,8.75,1.75,9.5],"texture":"#0"},"south":{"uv":[0.75,8.75,1.25,9.5],"texture":"#0"},"west":{"uv":[1.75,8.75,1.25,9.5],"texture":"#0"},"up":{"uv":[3.25,8.75,3.75,9.25],"texture":"#0"},"down":{"uv":[8.75,4,9.25,3.5],"texture":"#0"}}},{"from":[0.92,-14.69034,1.22493],"to":[0.94,-12.19034,4.22493],"rotation":{"angle":-45,"axis":"x","origin":[0.69,-12.94034,0.22493]},"faces":{"east":{"uv":[4.25,0.75,5.75,2],"texture":"#0"},"west":{"uv":[5.75,0.75,4.25,2],"texture":"#0"}}},{"from":[8.56,-12.50646,-0.15895],"to":[10.06,-11.00646,4.34105],"rotation":{"angle":-45,"axis":"x","origin":[9.31,-11.75646,4.34105]},"faces":{"north":{"uv":[2.25,8,1.5,8.75],"texture":"#0"},"east":{"uv":[1.5,5,3.75,5.75],"texture":"#0"},"south":{"uv":[8.75,0.75,8,1.5],"texture":"#0"},"west":{"uv":[3.75,5,1.5,5.75],"texture":"#0"},"up":{"uv":[5.75,3.5,5,5.75],"texture":"#0"},"down":{"uv":[6.5,2.25,5.75,0],"texture":"#0"}}},{"from":[9.06,-15.50646,0.11605],"to":[14.56,-14.00646,1.61605],"rotation":{"angle":22.5,"axis":"y","origin":[10.06,-15.50646,1.61605]},"faces":{"north":{"uv":[4.25,0.75,1.5,1.5],"texture":"#0"},"east":{"uv":[8.75,1.5,8,2.25],"texture":"#0"},"south":{"uv":[1.5,0.75,4.25,1.5],"texture":"#0"},"west":{"uv":[3,8,2.25,8.75],"texture":"#0"},"up":{"uv":[4.25,1.5,1.5,2.25],"texture":"#0"},"down":{"uv":[4.25,3,1.5,2.25],"texture":"#0"}}},{"from":[12.56,-15.50646,-1.50895],"to":[14.06,-11.00646,-0.00895],"rotation":{"angle":-22.5,"axis":"z","origin":[14.06,-15.50646,-0.00895]},"faces":{"north":{"uv":[3,5.75,2.25,8],"texture":"#0"},"east":{"uv":[2.25,5.75,1.5,8],"texture":"#0"},"south":{"uv":[2.25,5.75,3,8],"texture":"#0"},"west":{"uv":[6.5,2.25,5.75,4.5],"texture":"#0"},"up":{"uv":[8.75,3,8,3.75],"texture":"#0"},"down":{"uv":[8.75,4.5,8,3.75],"texture":"#0"}}},{"from":[14.31,-12.05646,-2.15895],"to":[15.81,-8.05646,-0.65895],"rotation":{"angle":45,"axis":"x","origin":[15.31,-12.05646,-0.65895]},"faces":{"north":{"uv":[8,3,7.25,5],"texture":"#0"},"east":{"uv":[7.25,5,8,7],"texture":"#0"},"south":{"uv":[6,6.75,5.25,8.75],"texture":"#0"},"west":{"uv":[8,5,7.25,7],"texture":"#0"},"up":{"uv":[8.75,4.5,8,5.25],"texture":"#0"},"down":{"uv":[8.75,6,8,5.25],"texture":"#0"}}},{"from":[14.56,-13.19034,3.22493],"to":[15.56,-11.69034,4.22493],"rotation":{"angle":-45,"axis":"x","origin":[15.31,-12.94034,0.22493]},"faces":{"north":{"uv":[9.25,0.75,8.75,1.5],"texture":"#0"},"east":{"uv":[1.25,8.75,1.75,9.5],"texture":"#0"},"south":{"uv":[1.25,8.75,0.75,9.5],"texture":"#0"},"west":{"uv":[1.75,8.75,1.25,9.5],"texture":"#0"},"up":{"uv":[3.75,8.75,3.25,9.25],"texture":"#0"},"down":{"uv":[9.25,4,8.75,3.5],"texture":"#0"}}},{"from":[15.06,-14.69034,1.22493],"to":[15.08,-12.19034,4.22493],"rotation":{"angle":-45,"axis":"x","origin":[15.31,-12.94034,0.22493]},"faces":{"east":{"uv":[4.25,0.75,5.75,2],"texture":"#0"},"west":{"uv":[5.75,0.75,4.25,2],"texture":"#0"}}},{"from":[6.5,-12.00646,-1.15895],"to":[8,-10.50646,4.84105],"rotation":{"angle":22.5,"axis":"y","origin":[7.25,-11.25646,4.84105]},"faces":{"north":{"uv":[7.25,1.5,8,2.25],"texture":"#0"},"east":{"uv":[0,0,3,0.75],"texture":"#0"},"south":{"uv":[7.25,0.75,8,1.5],"texture":"#0"},"west":{"uv":[3,0,0,0.75],"texture":"#0"},"up":{"uv":[0,0.75,0.75,3.75],"texture":"#0"},"down":{"uv":[0.75,3.75,1.5,0.75],"texture":"#0"}}},{"from":[4.25,-11.63146,-2.03395],"to":[5.75,-7.13146,-0.53395],"rotation":{"angle":-22.5,"axis":"x","origin":[4.75,-9.38146,-0.53395]},"faces":{"north":{"uv":[0,4.5,0.75,6.75],"texture":"#0"},"east":{"uv":[0.75,4.5,1.5,6.75],"texture":"#0"},"south":{"uv":[4.25,3.5,5,5.75],"texture":"#0"},"west":{"uv":[1.5,4.5,0.75,6.75],"texture":"#0"},"up":{"uv":[7.25,7,8,7.75],"texture":"#0"},"down":{"uv":[6,8.25,6.75,7.5],"texture":"#0"}}},{"from":[4.235,-8.5713,-0.83627],"to":[5.76,-7.0713,3.16373],"rotation":{"angle":-45,"axis":"x","origin":[4.75,-9.8213,-0.83627]},"faces":{"north":{"uv":[7.5,7.75,8.25,8.5],"texture":"#0"},"east":{"uv":[7.25,0,9.25,0.75],"texture":"#0"},"south":{"uv":[6.75,7.75,7.5,8.5],"texture":"#0"},"west":{"uv":[9.25,0,7.25,0.75],"texture":"#0"},"up":{"uv":[0,6.75,0.75,8.75],"texture":"#0"},"down":{"uv":[0.75,8.75,1.5,6.75],"texture":"#0"}}},{"from":[4.5,-10.0713,2.16373],"to":[5.5,-8.5713,3.16373],"rotation":{"angle":-45,"axis":"x","origin":[4.75,-9.8213,-0.83627]},"faces":{"north":{"uv":[5.25,5.75,5.75,6.5],"texture":"#0"},"east":{"uv":[6,6.75,6.5,7.5],"texture":"#0"},"south":{"uv":[3.75,5,4.25,5.75],"texture":"#0"},"west":{"uv":[6.5,6.75,6,7.5],"texture":"#0"},"up":{"uv":[2.25,4.5,2.75,5],"texture":"#0"},"down":{"uv":[2.75,9.25,3.25,8.75],"texture":"#0"}}},{"from":[4.98,-11.5713,0.16373],"to":[5,-9.0713,3.16373],"rotation":{"angle":-45,"axis":"x","origin":[4.75,-9.8213,-0.83627]},"faces":{"east":{"uv":[2.75,3.75,4.25,5],"texture":"#0"},"west":{"uv":[4.25,3.75,2.75,5],"texture":"#0"}}},{"from":[8,-12.00646,-1.15895],"to":[9.5,-10.50646,4.84105],"rotation":{"angle":-22.5,"axis":"y","origin":[8.75,-11.25646,4.84105]},"faces":{"north":{"uv":[8,1.5,7.25,2.25],"texture":"#0"},"east":{"uv":[0,0,3,0.75],"texture":"#0"},"south":{"uv":[8,0.75,7.25,1.5],"texture":"#0"},"west":{"uv":[3,0,0,0.75],"texture":"#0"},"up":{"uv":[0.75,0.75,0,3.75],"texture":"#0"},"down":{"uv":[1.5,3.75,0.75,0.75],"texture":"#0"}}},{"from":[10.25,-11.63146,-2.03395],"to":[11.75,-7.13146,-0.53395],"rotation":{"angle":-22.5,"axis":"x","origin":[11.25,-9.38146,-0.53395]},"faces":{"north":{"uv":[0.75,4.5,0,6.75],"texture":"#0"},"east":{"uv":[0.75,4.5,1.5,6.75],"texture":"#0"},"south":{"uv":[5,3.5,4.25,5.75],"texture":"#0"},"west":{"uv":[1.5,4.5,0.75,6.75],"texture":"#0"},"up":{"uv":[8,7,7.25,7.75],"texture":"#0"},"down":{"uv":[6.75,8.25,6,7.5],"texture":"#0"}}},{"from":[10.24,-8.5713,-0.83627],"to":[11.765,-7.0713,3.16373],"rotation":{"angle":-45,"axis":"x","origin":[11.25,-9.8213,-0.83627]},"faces":{"north":{"uv":[8.25,7.75,7.5,8.5],"texture":"#0"},"east":{"uv":[7.25,0,9.25,0.75],"texture":"#0"},"south":{"uv":[7.5,7.75,6.75,8.5],"texture":"#0"},"west":{"uv":[9.25,0,7.25,0.75],"texture":"#0"},"up":{"uv":[0.75,6.75,0,8.75],"texture":"#0"},"down":{"uv":[1.5,8.75,0.75,6.75],"texture":"#0"}}},{"from":[10.5,-10.0713,2.16373],"to":[11.5,-8.5713,3.16373],"rotation":{"angle":-45,"axis":"x","origin":[11.25,-9.8213,-0.83627]},"faces":{"north":{"uv":[5.75,5.75,5.25,6.5],"texture":"#0"},"east":{"uv":[6,6.75,6.5,7.5],"texture":"#0"},"south":{"uv":[4.25,5,3.75,5.75],"texture":"#0"},"west":{"uv":[6.5,6.75,6,7.5],"texture":"#0"},"up":{"uv":[2.75,4.5,2.25,5],"texture":"#0"},"down":{"uv":[3.25,9.25,2.75,8.75],"texture":"#0"}}},{"from":[11,-11.5713,0.16373],"to":[11.02,-9.0713,3.16373],"rotation":{"angle":-45,"axis":"x","origin":[11.25,-9.8213,-0.83627]},"faces":{"east":{"uv":[2.75,3.75,4.25,5],"texture":"#0"},"west":{"uv":[4.25,3.75,2.75,5],"texture":"#0"}}}],"gui_light":"front","display":{"thirdperson_righthand":{"rotation":[55,0,0],"translation":[0,2,1.75],"scale":[0.4,0.4,0.4]},"thirdperson_lefthand":{"rotation":[77,180,0],"translation":[-5.75,-7.5,8],"scale":[0.6,0.6,0.6]},"firstperson_righthand":{"rotation":[0,134,0],"translation":[10,-4,-17.5]},"firstperson_lefthand":{"scale":[0,0,0]},"ground":{"rotation":[80,0,0],"translation":[0,0.5,-1.25],"scale":[0.6,0.6,0.6]},"gui":{"rotation":[0,180,0],"translation":[0,-1.5,0],"scale":[0.55,0.55,0.55]},"head":{"rotation":[7,180,0],"translation":[0,-63,2],"scale":[2.4,2.4,2.4]},"fixed":{"translation":[0,-2.5,-4],"scale":[1.32,1.32,1.32]}},"groups":[{"name":"group","origin":[8,7.98709,8],"color":0,"boneType":"","children":[{"name":"group","origin":[24.3,19.42738,10.66317],"color":0,"boneType":"","children":[0,1,2,3,4,5]},{"name":"group","origin":[24.3,19.42738,10.66317],"color":0,"boneType":"","children":[6,7,8,9,10,11]},{"name":"group","origin":[-5.5,-1.88067,8.23223],"color":0,"boneType":"","children":[12,13,14,15,16,17]},{"name":"group","origin":[-5.5,-1.88067,8.23223],"color":0,"boneType":"","children":[18,19,20,21,22,23]},{"name":"group","origin":[1.5,3.60741,9.10463],"color":0,"boneType":"","children":[24,25,26,27,28]},{"name":"group","origin":[1.5,3.60741,9.10463],"color":0,"boneType":"","children":[29,30,31,32,33]}]}]}