{"credit":"Made with Blockbench","texture_size":[64,64],"textures":{"0":"elitecreatures:demonking_assortment/muzan_tentacles","particle":"elitecreatures:demonking_assortment/muzan_tentacles"},"elements":[{"from":[-7,1.98709,6],"to":[4,4.98709,9],"rotation":{"angle":-45,"axis":"z","origin":[4,1.98709,9]},"faces":{"north":{"uv":[3,0,5.75,0.75],"texture":"#0"},"east":{"uv":[8,6.75,8.75,7.5],"texture":"#0"},"south":{"uv":[5.75,0,3,0.75],"texture":"#0"},"west":{"uv":[8,6,8.75,6.75],"texture":"#0"},"up":{"uv":[1.5,3,4.25,3.75],"texture":"#0"},"down":{"uv":[0,4.5,2.75,3.75],"texture":"#0"}}},{"from":[-4.9,9.08709,-1.4],"to":[-1.9,12.08709,7.6],"rotation":{"angle":45,"axis":"y","origin":[-1.9,9.08709,6.6]},"faces":{"north":{"uv":[8.25,7.5,9,8.25],"texture":"#0"},"east":{"uv":[3,5.75,5.25,6.5],"texture":"#0"},"south":{"uv":[6,8.25,6.75,9],"texture":"#0"},"west":{"uv":[5.25,5.75,3,6.5],"texture":"#0"},"up":{"uv":[5.75,4.5,6.5,6.75],"texture":"#0"},"down":{"uv":[6.5,2.25,7.25,0],"texture":"#0"}}},{"from":[-9.83,9.18709,-6.7],"to":[-6.77,12.18709,2.3],"rotation":{"angle":45,"axis":"x","origin":[-6.8,10.18709,2.3]},"faces":{"north":{"uv":[6.75,8.5,7.5,9.25],"texture":"#0"},"east":{"uv":[6.5,2.25,8.75,3],"texture":"#0"},"south":{"uv":[8.25,8.25,9,9],"texture":"#0"},"west":{"uv":[8.75,2.25,6.5,3],"texture":"#0"},"up":{"uv":[3,6.5,3.75,8.75],"texture":"#0"},"down":{"uv":[6.5,5.25,7.25,3],"texture":"#0"}}},{"from":[-9.8,14.92738,-3.16317],"to":[-6.8,23.92738,-0.16317],"rotation":{"angle":22.5,"axis":"x","origin":[-8.3,19.42738,-1.66317]},"faces":{"north":{"uv":[4.5,6.5,5.25,8.75],"texture":"#0"},"east":{"uv":[6.5,5.25,7.25,7.5],"texture":"#0"},"south":{"uv":[3.75,6.5,4.5,8.75],"texture":"#0"},"west":{"uv":[7.25,5.25,6.5,7.5],"texture":"#0"},"up":{"uv":[7.5,8.5,8.25,9.25],"texture":"#0"},"down":{"uv":[0,9.5,0.75,8.75],"texture":"#0"}}},{"from":[-9.3,21.92738,-0.16317],"to":[-7.3,23.92738,2.83683],"rotation":{"angle":22.5,"axis":"x","origin":[-8.3,19.42738,-1.66317]},"faces":{"north":{"uv":[8.75,4,9.25,4.5],"texture":"#0"},"east":{"uv":[1.5,4.5,2.25,5],"texture":"#0"},"south":{"uv":[3.75,8.75,4.25,9.25],"texture":"#0"},"west":{"uv":[2.25,4.5,1.5,5],"texture":"#0"},"up":{"uv":[8.75,1.5,9.25,2.25],"texture":"#0"},"down":{"uv":[1.75,9.5,2.25,8.75],"texture":"#0"}}},{"from":[-8.3,17.92738,0.83683],"to":[-8.28,23.92738,5.83683],"rotation":{"angle":22.5,"axis":"x","origin":[-8.3,19.42738,-1.66317]},"faces":{"east":{"uv":[4.25,2,5.5,3.5],"texture":"#0"},"west":{"uv":[5.5,2,4.25,3.5],"texture":"#0"}}},{"from":[12,1.98709,6],"to":[23,4.98709,9],"rotation":{"angle":45,"axis":"z","origin":[12,1.98709,9]},"faces":{"north":{"uv":[5.75,0,3,0.75],"texture":"#0"},"east":{"uv":[8.75,6,8,6.75],"texture":"#0"},"south":{"uv":[3,0,5.75,0.75],"texture":"#0"},"west":{"uv":[8.75,6.75,8,7.5],"texture":"#0"},"up":{"uv":[4.25,3,1.5,3.75],"texture":"#0"},"down":{"uv":[2.75,4.5,0,3.75],"texture":"#0"}}},{"from":[17.9,9.08709,-1.4],"to":[20.9,12.08709,7.6],"rotation":{"angle":-45,"axis":"y","origin":[17.9,9.08709,6.6]},"faces":{"north":{"uv":[9,7.5,8.25,8.25],"texture":"#0"},"east":{"uv":[3,5.75,5.25,6.5],"texture":"#0"},"south":{"uv":[6.75,8.25,6,9],"texture":"#0"},"west":{"uv":[5.25,5.75,3,6.5],"texture":"#0"},"up":{"uv":[6.5,4.5,5.75,6.75],"texture":"#0"},"down":{"uv":[7.25,2.25,6.5,0],"texture":"#0"}}},{"from":[22.77,9.18709,-6.7],"to":[25.83,12.18709,2.3],"rotation":{"angle":45,"axis":"x","origin":[22.8,10.18709,2.3]},"faces":{"north":{"uv":[7.5,8.5,6.75,9.25],"texture":"#0"},"east":{"uv":[6.5,2.25,8.75,3],"texture":"#0"},"south":{"uv":[9,8.25,8.25,9],"texture":"#0"},"west":{"uv":[8.75,2.25,6.5,3],"texture":"#0"},"up":{"uv":[3.75,6.5,3,8.75],"texture":"#0"},"down":{"uv":[7.25,5.25,6.5,3],"texture":"#0"}}},{"from":[22.8,14.92738,-3.16317],"to":[25.8,23.92738,-0.16317],"rotation":{"angle":22.5,"axis":"x","origin":[24.3,19.42738,-1.66317]},"faces":{"north":{"uv":[5.25,6.5,4.5,8.75],"texture":"#0"},"east":{"uv":[6.5,5.25,7.25,7.5],"texture":"#0"},"south":{"uv":[4.5,6.5,3.75,8.75],"texture":"#0"},"west":{"uv":[7.25,5.25,6.5,7.5],"texture":"#0"},"up":{"uv":[8.25,8.5,7.5,9.25],"texture":"#0"},"down":{"uv":[0.75,9.5,0,8.75],"texture":"#0"}}},{"from":[23.3,21.92738,-0.16317],"to":[25.3,23.92738,2.83683],"rotation":{"angle":22.5,"axis":"x","origin":[24.3,19.42738,-1.66317]},"faces":{"north":{"uv":[9.25,4,8.75,4.5],"texture":"#0"},"east":{"uv":[1.5,4.5,2.25,5],"texture":"#0"},"south":{"uv":[4.25,8.75,3.75,9.25],"texture":"#0"},"west":{"uv":[2.25,4.5,1.5,5],"texture":"#0"},"up":{"uv":[9.25,1.5,8.75,2.25],"texture":"#0"},"down":{"uv":[2.25,9.5,1.75,8.75],"texture":"#0"}}},{"from":[24.28,17.92738,0.83683],"to":[24.3,23.92738,5.83683],"rotation":{"angle":22.5,"axis":"x","origin":[24.3,19.42738,-1.66317]},"faces":{"east":{"uv":[4.25,2,5.5,3.5],"texture":"#0"},"west":{"uv":[5.5,2,4.25,3.5],"texture":"#0"}}},{"from":[3.88,-1.01291,-2],"to":[6.88,1.98709,7],"rotation":{"angle":-45,"axis":"x","origin":[5.38,0.48709,7]},"faces":{"north":{"uv":[1.5,8,2.25,8.75],"texture":"#0"},"east":{"uv":[1.5,5,3.75,5.75],"texture":"#0"},"south":{"uv":[8,0.75,8.75,1.5],"texture":"#0"},"west":{"uv":[3.75,5,1.5,5.75],"texture":"#0"},"up":{"uv":[5,3.5,5.75,5.75],"texture":"#0"},"down":{"uv":[5.75,2.25,6.5,0],"texture":"#0"}}},{"from":[-5.12,-7.01291,-1.45],"to":[5.88,-4.01291,1.55],"rotation":{"angle":-22.5,"axis":"y","origin":[3.88,-7.01291,1.55]},"faces":{"north":{"uv":[1.5,0.75,4.25,1.5],"texture":"#0"},"east":{"uv":[2.25,8,3,8.75],"texture":"#0"},"south":{"uv":[4.25,0.75,1.5,1.5],"texture":"#0"},"west":{"uv":[8,1.5,8.75,2.25],"texture":"#0"},"up":{"uv":[1.5,1.5,4.25,2.25],"texture":"#0"},"down":{"uv":[1.5,3,4.25,2.25],"texture":"#0"}}},{"from":[-4.12,-7.01291,-4.7],"to":[-1.12,1.98709,-1.7],"rotation":{"angle":22.5,"axis":"z","origin":[-4.12,-7.01291,-1.7]},"faces":{"north":{"uv":[2.25,5.75,3,8],"texture":"#0"},"east":{"uv":[5.75,2.25,6.5,4.5],"texture":"#0"},"south":{"uv":[3,5.75,2.25,8],"texture":"#0"},"west":{"uv":[1.5,5.75,2.25,8],"texture":"#0"},"up":{"uv":[8,3,8.75,3.75],"texture":"#0"},"down":{"uv":[8,4.5,8.75,3.75],"texture":"#0"}}},{"from":[-7.62,-0.11291,-6],"to":[-4.62,7.88709,-3],"rotation":{"angle":45,"axis":"x","origin":[-6.62,-0.11291,-3]},"faces":{"north":{"uv":[7.25,3,8,5],"texture":"#0"},"east":{"uv":[7.25,5,8,7],"texture":"#0"},"south":{"uv":[5.25,6.75,6,8.75],"texture":"#0"},"west":{"uv":[8,5,7.25,7],"texture":"#0"},"up":{"uv":[8,4.5,8.75,5.25],"texture":"#0"},"down":{"uv":[8,6,8.75,5.25],"texture":"#0"}}},{"from":[-7.12,-2.38067,4.76777],"to":[-5.12,0.61933,6.76777],"rotation":{"angle":-45,"axis":"x","origin":[-6.62,-1.88067,-1.23223]},"faces":{"north":{"uv":[8.75,0.75,9.25,1.5],"texture":"#0"},"east":{"uv":[1.25,8.75,1.75,9.5],"texture":"#0"},"south":{"uv":[0.75,8.75,1.25,9.5],"texture":"#0"},"west":{"uv":[1.75,8.75,1.25,9.5],"texture":"#0"},"up":{"uv":[3.25,8.75,3.75,9.25],"texture":"#0"},"down":{"uv":[8.75,4,9.25,3.5],"texture":"#0"}}},{"from":[-6.16,-5.38067,0.76777],"to":[-6.12,-0.38067,6.76777],"rotation":{"angle":-45,"axis":"x","origin":[-6.62,-1.88067,-1.23223]},"faces":{"east":{"uv":[4.25,0.75,5.75,2],"texture":"#0"},"west":{"uv":[5.75,0.75,4.25,2],"texture":"#0"}}},{"from":[9.12,-1.01291,-2],"to":[12.12,1.98709,7],"rotation":{"angle":-45,"axis":"x","origin":[10.62,0.48709,7]},"faces":{"north":{"uv":[2.25,8,1.5,8.75],"texture":"#0"},"east":{"uv":[1.5,5,3.75,5.75],"texture":"#0"},"south":{"uv":[8.75,0.75,8,1.5],"texture":"#0"},"west":{"uv":[3.75,5,1.5,5.75],"texture":"#0"},"up":{"uv":[5.75,3.5,5,5.75],"texture":"#0"},"down":{"uv":[6.5,2.25,5.75,0],"texture":"#0"}}},{"from":[10.12,-7.01291,-1.45],"to":[21.12,-4.01291,1.55],"rotation":{"angle":22.5,"axis":"y","origin":[12.12,-7.01291,1.55]},"faces":{"north":{"uv":[4.25,0.75,1.5,1.5],"texture":"#0"},"east":{"uv":[8.75,1.5,8,2.25],"texture":"#0"},"south":{"uv":[1.5,0.75,4.25,1.5],"texture":"#0"},"west":{"uv":[3,8,2.25,8.75],"texture":"#0"},"up":{"uv":[4.25,1.5,1.5,2.25],"texture":"#0"},"down":{"uv":[4.25,3,1.5,2.25],"texture":"#0"}}},{"from":[17.12,-7.01291,-4.7],"to":[20.12,1.98709,-1.7],"rotation":{"angle":-22.5,"axis":"z","origin":[20.12,-7.01291,-1.7]},"faces":{"north":{"uv":[3,5.75,2.25,8],"texture":"#0"},"east":{"uv":[2.25,5.75,1.5,8],"texture":"#0"},"south":{"uv":[2.25,5.75,3,8],"texture":"#0"},"west":{"uv":[6.5,2.25,5.75,4.5],"texture":"#0"},"up":{"uv":[8.75,3,8,3.75],"texture":"#0"},"down":{"uv":[8.75,4.5,8,3.75],"texture":"#0"}}},{"from":[20.62,-0.11291,-6],"to":[23.62,7.88709,-3],"rotation":{"angle":45,"axis":"x","origin":[22.62,-0.11291,-3]},"faces":{"north":{"uv":[8,3,7.25,5],"texture":"#0"},"east":{"uv":[7.25,5,8,7],"texture":"#0"},"south":{"uv":[6,6.75,5.25,8.75],"texture":"#0"},"west":{"uv":[8,5,7.25,7],"texture":"#0"},"up":{"uv":[8.75,4.5,8,5.25],"texture":"#0"},"down":{"uv":[8.75,6,8,5.25],"texture":"#0"}}},{"from":[21.12,-2.38067,4.76777],"to":[23.12,0.61933,6.76777],"rotation":{"angle":-45,"axis":"x","origin":[22.62,-1.88067,-1.23223]},"faces":{"north":{"uv":[9.25,0.75,8.75,1.5],"texture":"#0"},"east":{"uv":[1.25,8.75,1.75,9.5],"texture":"#0"},"south":{"uv":[1.25,8.75,0.75,9.5],"texture":"#0"},"west":{"uv":[1.75,8.75,1.25,9.5],"texture":"#0"},"up":{"uv":[3.75,8.75,3.25,9.25],"texture":"#0"},"down":{"uv":[9.25,4,8.75,3.5],"texture":"#0"}}},{"from":[22.12,-5.38067,0.76777],"to":[22.16,-0.38067,6.76777],"rotation":{"angle":-45,"axis":"x","origin":[22.62,-1.88067,-1.23223]},"faces":{"east":{"uv":[4.25,0.75,5.75,2],"texture":"#0"},"west":{"uv":[5.75,0.75,4.25,2],"texture":"#0"}}},{"from":[5,-0.01291,-4],"to":[8,2.98709,8],"rotation":{"angle":22.5,"axis":"y","origin":[6.5,1.48709,8]},"faces":{"north":{"uv":[7.25,1.5,8,2.25],"texture":"#0"},"east":{"uv":[0,0,3,0.75],"texture":"#0"},"south":{"uv":[7.25,0.75,8,1.5],"texture":"#0"},"west":{"uv":[3,0,0,0.75],"texture":"#0"},"up":{"uv":[0,0.75,0.75,3.75],"texture":"#0"},"down":{"uv":[0.75,3.75,1.5,0.75],"texture":"#0"}}},{"from":[0.5,0.73709,-5.75],"to":[3.5,9.73709,-2.75],"rotation":{"angle":-22.5,"axis":"x","origin":[1.5,5.23709,-2.75]},"faces":{"north":{"uv":[0,4.5,0.75,6.75],"texture":"#0"},"east":{"uv":[0.75,4.5,1.5,6.75],"texture":"#0"},"south":{"uv":[4.25,3.5,5,5.75],"texture":"#0"},"west":{"uv":[1.5,4.5,0.75,6.75],"texture":"#0"},"up":{"uv":[7.25,7,8,7.75],"texture":"#0"},"down":{"uv":[6,8.25,6.75,7.5],"texture":"#0"}}},{"from":[0.47,6.85741,-3.35463],"to":[3.52,9.85741,4.64537],"rotation":{"angle":-45,"axis":"x","origin":[1.5,4.35741,-3.35463]},"faces":{"north":{"uv":[7.5,7.75,8.25,8.5],"texture":"#0"},"east":{"uv":[7.25,0,9.25,0.75],"texture":"#0"},"south":{"uv":[6.75,7.75,7.5,8.5],"texture":"#0"},"west":{"uv":[9.25,0,7.25,0.75],"texture":"#0"},"up":{"uv":[0,6.75,0.75,8.75],"texture":"#0"},"down":{"uv":[0.75,8.75,1.5,6.75],"texture":"#0"}}},{"from":[1,3.85741,2.64537],"to":[3,6.85741,4.64537],"rotation":{"angle":-45,"axis":"x","origin":[1.5,4.35741,-3.35463]},"faces":{"north":{"uv":[5.25,5.75,5.75,6.5],"texture":"#0"},"east":{"uv":[6,6.75,6.5,7.5],"texture":"#0"},"south":{"uv":[3.75,5,4.25,5.75],"texture":"#0"},"west":{"uv":[6.5,6.75,6,7.5],"texture":"#0"},"up":{"uv":[2.25,4.5,2.75,5],"texture":"#0"},"down":{"uv":[2.75,9.25,3.25,8.75],"texture":"#0"}}},{"from":[1.96,0.85741,-1.35463],"to":[2,5.85741,4.64537],"rotation":{"angle":-45,"axis":"x","origin":[1.5,4.35741,-3.35463]},"faces":{"east":{"uv":[2.75,3.75,4.25,5],"texture":"#0"},"west":{"uv":[4.25,3.75,2.75,5],"texture":"#0"}}},{"from":[8,-0.01291,-4],"to":[11,2.98709,8],"rotation":{"angle":-22.5,"axis":"y","origin":[9.5,1.48709,8]},"faces":{"north":{"uv":[8,1.5,7.25,2.25],"texture":"#0"},"east":{"uv":[0,0,3,0.75],"texture":"#0"},"south":{"uv":[8,0.75,7.25,1.5],"texture":"#0"},"west":{"uv":[3,0,0,0.75],"texture":"#0"},"up":{"uv":[0.75,0.75,0,3.75],"texture":"#0"},"down":{"uv":[1.5,3.75,0.75,0.75],"texture":"#0"}}},{"from":[12.5,0.73709,-5.75],"to":[15.5,9.73709,-2.75],"rotation":{"angle":-22.5,"axis":"x","origin":[14.5,5.23709,-2.75]},"faces":{"north":{"uv":[0.75,4.5,0,6.75],"texture":"#0"},"east":{"uv":[0.75,4.5,1.5,6.75],"texture":"#0"},"south":{"uv":[5,3.5,4.25,5.75],"texture":"#0"},"west":{"uv":[1.5,4.5,0.75,6.75],"texture":"#0"},"up":{"uv":[8,7,7.25,7.75],"texture":"#0"},"down":{"uv":[6.75,8.25,6,7.5],"texture":"#0"}}},{"from":[12.48,6.85741,-3.35463],"to":[15.53,9.85741,4.64537],"rotation":{"angle":-45,"axis":"x","origin":[14.5,4.35741,-3.35463]},"faces":{"north":{"uv":[8.25,7.75,7.5,8.5],"texture":"#0"},"east":{"uv":[7.25,0,9.25,0.75],"texture":"#0"},"south":{"uv":[7.5,7.75,6.75,8.5],"texture":"#0"},"west":{"uv":[9.25,0,7.25,0.75],"texture":"#0"},"up":{"uv":[0.75,6.75,0,8.75],"texture":"#0"},"down":{"uv":[1.5,8.75,0.75,6.75],"texture":"#0"}}},{"from":[13,3.85741,2.64537],"to":[15,6.85741,4.64537],"rotation":{"angle":-45,"axis":"x","origin":[14.5,4.35741,-3.35463]},"faces":{"north":{"uv":[5.75,5.75,5.25,6.5],"texture":"#0"},"east":{"uv":[6,6.75,6.5,7.5],"texture":"#0"},"south":{"uv":[4.25,5,3.75,5.75],"texture":"#0"},"west":{"uv":[6.5,6.75,6,7.5],"texture":"#0"},"up":{"uv":[2.75,4.5,2.25,5],"texture":"#0"},"down":{"uv":[3.25,9.25,2.75,8.75],"texture":"#0"}}},{"from":[14,0.85741,-1.35463],"to":[14.04,5.85741,4.64537],"rotation":{"angle":-45,"axis":"x","origin":[14.5,4.35741,-3.35463]},"faces":{"east":{"uv":[2.75,3.75,4.25,5],"texture":"#0"},"west":{"uv":[4.25,3.75,2.75,5],"texture":"#0"}}}],"gui_light":"front","display":{"thirdperson_righthand":{"rotation":[55,0,0],"translation":[0,2,1.75],"scale":[0.4,0.4,0.4]},"thirdperson_lefthand":{"rotation":[77,180,0],"translation":[-5.75,-7.5,8],"scale":[0.6,0.6,0.6]},"firstperson_righthand":{"rotation":[0,134,0],"translation":[10,-4,-17.5]},"firstperson_lefthand":{"scale":[0,0,0]},"ground":{"rotation":[80,0,0],"translation":[0,0.5,-1.25],"scale":[0.6,0.6,0.6]},"gui":{"rotation":[0,180,0],"translation":[0,-1.5,0],"scale":[0.55,0.55,0.55]},"head":{"rotation":[7,180,0],"translation":[0,-42.25,4.5],"scale":[1.2,1.2,1.2]},"fixed":{"translation":[0,-2.5,-4],"scale":[1.32,1.32,1.32]}},"groups":[{"name":"group","origin":[8,7.98709,8],"color":0,"boneType":"","children":[{"name":"group","origin":[24.3,19.42738,10.66317],"color":0,"boneType":"","children":[0,1,2,3,4,5]},{"name":"group","origin":[24.3,19.42738,10.66317],"color":0,"boneType":"","children":[6,7,8,9,10,11]},{"name":"group","origin":[-5.5,-1.88067,8.23223],"color":0,"boneType":"","children":[12,13,14,15,16,17]},{"name":"group","origin":[-5.5,-1.88067,8.23223],"color":0,"boneType":"","children":[18,19,20,21,22,23]},{"name":"group","origin":[1.5,3.60741,9.10463],"color":0,"boneType":"","children":[24,25,26,27,28]},{"name":"group","origin":[1.5,3.60741,9.10463],"color":0,"boneType":"","children":[29,30,31,32,33]}]}]}