{"credit":"Made with Blockbench","texture_size":[64,64],"textures":{"1":"elitecreatures:demonking_assortment/muzan_battle_axe"},"elements":[{"from":[6,-7.66168,7.5],"to":[9,-4.66168,10.5],"rotation":{"angle":45,"axis":"x","origin":[8,-6.66168,9.5]},"faces":{"north":{"uv":[1,7.75,1.75,8.5],"texture":"#1"},"east":{"uv":[8.25,7.25,7.5,8],"texture":"#1"},"south":{"uv":[1.75,7.75,2.5,8.5],"texture":"#1"},"west":{"uv":[7.5,7.25,8.25,8],"texture":"#1"},"up":{"uv":[8.75,2.25,8,1.5],"rotation":270,"texture":"#1"},"down":{"uv":[8.75,2.25,8,3],"rotation":90,"texture":"#1"}}},{"from":[7.48,-13.66168,6.5],"to":[7.5,-5.66168,12.5],"rotation":{"angle":0,"axis":"y","origin":[7.5,-8.66168,10.5]},"faces":{"east":{"uv":[5,4.5,3.5,6.5],"texture":"#1"},"west":{"uv":[3.5,4.5,5,6.5],"texture":"#1"}}},{"from":[6.5,-5.96168,8.5],"to":[8.5,10.03832,10.5],"rotation":{"angle":-45,"axis":"y","origin":[7.5,-1.66168,9.5]},"faces":{"north":{"uv":[0.5,5.5,0,9.5],"texture":"#1"},"east":{"uv":[1,5.5,0.5,9.5],"texture":"#1"},"south":{"uv":[0.5,5.5,1,9.5],"texture":"#1"},"west":{"uv":[0,5.5,0.5,9.5],"texture":"#1"}}},{"from":[5.5,5.83832,7.07],"to":[9.5,9.83832,11.07],"rotation":{"angle":45,"axis":"x","origin":[8.5,8.03832,9.5]},"faces":{"north":{"uv":[6.5,6.5,7.5,7.5],"texture":"#1"},"east":{"uv":[7.5,5.5,6.5,6.5],"texture":"#1"},"south":{"uv":[2,6.75,3,7.75],"texture":"#1"},"west":{"uv":[6.5,5.5,7.5,6.5],"texture":"#1"},"up":{"uv":[8,3,7,2],"rotation":270,"texture":"#1"},"down":{"uv":[8,3,7,4],"rotation":90,"texture":"#1"}}},{"from":[5.48,9.24543,6.49289],"to":[9.52,12.24543,12.49289],"rotation":{"angle":22.5,"axis":"x","origin":[7.5,10.24543,9.49289]},"faces":{"north":{"uv":[3.75,7.25,4.75,8],"texture":"#1"},"east":{"uv":[5,6.5,3.5,7.25],"texture":"#1"},"south":{"uv":[4.75,7.25,5.75,8],"texture":"#1"},"west":{"uv":[3.5,6.5,5,7.25],"texture":"#1"},"up":{"uv":[2.5,6.5,1,5.5],"rotation":270,"texture":"#1"},"down":{"uv":[7,2,5.5,3],"rotation":90,"texture":"#1"}}},{"from":[5.48,12.24543,5.49289],"to":[9.52,15.24543,11.49289],"rotation":{"angle":22.5,"axis":"x","origin":[7.5,10.24543,9.49289]},"faces":{"north":{"uv":[7.5,0,8.5,0.75],"texture":"#1"},"east":{"uv":[8,4,6.5,4.75],"texture":"#1"},"south":{"uv":[7.5,0.75,8.5,1.5],"texture":"#1"},"west":{"uv":[6.5,4,8,4.75],"texture":"#1"},"up":{"uv":[7,4,5.5,3],"rotation":270,"texture":"#1"},"down":{"uv":[7.5,0,6,1],"rotation":90,"texture":"#1"}}},{"from":[5.51,14.22363,8.29975],"to":[9.49,19.22363,11.29975],"rotation":{"angle":0,"axis":"y","origin":[7.5,18.32363,10.09975]},"faces":{"north":{"uv":[2.5,5.5,3.5,6.75],"texture":"#1"},"east":{"uv":[3.75,7.25,3,8.5],"texture":"#1"},"south":{"uv":[1,6.5,2,7.75],"texture":"#1"},"west":{"uv":[3,7.25,3.75,8.5],"texture":"#1"},"up":{"uv":[6.5,8.25,5.75,7.25],"rotation":270,"texture":"#1"},"down":{"uv":[8.25,5.5,7.5,6.5],"rotation":90,"texture":"#1"}}},{"from":[5.49,17.74543,8.99289],"to":[9.51,20.74543,14.99289],"rotation":{"angle":-22.5,"axis":"x","origin":[7.5,14.24543,9.49289]},"faces":{"north":{"uv":[6.5,7.5,7.5,8.25],"texture":"#1"},"east":{"uv":[8,4.75,6.5,5.5],"texture":"#1"},"south":{"uv":[7.5,6.5,8.5,7.25],"texture":"#1"},"west":{"uv":[6.5,4.75,8,5.5],"texture":"#1"},"up":{"uv":[7.5,2,6,1],"rotation":270,"texture":"#1"},"down":{"uv":[6.5,6.25,5,7.25],"rotation":90,"texture":"#1"}}},{"from":[7.49,20.67271,9.17651],"to":[7.51,28.67271,19.17651],"rotation":{"angle":22.5,"axis":"x","origin":[7.5,26.47271,11.17651]},"faces":{"east":{"uv":[6,0,3.5,2],"texture":"#1"},"west":{"uv":[3.5,0,6,2],"texture":"#1"}}},{"from":[6.99,13.72363,1.29975],"to":[7.99,17.72363,8.29975],"rotation":{"angle":0,"axis":"y","origin":[7.5,16.32363,10.09975]},"faces":{"north":{"uv":[1.5,2,1.75,3],"texture":"#1"},"east":{"uv":[3.25,2,1.5,3],"texture":"#1"},"west":{"uv":[1.5,2,3.25,3],"texture":"#1"},"up":{"uv":[3.25,2,1.5,2.25],"rotation":270,"texture":"#1"},"down":{"uv":[3.25,2.75,1.5,3],"rotation":90,"texture":"#1"}}},{"from":[7.49,8.17271,6.37651],"to":[7.51,18.17271,14.37651],"rotation":{"angle":-22.5,"axis":"x","origin":[7.5,26.17271,11.17651]},"faces":{"east":{"uv":[5.5,2,3.5,4.5],"texture":"#1"},"west":{"uv":[3.5,2,5.5,4.5],"texture":"#1"}}},{"from":[-0.6,11.03832,9.87],"to":[5.4,18.03832,9.9],"rotation":{"angle":45,"axis":"y","origin":[5.4,14.53832,9.9]},"faces":{"north":{"uv":[5,4.5,6.5,6.25],"texture":"#1"},"south":{"uv":[6.5,4.5,5,6.25],"texture":"#1"}}},{"from":[6.97,13.65037,2.55485],"to":[8.01,18.65037,9.55485],"rotation":{"angle":-45,"axis":"x","origin":[3.99,14.45037,3.25485]},"faces":{"north":{"uv":[8.75,0,9,1.25],"texture":"#1"},"east":{"uv":[10.5,0,8.75,1.25],"texture":"#1"},"west":{"uv":[8.75,0,10.5,1.25],"texture":"#1"},"up":{"uv":[10.5,0,8.75,0.25],"rotation":270,"texture":"#1"}}},{"from":[7.51,3.72363,-4.70025],"to":[7.49,25.72363,9.29975],"rotation":{"angle":0,"axis":"y","origin":[7.5,16.32363,10.09975]},"faces":{"east":{"uv":[3.5,0,0,5.5],"texture":"#1"},"west":{"uv":[0,0,3.5,5.5],"texture":"#1"}}},{"from":[9.6,11.03832,9.87],"to":[15.6,18.03832,9.9],"rotation":{"angle":-45,"axis":"y","origin":[9.6,14.53832,9.9]},"faces":{"north":{"uv":[6.5,4.5,5,6.25],"texture":"#1"},"south":{"uv":[5,4.5,6.5,6.25],"texture":"#1"}}}],"gui_light":"front","display":{"thirdperson_righthand":{"translation":[-0.25,3.25,1],"scale":[0.6,0.6,0.6]},"thirdperson_lefthand":{"translation":[-0.25,3.25,1],"scale":[0.6,0.6,0.6]},"firstperson_righthand":{"rotation":[-14,22,0],"translation":[3.5,3.75,-3],"scale":[0.5,0.5,0.5]},"firstperson_lefthand":{"rotation":[-14,22,0],"translation":[3.5,3.75,-3],"scale":[0.5,0.5,0.5]},"ground":{"rotation":[94,85,0],"translation":[0,0.25,-0.75],"scale":[0.5,0.5,0.5]},"gui":{"rotation":[-90,45,88],"translation":[0,-0.5,0],"scale":[0.48,0.48,0.48]},"head":{"rotation":[90,-171,90],"translation":[-2.25,9.25,0.25],"scale":[0.7,0.7,0.7]},"fixed":{"rotation":[0,90,0],"translation":[0,0.25,-1.25],"scale":[1.2,1.2,1.2]}},"groups":[{"name":"group","origin":[7.6,15.53832,10.1],"color":0,"boneType":"","children":[0,1,2,3,4,5,6,7,8,9,10,11,12,13,14]}]}