{
	"credit": "Made with Blockbench",
	"texture_size": [32, 32],
	"textures": {
		"1": "elitecreatures:demonking_assortment/muzan_bow"
	},
	"elements": [
		{
			"from": [7, 4, 5],
			"to": [9, 12, 7],
			"rotation": {"angle": 45, "axis": "y", "origin": [8, 8, 6]},
			"faces": {
				"north": {"uv": [3.5, 7.5, 2.5, 11.5], "texture": "#1"},
				"east": {"uv": [2.5, 7.5, 3.5, 11.5], "texture": "#1"},
				"south": {"uv": [3.5, 7.5, 4.5, 11.5], "texture": "#1"},
				"west": {"uv": [4.5, 7.5, 3.5, 11.5], "texture": "#1"}
			}
		},
		{
			"from": [6, 11.5, 4],
			"to": [10, 14.5, 9],
			"rotation": {"angle": 22.5, "axis": "x", "origin": [8, 13, 6]},
			"faces": {
				"north": {"uv": [8.5, 1.5, 10.5, 3], "texture": "#1"},
				"east": {"uv": [7, 0, 9.5, 1.5], "texture": "#1"},
				"south": {"uv": [8.5, 3, 10.5, 4.5], "texture": "#1"},
				"west": {"uv": [9.5, 0, 7, 1.5], "texture": "#1"},
				"up": {"uv": [7, 2.5, 5, 0], "texture": "#1"},
				"down": {"uv": [5, 5, 3, 7.5], "texture": "#1"}
			}
		},
		{
			"from": [6, 14.5, 3],
			"to": [10, 17.5, 8],
			"rotation": {"angle": 22.5, "axis": "x", "origin": [8, 13, 6]},
			"faces": {
				"north": {"uv": [8.5, 4.5, 10.5, 6], "texture": "#1"},
				"east": {"uv": [4.5, 7.5, 7, 9], "texture": "#1"},
				"south": {"uv": [8.5, 6, 10.5, 7.5], "texture": "#1"},
				"west": {"uv": [7, 7.5, 4.5, 9], "texture": "#1"},
				"up": {"uv": [7, 7.5, 5, 5], "texture": "#1"},
				"down": {"uv": [8.5, 2.5, 6.5, 5], "texture": "#1"}
			}
		},
		{
			"from": [7, 16.6, 5.9],
			"to": [9, 19.6, 12.9],
			"rotation": {"angle": -22.5, "axis": "x", "origin": [7.5, 18, 10]},
			"faces": {
				"north": {"uv": [9.5, 0, 10.5, 1.5], "texture": "#1"},
				"east": {"uv": [3, 3.5, 6.5, 5], "texture": "#1"},
				"south": {"uv": [10, 7.5, 11, 9], "texture": "#1"},
				"west": {"uv": [6.5, 3.5, 3, 5], "texture": "#1"},
				"up": {"uv": [8, 11.5, 7, 8], "texture": "#1"},
				"down": {"uv": [9, 8, 8, 11.5], "texture": "#1"}
			}
		},
		{
			"from": [6.98, 17.64679, 10.57352],
			"to": [9.01, 21.64679, 15.57352],
			"rotation": {"angle": 22.5, "axis": "x", "origin": [7.5, 20.04679, 13.37352]},
			"faces": {
				"north": {"uv": [9, 7.5, 10, 9.5], "texture": "#1"},
				"east": {"uv": [0, 7, 2.5, 9], "texture": "#1"},
				"south": {"uv": [9, 9.5, 10, 11.5], "texture": "#1"},
				"west": {"uv": [2.5, 7, 0, 9], "texture": "#1"},
				"up": {"uv": [5.5, 11.5, 4.5, 9], "texture": "#1"},
				"down": {"uv": [6.5, 9, 5.5, 11.5], "texture": "#1"}
			}
		},
		{
			"from": [7.01, 17.97433, 15.00192],
			"to": [8.99, 23.97433, 18.00192],
			"rotation": {"angle": 45, "axis": "x", "origin": [8.0045, 23.51668, 15.19432]},
			"faces": {
				"north": {"uv": [0, 9, 1, 12], "texture": "#1"},
				"east": {"uv": [7, 5, 8.5, 8], "texture": "#1"},
				"south": {"uv": [1, 9, 2, 12], "texture": "#1"},
				"west": {"uv": [8.5, 5, 7, 8], "texture": "#1"},
				"up": {"uv": [11, 10.5, 10, 9], "texture": "#1"},
				"down": {"uv": [11.5, 0, 10.5, 1.5], "texture": "#1"}
			}
		},
		{
			"from": [8, 15.53387, -2.19761],
			"to": [8.02, 22.53387, 3.80239],
			"rotation": {"angle": 45, "axis": "x", "origin": [8.001, 15.53387, 3.80239]},
			"faces": {
				"east": {"uv": [0, 3.5, 3, 7], "texture": "#1"},
				"west": {"uv": [3, 3.5, 0, 7], "texture": "#1"}
			}
		},
		{
			"from": [7.999, 22.8659, 9.95916],
			"to": [8.019, 29.8659, 19.95916],
			"rotation": {"angle": 22.5, "axis": "x", "origin": [8.0045, 23.51668, 15.19432]},
			"faces": {
				"east": {"uv": [0, 0, 5, 3.5], "texture": "#1"},
				"west": {"uv": [5, 0, 0, 3.5], "texture": "#1"}
			}
		},
		{
			"from": [7.01, -7.97433, 15.00192],
			"to": [8.99, -1.97433, 18.00192],
			"rotation": {"angle": -45, "axis": "x", "origin": [8.0045, -7.51668, 15.19432]},
			"faces": {
				"north": {"uv": [0, 12, 1, 9], "texture": "#1"},
				"east": {"uv": [7, 8, 8.5, 5], "texture": "#1"},
				"south": {"uv": [1, 12, 2, 9], "texture": "#1"},
				"west": {"uv": [8.5, 8, 7, 5], "texture": "#1"},
				"up": {"uv": [11.5, 1.5, 10.5, 0], "texture": "#1"},
				"down": {"uv": [11, 9, 10, 10.5], "texture": "#1"}
			}
		},
		{
			"from": [7.999, -13.8659, 9.95916],
			"to": [8.019, -6.8659, 19.95916],
			"rotation": {"angle": -22.5, "axis": "x", "origin": [8.0045, -7.51668, 15.19432]},
			"faces": {
				"east": {"uv": [0, 3.5, 5, 0], "texture": "#1"},
				"west": {"uv": [5, 3.5, 0, 0], "texture": "#1"}
			}
		},
		{
			"from": [6, -1.5, 3],
			"to": [10, 1.5, 8],
			"rotation": {"angle": -22.5, "axis": "x", "origin": [8, 3, 6]},
			"faces": {
				"north": {"uv": [8.5, 6, 10.5, 4.5], "texture": "#1"},
				"east": {"uv": [4.5, 9, 7, 7.5], "texture": "#1"},
				"south": {"uv": [8.5, 7.5, 10.5, 6], "texture": "#1"},
				"west": {"uv": [7, 9, 4.5, 7.5], "texture": "#1"},
				"up": {"uv": [8.5, 5, 6.5, 2.5], "texture": "#1"},
				"down": {"uv": [7, 5, 5, 7.5], "texture": "#1"}
			}
		},
		{
			"from": [6, 1.5, 4],
			"to": [10, 4.5, 9],
			"rotation": {"angle": -22.5, "axis": "x", "origin": [8, 3, 6]},
			"faces": {
				"north": {"uv": [8.5, 3, 10.5, 1.5], "texture": "#1"},
				"east": {"uv": [7, 1.5, 9.5, 0], "texture": "#1"},
				"south": {"uv": [8.5, 4.5, 10.5, 3], "texture": "#1"},
				"west": {"uv": [9.5, 1.5, 7, 0], "texture": "#1"},
				"up": {"uv": [5, 7.5, 3, 5], "texture": "#1"},
				"down": {"uv": [7, 0, 5, 2.5], "texture": "#1"}
			}
		},
		{
			"from": [8, -6.53387, -2.19761],
			"to": [8.02, 0.46613, 3.80239],
			"rotation": {"angle": -45, "axis": "x", "origin": [8.001, 0.46613, 3.80239]},
			"faces": {
				"east": {"uv": [0, 7, 3, 3.5], "texture": "#1"},
				"west": {"uv": [3, 7, 0, 3.5], "texture": "#1"}
			}
		},
		{
			"from": [7, -3.6, 5.9],
			"to": [9, -0.6, 12.9],
			"rotation": {"angle": 22.5, "axis": "x", "origin": [7.5, -2, 10]},
			"faces": {
				"north": {"uv": [9.5, 1.5, 10.5, 0], "texture": "#1"},
				"east": {"uv": [3, 5, 6.5, 3.5], "texture": "#1"},
				"south": {"uv": [10, 9, 11, 7.5], "texture": "#1"},
				"west": {"uv": [6.5, 5, 3, 3.5], "texture": "#1"},
				"up": {"uv": [9, 11.5, 8, 8], "texture": "#1"},
				"down": {"uv": [8, 8, 7, 11.5], "texture": "#1"}
			}
		},
		{
			"from": [6.98, -5.64679, 10.57352],
			"to": [9.01, -1.64679, 15.57352],
			"rotation": {"angle": -22.5, "axis": "x", "origin": [7.5, -4.04679, 13.37352]},
			"faces": {
				"north": {"uv": [9, 9.5, 10, 7.5], "texture": "#1"},
				"east": {"uv": [0, 9, 2.5, 7], "texture": "#1"},
				"south": {"uv": [9, 11.5, 10, 9.5], "texture": "#1"},
				"west": {"uv": [2.5, 9, 0, 7], "texture": "#1"},
				"up": {"uv": [6.5, 11.5, 5.5, 9], "texture": "#1"},
				"down": {"uv": [5.5, 9, 4.5, 11.5], "texture": "#1"}
			}
		},
		{
			"from": [8, 8, 19],
			"to": [8.03, 20, 20],
			"rotation": {"angle": -22.5, "axis": "x", "origin": [8.015, 8, 20]},
			"faces": {
				"east": {"uv": [11.5, 0, 12, 5.5], "texture": "#1"},
				"west": {"uv": [12, 0, 11.5, 5.5], "texture": "#1"}
			}
		},
		{
			"from": [8, -4, 19],
			"to": [8.03, 8, 20],
			"rotation": {"angle": 22.5, "axis": "x", "origin": [8.015, 8, 20]},
			"faces": {
				"east": {"uv": [11.5, 5.5, 12, 0], "texture": "#1"},
				"west": {"uv": [12, 5.5, 11.5, 0], "texture": "#1"}
			}
		},
		{
			"from": [6.55, 5.5, -4.5],
			"to": [6.6, 10.5, 19.5],
			"rotation": {"angle": 0, "axis": "y", "origin": [1.15, 7.5, 6.5]},
			"faces": {
				"east": {"uv": [0, 13.5, 12, 16], "texture": "#1"},
				"west": {"uv": [12, 13.5, 0, 16], "texture": "#1"}
			}
		},
		{
			"from": [4.075, 7.975, -4.5],
			"to": [9.075, 8.025, 19.5],
			"rotation": {"angle": 0, "axis": "y", "origin": [1.15, 7.5, 6.5]},
			"faces": {
				"up": {"uv": [0, 13.5, 12, 16], "rotation": 270, "texture": "#1"},
				"down": {"uv": [12, 13.5, 0, 16], "rotation": 270, "texture": "#1"}
			}
		},
		{
			"from": [6.05, 7.5, -0.5],
			"to": [7.05, 8.5, 17.5],
			"rotation": {"angle": 0, "axis": "y", "origin": [1.15, 7.5, 6.5]},
			"faces": {
				"north": {"uv": [9.5, 14.5, 10, 15], "texture": "#1"},
				"east": {"uv": [1, 14.5, 10, 15], "texture": "#1"},
				"south": {"uv": [1, 14.5, 1.5, 15], "texture": "#1"},
				"west": {"uv": [10, 14.5, 1, 15], "texture": "#1"},
				"up": {"uv": [10, 14.5, 1, 15], "rotation": 90, "texture": "#1"},
				"down": {"uv": [1, 14.5, 10, 15], "rotation": 90, "texture": "#1"}
			}
		}
	],
	"gui_light": "front",
	"display": {
		"thirdperson_righthand": {
			"rotation": [0, -3, 0],
			"translation": [-1, -1.75, 2],
			"scale": [0.55, 0.55, 0.55]
		},
		"thirdperson_lefthand": {
			"rotation": [0, -3, 0],
			"translation": [-1, -1.75, 2],
			"scale": [0.55, 0.55, 0.55]
		},
		"firstperson_righthand": {
			"rotation": [27, 31, 3],
			"translation": [3.5, 4.75, -6.5],
			"scale": [0.54883, 0.54883, 0.54883]
		},
		"firstperson_lefthand": {
			"rotation": [27, 31, 3],
			"translation": [3.5, 4.75, -6.5],
			"scale": [0.54883, 0.54883, 0.54883]
		},
		"ground": {
			"rotation": [94, 85, 0],
			"translation": [0, 0, 0.25],
			"scale": [0.5, 0.5, 0.5]
		},
		"gui": {
			"rotation": [-57, 135, 71],
			"translation": [-1, 1, 0],
			"scale": [0.4, 0.4, 0.4]
		},
		"head": {
			"rotation": [91, -1, 90],
			"translation": [0, 10.5, 0.25],
			"scale": [0.7, 0.7, 0.7]
		},
		"fixed": {
			"rotation": [0, 90, 0],
			"translation": [0.25, 0.25, -2.25],
			"scale": [1.2, 1.2, 1.2]
		}
	},
	"groups": [
		{
			"name": "group",
			"origin": [8.999, -13.3659, 15.15916],
			"color": 0,
			"boneType": "",
			"children": [
				0,
				1,
				2,
				3,
				4,
				5,
				6,
				7,
				8,
				9,
				10,
				11,
				12,
				13,
				14,
				15,
				16,
				{
					"name": "arrow",
					"origin": [0, 0, 0],
					"color": 0,
					"boneType": "",
					"children": [17, 18, 19]
				}
			]
		}
	]
}