{"credit":"Made with Blockbench","texture_size":[32,32],"textures":{"0":"elitecreatures:demonking_assortment/muzan_crossobw","particle":"elitecreatures:demonking_assortment/muzan_crossobw"},"elements":[{"from":[5.5,1.7,12.6],"to":[10.5,6.7,15.6],"rotation":{"angle":22.5,"axis":"x","origin":[8.5,10.2,14.1]},"faces":{"north":{"uv":[5,1.5,7.5,4],"texture":"#0"},"east":{"uv":[9,1.5,7.5,4],"texture":"#0"},"south":{"uv":[5,4,7.5,6.5],"texture":"#0"},"west":{"uv":[7.5,1.5,9,4],"texture":"#0"},"up":{"uv":[10,5.5,7.5,4],"texture":"#0"},"down":{"uv":[11,5.5,8.5,7],"texture":"#0"}}},{"from":[6,2.7,15.6],"to":[10,7.7,18.6],"rotation":{"angle":22.5,"axis":"x","origin":[8.5,10.2,14.1]},"faces":{"north":{"uv":[4.5,6.5,6.5,9],"texture":"#0"},"east":{"uv":[10,7,8.5,9.5],"texture":"#0"},"south":{"uv":[6.5,6.5,8.5,9],"texture":"#0"},"west":{"uv":[8.5,7,10,9.5],"texture":"#0"},"up":{"uv":[9,11,7,9.5],"texture":"#0"},"down":{"uv":[11,9.5,9,11],"texture":"#0"}}},{"from":[6.5,3.7,18.6],"to":[9.5,6.7,23.6],"rotation":{"angle":22.5,"axis":"x","origin":[8.5,10.2,14.1]},"faces":{"north":{"uv":[9.5,11,11,12.5],"texture":"#0"},"east":{"uv":[11.5,1.5,9,3],"texture":"#0"},"south":{"uv":[11,10.5,12.5,12],"texture":"#0"},"west":{"uv":[9,1.5,11.5,3],"texture":"#0"},"up":{"uv":[5.5,11.5,4,9],"texture":"#0"},"down":{"uv":[7,9,5.5,11.5],"texture":"#0"}}},{"from":[7,0.7,21.6],"to":[9,3.7,23.6],"rotation":{"angle":22.5,"axis":"x","origin":[8.5,10.2,14.1]},"faces":{"north":{"uv":[0,11.5,1,13],"texture":"#0"},"east":{"uv":[5,11.5,4,13],"texture":"#0"},"south":{"uv":[11.5,1,12.5,2.5],"texture":"#0"},"west":{"uv":[4,11.5,5,13],"texture":"#0"},"up":{"uv":[8.5,6.5,7.5,5.5],"texture":"#0"},"down":{"uv":[6,11.5,5,12.5],"texture":"#0"}}},{"from":[8,-3.3,17.6],"to":[8.02,1.7,23.6],"rotation":{"angle":22.5,"axis":"x","origin":[8.5,10.2,14.1]},"faces":{"east":{"uv":[4.5,5,1.5,7.5],"texture":"#0"},"west":{"uv":[1.5,5,4.5,7.5],"texture":"#0"}}},{"from":[1.14879,4.72,-4.74952],"to":[6.14879,4.74,-0.74952],"rotation":{"angle":45,"axis":"y","origin":[3.0833,5.62,-0.63123]},"faces":{"up":{"uv":[4,9.5,1.5,7.5],"texture":"#0"},"down":{"uv":[4,7.5,1.5,9.5],"texture":"#0"}}},{"from":[-4.48956,4.7,2.77436],"to":[2.51044,4.72,8.77436],"rotation":{"angle":0,"axis":"y","origin":[3.0833,5.62,-0.63123]},"faces":{"up":{"uv":[3.5,3,0,0],"texture":"#0"},"down":{"uv":[3.5,0,0,3],"texture":"#0"}}},{"from":[-1.85121,3.72,-0.74952],"to":[3.14879,5.72,1.25048],"rotation":{"angle":45,"axis":"y","origin":[3.0833,5.62,-0.63123]},"faces":{"north":{"uv":[10,0,12.5,1],"texture":"#0"},"east":{"uv":[6,11.5,7,12.5],"texture":"#0"},"south":{"uv":[10,3.5,12.5,4.5],"texture":"#0"},"west":{"uv":[1,12,2,13],"texture":"#0"},"up":{"uv":[12.5,5.5,10,4.5],"texture":"#0"},"down":{"uv":[12.5,7,10,8],"texture":"#0"}}},{"from":[1.9,3.68,1],"to":[6.9,5.71,3],"rotation":{"angle":-22.5,"axis":"y","origin":[6.9,5.7,3]},"faces":{"north":{"uv":[10,8,12.5,9],"texture":"#0"},"east":{"uv":[2,12,3,13],"texture":"#0"},"south":{"uv":[1.5,11,4,12],"texture":"#0"},"west":{"uv":[3,12,4,13],"texture":"#0"},"up":{"uv":[13.5,6.5,11,5.5],"texture":"#0"},"down":{"uv":[9.5,11,7,12],"texture":"#0"}}},{"from":[9.85121,4.72,-4.74952],"to":[14.85121,4.74,-0.74952],"rotation":{"angle":-45,"axis":"y","origin":[12.9167,5.62,-0.63123]},"faces":{"up":{"uv":[1.5,9.5,4,7.5],"texture":"#0"},"down":{"uv":[1.5,7.5,4,9.5],"texture":"#0"}}},{"from":[9.1,3.68,1],"to":[14.1,5.71,3],"rotation":{"angle":22.5,"axis":"y","origin":[9.1,5.7,3]},"faces":{"north":{"uv":[12.5,8,10,9],"texture":"#0"},"east":{"uv":[4,12,3,13],"texture":"#0"},"south":{"uv":[4,11,1.5,12],"texture":"#0"},"west":{"uv":[3,12,2,13],"texture":"#0"},"up":{"uv":[11,6.5,13.5,5.5],"texture":"#0"},"down":{"uv":[7,11,9.5,12],"texture":"#0"}}},{"from":[12.85121,3.72,-0.74952],"to":[17.85121,5.72,1.25048],"rotation":{"angle":-45,"axis":"y","origin":[12.9167,5.62,-0.63123]},"faces":{"north":{"uv":[12.5,0,10,1],"texture":"#0"},"east":{"uv":[2,12,1,13],"texture":"#0"},"south":{"uv":[12.5,3.5,10,4.5],"texture":"#0"},"west":{"uv":[7,11.5,6,12.5],"texture":"#0"},"up":{"uv":[10,5.5,12.5,4.5],"texture":"#0"},"down":{"uv":[10,7,12.5,8],"texture":"#0"}}},{"from":[13.48956,4.7,2.77436],"to":[20.48956,4.72,8.77436],"rotation":{"angle":0,"axis":"y","origin":[12.9167,5.62,-0.63123]},"faces":{"up":{"uv":[0,3,3.5,0],"texture":"#0"},"down":{"uv":[0,0,3.5,3],"texture":"#0"}}},{"from":[7,3,0],"to":[10,6,13],"rotation":{"angle":45,"axis":"z","origin":[8,4,10.5]},"faces":{"north":{"uv":[3.5,1.5,5,3],"texture":"#0"},"east":{"uv":[0,11.5,1.5,5],"rotation":90,"texture":"#0"},"south":{"uv":[11,9,12.5,10.5],"texture":"#0"},"west":{"uv":[3.5,0,10,1.5],"texture":"#0"},"up":{"uv":[1.5,11.5,0,5],"texture":"#0"},"down":{"uv":[10,0,3.5,1.5],"rotation":90,"texture":"#0"}}},{"from":[8,-1.41421,-6],"to":[8.02,2.58579,4],"rotation":{"angle":0,"axis":"y","origin":[0,0.58579,0]},"faces":{"east":{"uv":[5,3,0,5],"texture":"#0"},"west":{"uv":[0,3,5,5],"texture":"#0"}}},{"from":[8,6.82843,4],"to":[8.02,9.82843,9],"rotation":{"angle":0,"axis":"y","origin":[0,0.82843,-3]},"faces":{"east":{"uv":[4,9.5,1.5,11],"texture":"#0"},"west":{"uv":[1.5,9.5,4,11],"texture":"#0"}}},{"from":[1,5,3],"to":[15,5.02,4],"faces":{"up":{"uv":[16,3.5,9,3],"texture":"#0"},"down":{"uv":[16,3.5,9,3],"texture":"#0"}}}],"gui_light":"front","display":{"thirdperson_righthand":{"translation":[0,3.5,-3.75],"scale":[0.55,0.55,0.55]},"thirdperson_lefthand":{"translation":[0,3.5,-3.75],"scale":[0.55,0.55,0.55]},"firstperson_righthand":{"rotation":[9,-4,14],"translation":[4.5,-0.25,-7.5]},"firstperson_lefthand":{"rotation":[9,-4,14],"translation":[4.5,-0.25,-7.5]},"ground":{"translation":[0,0.25,0],"scale":[0.57,0.57,0.57]},"gui":{"rotation":[48,128,0],"translation":[0.5,0.5,0],"scale":[0.5,0.5,0.5]},"head":{"translation":[0,14,0]},"fixed":{"rotation":[-90,0,0],"translation":[0,0,-12.5],"scale":[1.62305,1.62305,1.62305]}},"groups":[{"name":"group","origin":[8.5,10.2,14.1],"color":0,"boneType":"","children":[0,1,2,3,4,5,6,7,8,9,10,11,12,13,14,15,16]}]}