{"credit":"Made with Blockbench","texture_size":[64,64],"textures":{"1":"elitecreatures:demonking_assortment/muzan_fishing_rod"},"elements":[{"from":[7.9,26.74497,-10.25],"to":[7.95,29.74497,6.75],"rotation":{"angle":-22.5,"axis":"x","origin":[8,28.74497,7.75]},"faces":{"east":{"uv":[8.75,3.25,4.5,4],"texture":"#1"},"west":{"uv":[4.5,3.25,8.75,4],"texture":"#1"}}},{"from":[6.4,23.72157,-0.44969],"to":[9.4,26.72157,1.55031],"rotation":{"angle":0,"axis":"y","origin":[7.9,25.22157,0.55031]},"faces":{"north":{"uv":[3.75,5.5,4.5,6.25],"texture":"#1"},"east":{"uv":[8.75,7.25,8.25,8],"texture":"#1"},"south":{"uv":[3.25,8,4,8.75],"texture":"#1"},"west":{"uv":[8.25,7.25,8.75,8],"texture":"#1"},"up":{"uv":[8.75,8.75,8.25,8],"rotation":270,"texture":"#1"},"down":{"uv":[6,8.5,5.5,9.25],"rotation":90,"texture":"#1"}}},{"from":[6.4,22.72157,-2.44969],"to":[9.4,25.72157,-0.44969],"rotation":{"angle":0,"axis":"y","origin":[7.9,24.22157,-1.44969]},"faces":{"north":{"uv":[8.25,0,9,0.75],"texture":"#1"},"east":{"uv":[6.5,8.5,6,9.25],"texture":"#1"},"south":{"uv":[8.25,0.75,9,1.5],"texture":"#1"},"west":{"uv":[6,8.5,6.5,9.25],"texture":"#1"},"up":{"uv":[8.25,9.25,7.75,8.5],"rotation":270,"texture":"#1"},"down":{"uv":[0.5,8.75,0,9.5],"rotation":90,"texture":"#1"}}},{"from":[7,15.74497,7],"to":[9,28.74497,9],"rotation":{"angle":0,"axis":"y","origin":[8,19.24497,8]},"faces":{"north":{"uv":[0,5.75,0.5,8.75],"texture":"#1"},"east":{"uv":[5.75,4.25,5.25,7.25],"texture":"#1"},"south":{"uv":[0.5,5.75,1,8.75],"texture":"#1"},"west":{"uv":[5.25,4.25,5.75,7.25],"texture":"#1"},"up":{"uv":[5.25,7.25,4.75,6.75],"rotation":270,"texture":"#1"}}},{"from":[7.98,19,4],"to":[8,32,13],"rotation":{"angle":0,"axis":"y","origin":[8,29.24497,8]},"faces":{"east":{"uv":[6.75,0,4.5,3.25],"texture":"#1"},"west":{"uv":[4.5,0,6.75,3.25],"texture":"#1"}}},{"from":[6.2,25.79497,3.8],"to":[9.2,25.84497,6.8],"rotation":{"angle":45,"axis":"y","origin":[8,13.04497,5]},"faces":{"up":{"uv":[5.5,9,4.75,8.25],"rotation":270,"texture":"#1"},"down":{"uv":[4.75,9,5.5,8.25],"rotation":90,"texture":"#1"}}},{"from":[8,3.85868,-7.41421],"to":[8.05,27.85868,10.58579],"rotation":{"angle":45,"axis":"x","origin":[5.5,12.85868,1.58579]},"faces":{"east":{"uv":[4.5,0,0,5.5],"texture":"#1"},"west":{"uv":[0,0,4.5,5.5],"texture":"#1"}}},{"from":[7,5.74497,6.5],"to":[9,15.74497,9.5],"rotation":{"angle":0,"axis":"y","origin":[8,16.24497,8]},"faces":{"north":{"uv":[1.75,6.75,2.25,9.25],"texture":"#1"},"east":{"uv":[5.25,4,4.5,6.5],"texture":"#1"},"south":{"uv":[4.25,6.75,4.75,9.25],"texture":"#1"},"west":{"uv":[4.5,4,5.25,6.5],"texture":"#1"},"up":{"uv":[9,2,8.25,1.5],"rotation":270,"texture":"#1"},"down":{"uv":[1.25,8.75,0.5,9.25],"rotation":90,"texture":"#1"}}},{"from":[6,3.74497,4.9],"to":[10,6.74497,10.9],"rotation":{"angle":-22.5,"axis":"x","origin":[8,5.24497,7.9]},"faces":{"north":{"uv":[7.75,2,8.75,2.75],"texture":"#1"},"east":{"uv":[7.25,7,5.75,7.75],"texture":"#1"},"south":{"uv":[5.75,7.75,6.75,8.5],"texture":"#1"},"west":{"uv":[5.75,7,7.25,7.75],"texture":"#1"},"up":{"uv":[3.75,6.5,2.25,5.5],"rotation":270,"texture":"#1"},"down":{"uv":[7.25,4,5.75,5],"rotation":90,"texture":"#1"}}},{"from":[8,-0.25503,10.9],"to":[8.02,6.74497,16.9],"rotation":{"angle":-22.5,"axis":"x","origin":[8,5.24497,7.9]},"faces":{"east":{"uv":[10.5,0,9,1.75],"texture":"#1"},"west":{"uv":[9,0,10.5,1.75],"texture":"#1"}}},{"from":[5.98,0.74497,3.9],"to":[10.02,3.74497,9.9],"rotation":{"angle":-22.5,"axis":"x","origin":[8,5.24497,7.9]},"faces":{"north":{"uv":[7.75,5.75,8.75,6.5],"texture":"#1"},"east":{"uv":[8.75,4,7.25,4.75],"texture":"#1"},"south":{"uv":[7.75,6.5,8.75,7.25],"texture":"#1"},"west":{"uv":[7.25,4,8.75,4.75],"texture":"#1"},"up":{"uv":[7.25,6,5.75,5],"rotation":270,"texture":"#1"},"down":{"uv":[7.25,6,5.75,7],"rotation":90,"texture":"#1"}}},{"from":[6,-3.07623,7.08611],"to":[10,2.92377,11.08611],"rotation":{"angle":22.5,"axis":"x","origin":[8,1.42377,8.58611]},"faces":{"north":{"uv":[3.25,6.5,4.25,8],"texture":"#1"},"east":{"uv":[3.25,6.5,2.25,8],"texture":"#1"},"south":{"uv":[6.75,0,7.75,1.5],"texture":"#1"},"west":{"uv":[2.25,6.5,3.25,8],"texture":"#1"},"up":{"uv":[5.75,8.25,4.75,7.25],"rotation":270,"texture":"#1"},"down":{"uv":[8.25,4.75,7.25,5.75],"rotation":90,"texture":"#1"}}},{"from":[6.99,-10.25503,6.5],"to":[9.02,-2.25503,9.5],"rotation":{"angle":0,"axis":"y","origin":[8,9.24497,7]},"faces":{"north":{"uv":[7.25,5.75,7.75,7.75],"texture":"#1"},"east":{"uv":[1.75,6.75,1,8.75],"texture":"#1"},"south":{"uv":[7.75,0,8.25,2],"texture":"#1"},"west":{"uv":[1,6.75,1.75,8.75],"texture":"#1"},"up":{"uv":[9.5,2.5,8.75,2],"rotation":270,"texture":"#1"},"down":{"uv":[4,8.75,3.25,9.25],"rotation":90,"texture":"#1"}}},{"from":[7,-13.46213,5.97157],"to":[9,-8.46213,8.17157],"rotation":{"angle":45,"axis":"x","origin":[8,-10.96213,6.67157]},"faces":{"north":{"uv":[7.25,7.75,7.75,9],"texture":"#1"},"east":{"uv":[7.25,7.75,6.75,9],"texture":"#1"},"south":{"uv":[7.75,7.25,8.25,8.5],"texture":"#1"},"west":{"uv":[6.75,7.75,7.25,9],"texture":"#1"},"up":{"uv":[1.75,9.25,1.25,8.75],"rotation":270,"texture":"#1"},"down":{"uv":[9.25,5.5,8.75,6],"rotation":90,"texture":"#1"}}},{"from":[7,-13.32071,3.03015],"to":[9,-11.32071,6.03015],"rotation":{"angle":45,"axis":"x","origin":[8,-10.82071,6.53015]},"faces":{"north":{"uv":[8.75,6,9.25,6.5],"texture":"#1"},"east":{"uv":[9.5,3.25,8.75,3.75],"texture":"#1"},"south":{"uv":[8.75,6.5,9.25,7],"texture":"#1"},"west":{"uv":[8.75,3.25,9.5,3.75],"texture":"#1"},"up":{"uv":[9.5,4.25,8.75,3.75],"rotation":270,"texture":"#1"},"down":{"uv":[9.5,4.25,8.75,4.75],"rotation":90,"texture":"#1"}}},{"from":[8,-13.32071,-0.96985],"to":[8.02,-8.32071,3.03015],"rotation":{"angle":45,"axis":"x","origin":[8,-10.82071,6.53015]},"faces":{"east":{"uv":[7.75,1.5,6.75,2.75],"texture":"#1"},"west":{"uv":[6.75,1.5,7.75,2.75],"texture":"#1"}}},{"from":[6.98,13.14497,5.1],"to":[9.02,18.14497,10.1],"rotation":{"angle":45,"axis":"x","origin":[8,16.64497,8.6]},"faces":{"north":{"uv":[2.25,8,2.75,9.25],"texture":"#1"},"east":{"uv":[2.25,5.5,1,6.75],"texture":"#1"},"south":{"uv":[2.75,8,3.25,9.25],"texture":"#1"},"west":{"uv":[1,5.5,2.25,6.75],"texture":"#1"},"up":{"uv":[8,3.25,6.75,2.75],"rotation":270,"texture":"#1"},"down":{"uv":[9.25,2.75,8,3.25],"rotation":90,"texture":"#1"}}}],"gui_light":"front","display":{"thirdperson_righthand":{"translation":[0,5,1.75],"scale":[0.5,0.5,0.5]},"thirdperson_lefthand":{"translation":[0,5,1.75],"scale":[0.5,0.5,0.5]},"firstperson_righthand":{"rotation":[-53,0,-8],"translation":[6,2.5,-6],"scale":[0.6,0.6,0.6]},"firstperson_lefthand":{"rotation":[-53,0,-8],"translation":[6,2.5,-6],"scale":[0.6,0.6,0.6]},"ground":{"rotation":[0,0,88],"translation":[-2,2.5,0.25],"scale":[0.45,0.45,0.45]},"gui":{"rotation":[-90,45,90],"translation":[1,0.25,-1.5],"scale":[0.5,0.5,0.5]},"head":{"rotation":[90,-156,90],"translation":[1,10.5,1.75],"scale":[0.6,0.6,0.6]},"fixed":{"rotation":[-90,-90,-90],"translation":[0,5.5,0.25],"scale":[1.2,1.2,1.2]}},"groups":[{"name":"group","origin":[8,10.24497,8],"color":0,"boneType":"","children":[{"name":"hook","origin":[16.94969,25.72157,7.9],"color":0,"boneType":"","children":[0,1,2]},3,4,5,6,7,8,9,10,11,12,13,14,15,16]}]}