{"credit":"Made with Blockbench","texture_size":[64,64],"textures":{"0":"elitecreatures:demonking_assortment/muzan_hammer","particle":"elitecreatures:demonking_assortment/muzan_hammer"},"elements":[{"from":[3.98711,9.91889,4],"to":[12.02711,12.91889,10],"rotation":{"angle":22.5,"axis":"x","origin":[8.00711,7.91889,8]},"faces":{"north":{"uv":[4.25,7.75,6.25,8.5],"texture":"#0"},"east":{"uv":[9.75,0.75,8.25,1.5],"texture":"#0"},"south":{"uv":[1.5,8,3.5,8.75],"texture":"#0"},"west":{"uv":[8.25,0.75,9.75,1.5],"texture":"#0"},"up":{"uv":[3.5,6.5,2,4.5],"rotation":270,"texture":"#0"},"down":{"uv":[6,3,4.5,5],"rotation":90,"texture":"#0"}}},{"from":[4.98711,6.91889,5],"to":[11.02711,9.91889,11],"rotation":{"angle":22.5,"axis":"x","origin":[8.00711,7.91889,8]},"faces":{"north":{"uv":[2,8.75,3.5,9.5],"texture":"#0"},"east":{"uv":[2,8.75,0.5,9.5],"texture":"#0"},"south":{"uv":[8.75,3.75,10.25,4.5],"texture":"#0"},"west":{"uv":[0.5,8.75,2,9.5],"texture":"#0"},"up":{"uv":[3.5,8,2,6.5],"rotation":270,"texture":"#0"},"down":{"uv":[8,5,6.5,6.5],"rotation":90,"texture":"#0"}}},{"from":[6.00711,3.51178,5.57711],"to":[10.00711,7.51178,9.57711],"rotation":{"angle":45,"axis":"x","origin":[9.00711,5.71178,8.00711]},"faces":{"north":{"uv":[9,1.5,10,2.5],"texture":"#0"},"east":{"uv":[7.5,8.75,6.5,9.75],"texture":"#0"},"south":{"uv":[9,4.5,10,5.5],"texture":"#0"},"west":{"uv":[6.5,8.75,7.5,9.75],"texture":"#0"},"up":{"uv":[10,6.5,9,5.5],"rotation":270,"texture":"#0"},"down":{"uv":[10,6.5,9,7.5],"rotation":90,"texture":"#0"}}},{"from":[7.00711,-7.28822,7.00711],"to":[9.00711,8.71178,9.00711],"rotation":{"angle":-45,"axis":"y","origin":[8.00711,-2.98822,8.00711]},"faces":{"north":{"uv":[0.5,6.75,0,10.75],"texture":"#0"},"east":{"uv":[0,6.75,0.5,10.75],"texture":"#0"},"south":{"uv":[0.5,6.75,0,10.75],"texture":"#0"},"west":{"uv":[0,6.75,0.5,10.75],"texture":"#0"}}},{"from":[6.50711,-8.98822,6.00711],"to":[9.50711,-5.98822,9.00711],"rotation":{"angle":45,"axis":"x","origin":[8.50711,-7.98822,8.00711]},"faces":{"north":{"uv":[9.5,9.75,10.25,10.5],"texture":"#0"},"east":{"uv":[10.5,9,9.75,9.75],"texture":"#0"},"south":{"uv":[10,1.5,10.75,2.25],"texture":"#0"},"west":{"uv":[9.75,9,10.5,9.75],"texture":"#0"},"up":{"uv":[10.75,3,10,2.25],"rotation":270,"texture":"#0"},"down":{"uv":[3.75,10,3,10.75],"rotation":90,"texture":"#0"}}},{"from":[7.98711,-14.98822,5.00711],"to":[8.00711,-6.98822,11.00711],"rotation":{"angle":0,"axis":"y","origin":[8.00711,-9.98822,9.00711]},"faces":{"east":{"uv":[5,5,3.5,7],"texture":"#0"},"west":{"uv":[3.5,5,5,7],"texture":"#0"}}},{"from":[3.02711,9.16747,5.54696],"to":[5.02711,11.16747,7.54696],"rotation":{"angle":45,"axis":"x","origin":[4.01711,14.66747,14.74696]},"faces":{"north":{"uv":[9,2.5,9.5,3],"texture":"#0"},"south":{"uv":[9.5,2.5,10,3],"texture":"#0"},"west":{"uv":[6,7,6.5,7.5],"texture":"#0"},"up":{"uv":[3.5,10,3,9.5],"rotation":270,"texture":"#0"},"down":{"uv":[4.25,10,3.75,10.5],"rotation":90,"texture":"#0"}}},{"from":[3.02711,9.46036,2.83985],"to":[5.02711,15.46036,4.83985],"rotation":{"angle":45,"axis":"x","origin":[4.01711,13.96036,14.03985]},"faces":{"north":{"uv":[1,9.5,1.5,11],"texture":"#0"},"east":{"uv":[1,9.5,0.5,11],"texture":"#0"},"south":{"uv":[1.5,9.5,2,11],"texture":"#0"},"west":{"uv":[0.5,9.5,1,11],"texture":"#0"},"up":{"uv":[6.25,11,5.75,10.5],"rotation":270,"texture":"#0"},"down":{"uv":[6.75,10.5,6.25,11],"rotation":90,"texture":"#0"}}},{"from":[3.00711,17.68424,4.62253],"to":[6.00711,20.68424,9.62253],"rotation":{"angle":22.5,"axis":"x","origin":[4.99711,15.18424,13.62253]},"faces":{"north":{"uv":[10,3,10.75,3.75],"texture":"#0"},"east":{"uv":[10.25,7.5,9,8.25],"texture":"#0"},"south":{"uv":[10,4.5,10.75,5.25],"texture":"#0"},"west":{"uv":[9,7.5,10.25,8.25],"texture":"#0"},"up":{"uv":[10.25,9,9,8.25],"rotation":270,"texture":"#0"},"down":{"uv":[9.75,9,8.5,9.75],"rotation":90,"texture":"#0"}}},{"from":[3.00711,13.60289,10.00418],"to":[6.00711,21.60289,13.00418],"rotation":{"angle":22.5,"axis":"x","origin":[4.99711,16.60289,11.50418]},"faces":{"north":{"uv":[8.25,7,9,9],"texture":"#0"},"east":{"uv":[9,5,8.25,7],"texture":"#0"},"south":{"uv":[4.25,8.5,5,10.5],"texture":"#0"},"west":{"uv":[8.25,5,9,7],"texture":"#0"},"up":{"uv":[10.75,6,10,5.25],"rotation":270,"texture":"#0"},"down":{"uv":[10.75,6,10,6.75],"rotation":90,"texture":"#0"}}},{"from":[5.00711,14.51178,1.20711],"to":[11.00711,22.51178,14.20711],"rotation":{"angle":-22.5,"axis":"x","origin":[8.00711,19.01178,7.70711]},"faces":{"north":{"uv":[5,5,6.5,7],"texture":"#0"},"east":{"uv":[3.25,0,0,2],"texture":"#0"},"south":{"uv":[6,3,7.5,5],"texture":"#0"},"west":{"uv":[0,0,3.25,2],"texture":"#0"},"up":{"uv":[6.5,1.5,3.25,0],"rotation":270,"texture":"#0"},"down":{"uv":[7.75,1.5,4.5,3],"rotation":90,"texture":"#0"}}},{"from":[6.50711,12.75597,0.36331],"to":[9.50711,21.75597,4.36331],"rotation":{"angle":-45,"axis":"x","origin":[6.50711,16.25597,2.36331]},"faces":{"north":{"uv":[7.5,6.5,8.25,8.75],"texture":"#0"},"east":{"uv":[7.5,6.5,6.5,8.75],"texture":"#0"},"south":{"uv":[3.5,7.75,4.25,10],"texture":"#0"},"west":{"uv":[6.5,6.5,7.5,8.75],"texture":"#0"},"up":{"uv":[3,10.25,2,9.5],"rotation":270,"texture":"#0"},"down":{"uv":[10.75,0.75,9.75,1.5],"rotation":90,"texture":"#0"}}},{"from":[8.00711,19.87994,-4.16313],"to":[8.01711,25.87994,2.83687],"rotation":{"angle":-22.5,"axis":"x","origin":[6.50711,22.37994,-0.66313]},"faces":{"east":{"uv":[8.25,0,6.5,1.5],"texture":"#0"},"west":{"uv":[6.5,0,8.25,1.5],"texture":"#0"}}},{"from":[6.49711,12.36688,0.42397],"to":[9.51711,15.36688,3.42397],"rotation":{"angle":0,"axis":"y","origin":[8.00711,13.86688,1.92397]},"faces":{"north":{"uv":[7.5,10,8.25,10.75],"texture":"#0"},"east":{"uv":[10.75,6.75,10,7.5],"texture":"#0"},"south":{"uv":[10.25,0,11,0.75],"texture":"#0"},"west":{"uv":[10,6.75,10.75,7.5],"texture":"#0"},"up":{"uv":[2.75,11,2,10.25],"rotation":270,"texture":"#0"},"down":{"uv":[11,3.75,10.25,4.5],"rotation":90,"texture":"#0"}}},{"from":[6.49711,15.73085,-2.94],"to":[9.51711,18.73085,0.06],"rotation":{"angle":0,"axis":"y","origin":[7.99711,17.23085,2.56]},"faces":{"north":{"uv":[10.25,8.25,11,9],"texture":"#0"},"east":{"uv":[11,7.5,10.25,8.25],"texture":"#0"},"south":{"uv":[10.25,9.75,11,10.5],"texture":"#0"},"west":{"uv":[10.25,7.5,11,8.25],"texture":"#0"},"up":{"uv":[4.5,11.25,3.75,10.5],"rotation":270,"texture":"#0"},"down":{"uv":[5.25,10.5,4.5,11.25],"rotation":90,"texture":"#0"}}},{"from":[6.50711,17.34177,11.4344],"to":[9.50711,25.34177,15.4344],"rotation":{"angle":0,"axis":"y","origin":[5.00711,20.84177,13.4344]},"faces":{"north":{"uv":[5,8.5,5.75,10.5],"texture":"#0"},"east":{"uv":[1.5,6.75,0.5,8.75],"texture":"#0"},"south":{"uv":[5.75,8.5,6.5,10.5],"texture":"#0"},"west":{"uv":[0.5,6.75,1.5,8.75],"texture":"#0"},"up":{"uv":[7.5,10.5,6.5,9.75],"rotation":270,"texture":"#0"},"down":{"uv":[9.5,9.75,8.5,10.5],"rotation":90,"texture":"#0"}}},{"from":[7.97711,22,11.4344],"to":[8.00711,31,21.4344],"rotation":{"angle":45,"axis":"x","origin":[8.00711,25.34177,11.4344]},"faces":{"east":{"uv":[2.5,2,0,4.25],"texture":"#0"},"west":{"uv":[0,2,2.5,4.25],"texture":"#0"}}},{"from":[7.00711,21.18178,6.02711],"to":[9.00711,25.18178,10.02711],"rotation":{"angle":22.5,"axis":"x","origin":[8.00711,23.71178,7.00711]},"faces":{"north":{"uv":[1.5,6.75,2,7.75],"texture":"#0"},"east":{"uv":[8.5,9,7.5,10],"texture":"#0"},"south":{"uv":[5.25,10.5,5.75,11.5],"texture":"#0"},"west":{"uv":[7.5,9,8.5,10],"texture":"#0"},"up":{"uv":[4.25,2,3.25,1.5],"rotation":270,"texture":"#0"},"down":{"uv":[4.5,4.5,3.5,5],"rotation":90,"texture":"#0"}}},{"from":[2.0404,10.96113,1.38897],"to":[2.0604,15.96113,6.38897],"rotation":{"angle":22.5,"axis":"y","origin":[2.0404,13.46113,3.88897]},"faces":{"east":{"uv":[8.75,3.75,7.5,5],"texture":"#0"},"west":{"uv":[7.5,3.75,8.75,5],"texture":"#0"}}},{"from":[2.0404,17.96113,12.62524],"to":[2.0604,22.96113,17.62524],"rotation":{"angle":-22.5,"axis":"y","origin":[2.0404,14.46113,15.12524]},"faces":{"east":{"uv":[9,1.5,7.75,2.75],"texture":"#0"},"west":{"uv":[7.75,1.5,9,2.75],"texture":"#0"}}},{"from":[2.99711,11.41889,7.5],"to":[13.01711,14.41889,15.5],"rotation":{"angle":-22.5,"axis":"x","origin":[8.00711,7.91889,8]},"faces":{"north":{"uv":[6,7,3.5,7.75],"texture":"#0"},"east":{"uv":[10.25,0,8.25,0.75],"texture":"#0"},"south":{"uv":[10,3,7.5,3.75],"texture":"#0"},"west":{"uv":[8.25,0,10.25,0.75],"texture":"#0"},"up":{"uv":[4.5,2,2.5,4.5],"rotation":270,"texture":"#0"},"down":{"uv":[2,6.75,0,4.25],"rotation":90,"texture":"#0"}}},{"from":[10.00711,13.60289,10.00418],"to":[13.00711,21.60289,13.00418],"rotation":{"angle":22.5,"axis":"x","origin":[11.01711,16.60289,11.50418]},"faces":{"north":{"uv":[9,7,8.25,9],"texture":"#0"},"east":{"uv":[9,5,8.25,7],"texture":"#0"},"south":{"uv":[5,8.5,4.25,10.5],"texture":"#0"},"west":{"uv":[8.25,5,9,7],"texture":"#0"},"up":{"uv":[10.75,5.25,10,6],"rotation":270,"texture":"#0"},"down":{"uv":[10.75,6.75,10,6],"rotation":90,"texture":"#0"}}},{"from":[10.00711,17.68424,4.62253],"to":[13.00711,20.68424,9.62253],"rotation":{"angle":22.5,"axis":"x","origin":[11.01711,15.18424,13.62253]},"faces":{"north":{"uv":[10.75,3,10,3.75],"texture":"#0"},"east":{"uv":[10.25,7.5,9,8.25],"texture":"#0"},"south":{"uv":[10.75,4.5,10,5.25],"texture":"#0"},"west":{"uv":[9,7.5,10.25,8.25],"texture":"#0"},"up":{"uv":[10.25,8.25,9,9],"rotation":270,"texture":"#0"},"down":{"uv":[9.75,9.75,8.5,9],"rotation":90,"texture":"#0"}}},{"from":[10.98711,9.16747,5.54696],"to":[12.98711,11.16747,7.54696],"rotation":{"angle":45,"axis":"x","origin":[11.99711,14.66747,14.74696]},"faces":{"north":{"uv":[9.5,2.5,9,3],"texture":"#0"},"east":{"uv":[6.5,7,6,7.5],"texture":"#0"},"south":{"uv":[10,2.5,9.5,3],"texture":"#0"},"up":{"uv":[3.5,9.5,3,10],"rotation":270,"texture":"#0"},"down":{"uv":[4.25,10.5,3.75,10],"rotation":90,"texture":"#0"}}},{"from":[10.98711,9.46036,2.83985],"to":[12.98711,15.46036,4.83985],"rotation":{"angle":45,"axis":"x","origin":[11.99711,13.96036,14.03985]},"faces":{"north":{"uv":[1.5,9.5,1,11],"texture":"#0"},"east":{"uv":[1,9.5,0.5,11],"texture":"#0"},"south":{"uv":[2,9.5,1.5,11],"texture":"#0"},"west":{"uv":[0.5,9.5,1,11],"texture":"#0"},"up":{"uv":[6.25,10.5,5.75,11],"rotation":270,"texture":"#0"},"down":{"uv":[6.75,11,6.25,10.5],"rotation":90,"texture":"#0"}}},{"from":[13.95382,17.96113,12.62524],"to":[13.97382,22.96113,17.62524],"rotation":{"angle":22.5,"axis":"y","origin":[13.97382,14.46113,15.12524]},"faces":{"east":{"uv":[9,1.5,7.75,2.75],"texture":"#0"},"west":{"uv":[7.75,1.5,9,2.75],"texture":"#0"}}},{"from":[13.95382,10.96113,1.38897],"to":[13.97382,15.96113,6.38897],"rotation":{"angle":-22.5,"axis":"y","origin":[13.97382,13.46113,3.88897]},"faces":{"east":{"uv":[8.75,3.75,7.5,5],"texture":"#0"},"west":{"uv":[7.5,3.75,8.75,5],"texture":"#0"}}}],"gui_light":"front","display":{"thirdperson_righthand":{"translation":[-0.25,4.25,1],"scale":[0.6,0.6,0.6]},"thirdperson_lefthand":{"translation":[-0.25,4.25,1],"scale":[0.6,0.6,0.6]},"firstperson_righthand":{"rotation":[0,22,0],"translation":[3.5,3.75,-2.25],"scale":[0.54883,0.54883,0.54883]},"firstperson_lefthand":{"rotation":[0,22,0],"translation":[3.5,3.75,-2.25],"scale":[0.54883,0.54883,0.54883]},"ground":{"rotation":[94,85,0],"translation":[0,0.25,-0.75],"scale":[0.5,0.5,0.5]},"gui":{"rotation":[-90,45,88],"translation":[-0.5,-0.25,0],"scale":[0.48,0.48,0.48]},"head":{"rotation":[90,-171,90],"translation":[-2.25,9.25,0.25],"scale":[0.7,0.7,0.7]},"fixed":{"rotation":[0,90,0],"translation":[0,0.25,-1.25],"scale":[1.2,1.2,1.2]}},"groups":[{"name":"group","origin":[12.11814,14.46113,13.96671],"color":0,"boneType":"","children":[0,1,2,3,4,5,6,7,8,9,10,11,12,13,14,15,16,17,18,19,20,21,22,23,24,25,26]}]}