{"credit":"Made with Blockbench","texture_size":[32,32],"textures":{"0":"elitecreatures:demonking_assortment/muzan_hoe","particle":"elitecreatures:demonking_assortment/muzan_hoe"},"elements":[{"from":[5.00711,15.8859,4],"to":[11.00711,18.8859,10],"rotation":{"angle":22.5,"axis":"x","origin":[8.00711,13.8859,8]},"faces":{"north":{"uv":[9,1.5,12,3],"texture":"#0"},"east":{"uv":[12,0,9,1.5],"texture":"#0"},"south":{"uv":[9,3,12,4.5],"texture":"#0"},"west":{"uv":[9,0,12,1.5],"texture":"#0"},"up":{"uv":[13,15,10,12],"rotation":270,"texture":"#0"},"down":{"uv":[3,7,0,10],"rotation":90,"texture":"#0"}}},{"from":[5.00711,12.8859,5],"to":[11.00711,15.8859,11],"rotation":{"angle":22.5,"axis":"x","origin":[8.00711,13.8859,8]},"faces":{"north":{"uv":[9,8.5,12,10],"texture":"#0"},"east":{"uv":[12,7,9,8.5],"texture":"#0"},"south":{"uv":[0,10,3,11.5],"texture":"#0"},"west":{"uv":[9,7,12,8.5],"texture":"#0"},"up":{"uv":[6,10,3,7],"rotation":270,"texture":"#0"},"down":{"uv":[9,7,6,10],"rotation":90,"texture":"#0"}}},{"from":[6.00711,9.47879,5.57711],"to":[10.00711,13.47879,9.57711],"rotation":{"angle":45,"axis":"x","origin":[9.00711,11.67879,8.00711]},"faces":{"north":{"uv":[5,10,7,12],"texture":"#0"},"east":{"uv":[5,10,3,12],"texture":"#0"},"south":{"uv":[7,10,9,12],"texture":"#0"},"west":{"uv":[3,10,5,12],"texture":"#0"},"up":{"uv":[11,12,9,10],"rotation":270,"texture":"#0"},"down":{"uv":[12.5,4.5,10.5,6.5],"rotation":90,"texture":"#0"}}},{"from":[7.00711,-1.12121,7.00711],"to":[9.00711,10.87879,9.00711],"rotation":{"angle":-45,"axis":"y","origin":[8.00711,3.17879,8.00711]},"faces":{"north":{"uv":[8,0,9,6],"texture":"#0"},"east":{"uv":[9,0,8,6],"texture":"#0"},"south":{"uv":[8,0,9,6],"texture":"#0"},"west":{"uv":[9,0,8,6],"texture":"#0"}}},{"from":[6.50711,-2.82121,6.00711],"to":[9.50711,0.17879,9.00711],"rotation":{"angle":45,"axis":"x","origin":[8.50711,-1.82121,8.00711]},"faces":{"north":{"uv":[0,11.5,1.5,13],"texture":"#0"},"east":{"uv":[12.5,10,11,11.5],"texture":"#0"},"south":{"uv":[1.5,11.5,3,13],"texture":"#0"},"west":{"uv":[11,10,12.5,11.5],"texture":"#0"},"up":{"uv":[5.5,14.5,4,13],"rotation":270,"texture":"#0"},"down":{"uv":[13.5,0,12,1.5],"rotation":90,"texture":"#0"}}},{"from":[7.98711,-8.82121,5.00711],"to":[8.00711,-0.82121,11.00711],"rotation":{"angle":0,"axis":"y","origin":[8.00711,-3.82121,9.00711]},"faces":{"east":{"uv":[16,4.5,13,8.5],"texture":"#0"},"west":{"uv":[13,4.5,16,8.5],"texture":"#0"}}},{"from":[7.00711,17.64514,6.80162],"to":[9.00711,20.64514,9.80162],"rotation":{"angle":-22.5,"axis":"x","origin":[8.00711,20.46514,9.10162]},"faces":{"north":{"uv":[3,12,4,13.5],"texture":"#0"},"east":{"uv":[13.5,1.5,12,3],"texture":"#0"},"south":{"uv":[12,3,13,4.5],"texture":"#0"},"west":{"uv":[12,1.5,13.5,3],"texture":"#0"},"up":{"uv":[5.5,13,4,12],"rotation":270,"texture":"#0"},"down":{"uv":[7,12,5.5,13],"rotation":90,"texture":"#0"}}},{"from":[7.98711,20.42879,9.85711],"to":[8.00711,24.42879,14.85711],"rotation":{"angle":22.5,"axis":"x","origin":[7.99711,23.17879,8.00711]},"faces":{"east":{"uv":[2.5,13,0,15],"texture":"#0"},"west":{"uv":[0,13,2.5,15],"texture":"#0"}}},{"from":[8.00711,8.668,11.15013],"to":[8.02711,15.668,17.15013],"rotation":{"angle":22.5,"axis":"x","origin":[5.01711,15.668,14.15013]},"faces":{"east":{"uv":[10,12,7,15.5],"texture":"#0"},"west":{"uv":[7,12,10,15.5],"texture":"#0"}}},{"from":[3.00711,13.47879,-5.89289],"to":[13.00711,13.50879,4.10711],"rotation":{"angle":-22.5,"axis":"x","origin":[8.00711,14.87879,-2.99289]},"faces":{"up":{"uv":[1,0,6,5],"rotation":270,"texture":"#0"},"down":{"uv":[1,0,6,5],"rotation":90,"texture":"#0"}}},{"from":[6.00711,12.97879,-3.89289],"to":[10.00711,13.97879,6.10711],"rotation":{"angle":-22.5,"axis":"x","origin":[8.00711,14.87879,-2.99289]},"faces":{"north":{"uv":[4.5,1.5,5,3.5],"rotation":90,"texture":"#0"},"east":{"uv":[0,3,5,3.5],"texture":"#0"},"west":{"uv":[5,1.5,0,2],"texture":"#0"},"up":{"uv":[0,1.5,5,3.5],"rotation":270,"texture":"#0"},"down":{"uv":[0,1.5,5,3.5],"rotation":90,"texture":"#0"}}},{"from":[7.98711,16.66539,1.2163],"to":[8.00711,21.66539,6.2163],"rotation":{"angle":-45,"axis":"x","origin":[7.99711,19.26539,3.4163]},"faces":{"east":{"uv":[16,0,13.5,2.5],"texture":"#0"},"west":{"uv":[13.5,0,16,2.5],"texture":"#0"}}}],"gui_light":"front","display":{"thirdperson_righthand":{"translation":[0,1.5,1],"scale":[0.5,0.5,0.5]},"thirdperson_lefthand":{"translation":[0,1.5,1],"scale":[0.5,0.5,0.5]},"firstperson_righthand":{"rotation":[-49,-3,-3],"translation":[-0.25,3.5,0.75],"scale":[0.5,0.5,0.5]},"firstperson_lefthand":{"rotation":[-49,-3,-3],"translation":[-0.25,3.5,0.75],"scale":[0.5,0.5,0.5]},"ground":{"rotation":[180,0,90],"translation":[-4.75,0.25,0],"scale":[0.5,0.5,0.5]},"gui":{"rotation":[105,140,-69],"translation":[0.25,-0.5,-1.25],"scale":[0.5,0.5,0.5]},"head":{"rotation":[90,-168,90],"translation":[-0.5,11.75,0],"scale":[0.56,0.56,0.56]},"fixed":{"rotation":[0,90,0],"translation":[0,4,-2.25],"scale":[1.07898,1.07898,1.07898]}},"groups":[{"name":"group","origin":[13.9,14.57879,7.99],"color":0,"boneType":"","children":[0,1,2,3,4,5,6,7,8,9,10,11]}]}