{"credit":"Made with Blockbench","texture_size":[32,32],"textures":{"0":"elitecreatures:demonking_assortment/muzan_pickaxe","particle":"elitecreatures:demonking_assortment/muzan_pickaxe"},"elements":[{"from":[5.00711,14.8859,4],"to":[11.00711,17.8859,10],"rotation":{"angle":22.5,"axis":"x","origin":[8.00711,12.8859,8]},"faces":{"north":{"uv":[9,1.5,12,3],"texture":"#0"},"east":{"uv":[12,0,9,1.5],"texture":"#0"},"south":{"uv":[9,3,12,4.5],"texture":"#0"},"west":{"uv":[9,0,12,1.5],"texture":"#0"},"up":{"uv":[8,7,5,4],"rotation":270,"texture":"#0"},"down":{"uv":[3,7,0,10],"rotation":90,"texture":"#0"}}},{"from":[5.00711,11.8859,5],"to":[11.00711,14.8859,11],"rotation":{"angle":22.5,"axis":"x","origin":[8.00711,12.8859,8]},"faces":{"north":{"uv":[9,8.5,12,10],"texture":"#0"},"east":{"uv":[12,7,9,8.5],"texture":"#0"},"south":{"uv":[0,10,3,11.5],"texture":"#0"},"west":{"uv":[9,7,12,8.5],"texture":"#0"},"up":{"uv":[6,10,3,7],"rotation":270,"texture":"#0"},"down":{"uv":[9,7,6,10],"rotation":90,"texture":"#0"}}},{"from":[6.00711,8.47879,5.57711],"to":[10.00711,12.47879,9.57711],"rotation":{"angle":45,"axis":"x","origin":[9.00711,10.67879,8.00711]},"faces":{"north":{"uv":[5,10,7,12],"texture":"#0"},"east":{"uv":[5,10,3,12],"texture":"#0"},"south":{"uv":[7,10,9,12],"texture":"#0"},"west":{"uv":[3,10,5,12],"texture":"#0"},"up":{"uv":[11,12,9,10],"rotation":270,"texture":"#0"},"down":{"uv":[12.5,4.5,10.5,6.5],"rotation":90,"texture":"#0"}}},{"from":[7.00711,-0.12121,7.00711],"to":[9.00711,9.87879,9.00711],"rotation":{"angle":-45,"axis":"y","origin":[8.00711,4.17879,8.00711]},"faces":{"north":{"uv":[8,0,9,5],"texture":"#0"},"east":{"uv":[9,0,8,5],"texture":"#0"},"south":{"uv":[8,0,9,5],"texture":"#0"},"west":{"uv":[9,0,8,5],"texture":"#0"}}},{"from":[6.50711,-1.82121,6.00711],"to":[9.50711,1.17879,9.00711],"rotation":{"angle":45,"axis":"x","origin":[8.50711,-0.82121,8.00711]},"faces":{"north":{"uv":[0,11.5,1.5,13],"texture":"#0"},"east":{"uv":[12.5,10,11,11.5],"texture":"#0"},"south":{"uv":[1.5,11.5,3,13],"texture":"#0"},"west":{"uv":[11,10,12.5,11.5],"texture":"#0"},"up":{"uv":[5.5,14.5,4,13],"rotation":270,"texture":"#0"},"down":{"uv":[13.5,0,12,1.5],"rotation":90,"texture":"#0"}}},{"from":[7.98711,-7.82121,5.00711],"to":[8.00711,0.17879,11.00711],"rotation":{"angle":0,"axis":"y","origin":[8.00711,-2.82121,9.00711]},"faces":{"east":{"uv":[8,0,5,4],"texture":"#0"},"west":{"uv":[5,0,8,4],"texture":"#0"}}},{"from":[7.00711,16.64514,6.80162],"to":[9.00711,19.64514,9.80162],"rotation":{"angle":-22.5,"axis":"x","origin":[8.00711,19.46514,9.10162]},"faces":{"north":{"uv":[3,12,4,13.5],"texture":"#0"},"east":{"uv":[13.5,1.5,12,3],"texture":"#0"},"south":{"uv":[12,3,13,4.5],"texture":"#0"},"west":{"uv":[12,1.5,13.5,3],"texture":"#0"},"up":{"uv":[5.5,13,4,12],"rotation":270,"texture":"#0"},"down":{"uv":[7,12,5.5,13],"rotation":90,"texture":"#0"}}},{"from":[7.98711,19.42879,9.85711],"to":[8.00711,23.42879,14.85711],"rotation":{"angle":22.5,"axis":"x","origin":[7.99711,22.17879,8.00711]},"faces":{"east":{"uv":[10.5,5,8,7],"texture":"#0"},"west":{"uv":[8,5,10.5,7],"texture":"#0"}}},{"from":[7.98711,10.67879,-3.99289],"to":[8.00711,17.67879,6.00711],"rotation":{"angle":0,"axis":"y","origin":[8.00711,-2.82121,9.00711]},"faces":{"east":{"uv":[5,0,0,3.5],"texture":"#0"},"west":{"uv":[0,0,5,3.5],"texture":"#0"}}},{"from":[8.00711,7.668,11.15013],"to":[8.02711,14.668,21.15013],"rotation":{"angle":22.5,"axis":"x","origin":[5.01711,14.668,14.15013]},"faces":{"east":{"uv":[5,3.5,0,7],"texture":"#0"},"west":{"uv":[0,3.5,5,7],"texture":"#0"}}},{"from":[7.50711,13.67879,-0.99289],"to":[8.50711,17.67879,6.00711],"rotation":{"angle":0,"axis":"y","origin":[8.00711,-2.82121,9.00711]},"faces":{"north":{"uv":[1.5,0,2,2],"texture":"#0"},"east":{"uv":[5,0,1.5,2],"texture":"#0"},"west":{"uv":[1.5,0,5,2],"texture":"#0"},"up":{"uv":[5,0,1.5,0.5],"rotation":270,"texture":"#0"},"down":{"uv":[5,1.5,1.5,2],"rotation":90,"texture":"#0"}}},{"from":[7.47711,13.57879,0.10711],"to":[8.51711,19.57879,4.10711],"rotation":{"angle":45,"axis":"x","origin":[7.99711,15.57879,2.10711]},"faces":{"east":{"uv":[2,13,0,16],"texture":"#0"},"south":{"uv":[2,13,1.5,16],"texture":"#0"},"west":{"uv":[0,13,2,16],"texture":"#0"},"down":{"uv":[2,16,0,15.5],"rotation":90,"texture":"#0"}}}],"gui_light":"front","display":{"thirdperson_righthand":{"translation":[-0.25,1.75,0.75],"scale":[0.6,0.6,0.6]},"thirdperson_lefthand":{"translation":[-0.25,1.75,0.75],"scale":[0.6,0.6,0.6]},"firstperson_righthand":{"rotation":[0,22,0],"translation":[2.5,2,-1.75],"scale":[0.54883,0.54883,0.54883]},"firstperson_lefthand":{"rotation":[0,22,0],"translation":[2.5,2,-1.75],"scale":[0.54883,0.54883,0.54883]},"ground":{"rotation":[94,85,0],"translation":[0,0.25,-0.75],"scale":[0.5,0.5,0.5]},"gui":{"rotation":[-90,45,88],"translation":[0.5,-0.25,0],"scale":[0.5,0.5,0.5]},"head":{"rotation":[90,-171,90],"translation":[-2.25,9.25,0.25],"scale":[0.7,0.7,0.7]},"fixed":{"rotation":[0,90,0],"translation":[0,0.25,-1.25],"scale":[1.2,1.2,1.2]}},"groups":[{"name":"group","origin":[13.9,15.57879,7.99],"color":0,"boneType":"","children":[0,1,2,3,4,5,6,7,8,9,10,11]}]}