{
	"credit": "Made with Blockbench",
	"texture_size": [64, 64],
	"textures": {
		"0": "elitecreatures:demonking_assortment/muzan_shield",
		"particle": "elitecreatures:demonking_assortment/muzan_shield"
	},
	"elements": [
		{
			"from": [6.48, -3.03208, 3.5],
			"to": [9.52, 12.96792, 16.5],
			"rotation": {"angle": 45, "axis": "x", "origin": [8, 5.96792, 7.5]},
			"faces": {
				"north": {"uv": [7.25, 9, 8, 13], "texture": "#0"},
				"east": {"uv": [0, 0, 3.25, 4], "texture": "#0"},
				"south": {"uv": [9, 7, 9.75, 11], "texture": "#0"},
				"west": {"uv": [3.25, 0, 6.5, 4], "texture": "#0"},
				"up": {"uv": [12.25, 2.25, 9, 1.5], "rotation": 90, "texture": "#0"},
				"down": {"uv": [12.25, 2.25, 9, 3], "rotation": 270, "texture": "#0"}
			}
		},
		{
			"from": [6.5, 4.96792, 2],
			"to": [9.5, 17.96792, 14],
			"rotation": {"angle": 0, "axis": "y", "origin": [15.5, 22.96792, -0.5]},
			"faces": {
				"north": {"uv": [4, 9.25, 4.75, 12.5], "texture": "#0"},
				"east": {"uv": [0, 4, 3, 7.25], "texture": "#0"},
				"south": {"uv": [3.25, 9.25, 4, 12.5], "texture": "#0"},
				"west": {"uv": [3, 4, 6, 7.25], "texture": "#0"}
			}
		},
		{
			"from": [6.48, 11.76792, 5.5],
			"to": [9.52, 25.76792, 15.5],
			"rotation": {"angle": 45, "axis": "x", "origin": [8, 20.76792, 7.5]},
			"faces": {
				"north": {"uv": [2.5, 9.25, 3.25, 12.75], "texture": "#0"},
				"east": {"uv": [6.5, 0, 9, 3.5], "texture": "#0"},
				"south": {"uv": [8, 9, 8.75, 12.5], "texture": "#0"},
				"west": {"uv": [0, 7.25, 2.5, 10.75], "texture": "#0"},
				"up": {"uv": [2.5, 11.5, 0, 10.75], "rotation": 90, "texture": "#0"},
				"down": {"uv": [7.25, 11, 4.75, 11.75], "rotation": 270, "texture": "#0"}
			}
		},
		{
			"from": [6.46, -5.03208, 12.5],
			"to": [9.53, 0.96792, 18.5],
			"rotation": {"angle": 45, "axis": "x", "origin": [8, 5.96792, 7.5]},
			"faces": {
				"north": {"uv": [5.25, 12.5, 6, 14], "texture": "#0"},
				"east": {"uv": [4.75, 9.5, 6.25, 11], "texture": "#0"},
				"south": {"uv": [6.25, 9.5, 7, 11], "texture": "#0"},
				"west": {"uv": [9.75, 10, 11.25, 11.5], "texture": "#0"},
				"up": {"uv": [14, 10.75, 12.5, 10], "rotation": 90, "texture": "#0"},
				"down": {"uv": [14, 10.75, 12.5, 11.5], "rotation": 270, "texture": "#0"}
			}
		},
		{
			"from": [9.5, 2.06792, -2],
			"to": [11.5, 5.06792, 10],
			"rotation": {"angle": 22.5, "axis": "x", "origin": [15.5, 1.06792, 0]},
			"faces": {
				"north": {"uv": [11.5, 14, 12, 14.75], "texture": "#0"},
				"east": {"uv": [10.5, 3, 13.5, 3.75], "texture": "#0"},
				"south": {"uv": [11, 14, 11.5, 14.75], "texture": "#0"},
				"west": {"uv": [10.5, 3.75, 13.5, 4.5], "texture": "#0"},
				"up": {"uv": [15, 5, 12, 4.5], "rotation": 90, "texture": "#0"},
				"down": {"uv": [15, 5, 12, 5.5], "rotation": 270, "texture": "#0"}
			}
		},
		{
			"from": [9.5, -5.17966, 10.08504],
			"to": [11.52, 0.82034, 12.18504],
			"rotation": {"angle": -22.5, "axis": "x", "origin": [10.5, -2.67966, 11.18504]},
			"faces": {
				"north": {"uv": [13, 13.25, 13.5, 14.75], "texture": "#0"},
				"east": {"uv": [7.5, 13, 8, 14.5], "texture": "#0"},
				"south": {"uv": [4.25, 13.25, 4.75, 14.75], "texture": "#0"},
				"west": {"uv": [4.75, 13.25, 5.25, 14.75], "texture": "#0"},
				"up": {"uv": [8.75, 4, 8.25, 3.5], "rotation": 90, "texture": "#0"},
				"down": {"uv": [14, 4, 13.5, 4.5], "rotation": 270, "texture": "#0"}
			}
		},
		{
			"from": [4.48, 2.06792, -2],
			"to": [9.5, 5.06792, 1],
			"rotation": {"angle": 22.5, "axis": "x", "origin": [15.5, 1.06792, 0]},
			"faces": {
				"north": {"uv": [13, 0.75, 14.25, 1.5], "texture": "#0"},
				"east": {"uv": [13.5, 13.25, 14.25, 14], "texture": "#0"},
				"south": {"uv": [13, 0, 14.25, 0.75], "texture": "#0"},
				"west": {"uv": [13.75, 8.5, 14.5, 9.25], "texture": "#0"},
				"up": {"uv": [3, 14, 2.25, 12.75], "rotation": 90, "texture": "#0"},
				"down": {"uv": [7.5, 13, 6.75, 14.25], "rotation": 270, "texture": "#0"}
			}
		},
		{
			"from": [4.5, 2.83328, 1.46088],
			"to": [6.5, 5.83328, 17.46088],
			"rotation": {"angle": -22.5, "axis": "x", "origin": [18.5, 1.83328, 4.46088]},
			"faces": {
				"north": {"uv": [14, 14, 14.5, 14.75], "texture": "#0"},
				"east": {"uv": [9, 0, 13, 0.75], "texture": "#0"},
				"south": {"uv": [13.5, 14, 14, 14.75], "texture": "#0"},
				"west": {"uv": [9, 0.75, 13, 1.5], "texture": "#0"},
				"up": {"uv": [14.5, 6.5, 10.5, 6], "rotation": 90, "texture": "#0"},
				"down": {"uv": [14.5, 6.5, 10.5, 7], "rotation": 270, "texture": "#0"}
			}
		},
		{
			"from": [6.5, 2.83328, 14.46088],
			"to": [11.5, 5.83328, 17.46088],
			"rotation": {"angle": -22.5, "axis": "x", "origin": [18.5, 1.83328, 4.46088]},
			"faces": {
				"north": {"uv": [13, 7.75, 14.25, 8.5], "texture": "#0"},
				"east": {"uv": [13.75, 9.25, 14.5, 10], "texture": "#0"},
				"south": {"uv": [13, 7, 14.25, 7.75], "texture": "#0"},
				"west": {"uv": [2.25, 14, 3, 14.75], "texture": "#0"},
				"up": {"uv": [13.75, 9.75, 13, 8.5], "rotation": 90, "texture": "#0"},
				"down": {"uv": [9.5, 13, 8.75, 14.25], "rotation": 270, "texture": "#0"}
			}
		},
		{
			"from": [8.48, 10.94367, -1.60058],
			"to": [11.52, 13.94367, 11.39942],
			"rotation": {"angle": 22.5, "axis": "x", "origin": [15.5, 3.94367, 1.39942]},
			"faces": {
				"north": {"uv": [5.25, 14, 6, 14.75], "texture": "#0"},
				"east": {"uv": [9.75, 7, 13, 7.75], "texture": "#0"},
				"south": {"uv": [3, 14, 3.75, 14.75], "texture": "#0"},
				"west": {"uv": [9.75, 7.75, 13, 8.5], "texture": "#0"},
				"up": {"uv": [13, 9.25, 9.75, 8.5], "rotation": 90, "texture": "#0"},
				"down": {"uv": [13, 9.25, 9.75, 10], "rotation": 270, "texture": "#0"}
			}
		},
		{
			"from": [8.5, 11.55888, 1.30656],
			"to": [11.5, 19.55888, 4.30656],
			"rotation": {"angle": 0, "axis": "y", "origin": [10.5, 15.55888, 2.80656]},
			"faces": {
				"north": {"uv": [1.5, 11.5, 2.25, 13.5], "texture": "#0"},
				"east": {"uv": [8.75, 11, 9.5, 13], "texture": "#0"},
				"south": {"uv": [0, 11.5, 0.75, 13.5], "texture": "#0"},
				"west": {"uv": [0.75, 11.5, 1.5, 13.5], "texture": "#0"},
				"up": {"uv": [6.75, 14.75, 6, 14], "rotation": 90, "texture": "#0"},
				"down": {"uv": [8.75, 14, 8, 14.75], "rotation": 270, "texture": "#0"}
			}
		},
		{
			"from": [8.49, 15.14233, 2.18507],
			"to": [11.52, 18.14233, 10.18507],
			"rotation": {"angle": -22.5, "axis": "x", "origin": [10.5, 16.64233, -1.81493]},
			"faces": {
				"north": {"uv": [14, 10.75, 14.75, 11.5], "texture": "#0"},
				"east": {"uv": [4.75, 11.75, 6.75, 12.5], "texture": "#0"},
				"south": {"uv": [14, 10, 14.75, 10.75], "texture": "#0"},
				"west": {"uv": [12.25, 1.5, 14.25, 2.25], "texture": "#0"},
				"up": {"uv": [14.25, 3, 12.25, 2.25], "rotation": 90, "texture": "#0"},
				"down": {"uv": [5.25, 12.5, 3.25, 13.25], "rotation": 270, "texture": "#0"}
			}
		},
		{
			"from": [8.5, 13.28151, 4.41511],
			"to": [11.5, 15.28151, 11.41511],
			"rotation": {"angle": 45, "axis": "x", "origin": [10.5, 13.78151, 15.41511]},
			"faces": {
				"north": {"uv": [9.75, 3, 10.5, 3.5], "texture": "#0"},
				"east": {"uv": [6.5, 3.5, 8.25, 4], "texture": "#0"},
				"south": {"uv": [9, 3, 9.75, 3.5], "texture": "#0"},
				"west": {"uv": [12, 5.5, 13.75, 6], "texture": "#0"},
				"up": {"uv": [11.25, 12.25, 9.5, 11.5], "rotation": 90, "texture": "#0"},
				"down": {"uv": [11.25, 12.25, 9.5, 13], "rotation": 270, "texture": "#0"}
			}
		},
		{
			"from": [8.5, 9.28151, 9.41511],
			"to": [11.5, 13.28151, 11.41511],
			"rotation": {"angle": 45, "axis": "x", "origin": [10.5, 13.78151, 15.41511]},
			"faces": {
				"north": {"uv": [0.75, 13.5, 1.5, 14.5], "texture": "#0"},
				"east": {"uv": [6.75, 11.75, 7.25, 12.75], "texture": "#0"},
				"south": {"uv": [0, 13.5, 0.75, 14.5], "texture": "#0"},
				"west": {"uv": [3.75, 14, 4.25, 15], "texture": "#0"},
				"up": {"uv": [14.75, 0.75, 14.25, 0], "rotation": 90, "texture": "#0"},
				"down": {"uv": [14.75, 0.75, 14.25, 1.5], "rotation": 270, "texture": "#0"}
			}
		},
		{
			"from": [6.46, 20.19634, 10.97107],
			"to": [9.54, 24.19634, 14.97107],
			"rotation": {"angle": 0, "axis": "y", "origin": [8, 23.59634, 14.57107]},
			"faces": {
				"north": {"uv": [13.5, 3, 14.25, 4], "texture": "#0"},
				"east": {"uv": [12.5, 11.5, 13.5, 12.5], "texture": "#0"},
				"south": {"uv": [1.5, 13.5, 2.25, 14.5], "texture": "#0"},
				"west": {"uv": [12, 12.5, 13, 13.5], "texture": "#0"},
				"up": {"uv": [14.5, 12.25, 13.5, 11.5], "rotation": 90, "texture": "#0"},
				"down": {"uv": [13, 13.5, 12, 14.25], "rotation": 270, "texture": "#0"}
			}
		},
		{
			"from": [6.46, 18.19634, 2.07107],
			"to": [9.54, 23.19634, 7.07107],
			"rotation": {"angle": 0, "axis": "y", "origin": [8, 23.59634, 14.57107]},
			"faces": {
				"north": {"uv": [10.25, 13, 11, 14.25], "texture": "#0"},
				"east": {"uv": [11.25, 10, 12.5, 11.25], "texture": "#0"},
				"south": {"uv": [9.5, 13, 10.25, 14.25], "texture": "#0"},
				"west": {"uv": [11.25, 11.25, 12.5, 12.5], "texture": "#0"},
				"up": {"uv": [14.25, 13.25, 13, 12.5], "rotation": 90, "texture": "#0"},
				"down": {"uv": [4.25, 13.25, 3, 14], "rotation": 270, "texture": "#0"}
			}
		},
		{
			"from": [8, 13.96792, -7],
			"to": [8.04, 26.96792, 4],
			"rotation": {"angle": 22.5, "axis": "x", "origin": [8, 17.46792, -1.5]},
			"faces": {
				"east": {"uv": [6, 4, 8.75, 7.25], "texture": "#0"},
				"west": {"uv": [8.75, 4, 6, 7.25], "texture": "#0"}
			}
		},
		{
			"from": [8, 13.96792, 11],
			"to": [8.04, 21.96792, 22],
			"rotation": {"angle": -22.5, "axis": "x", "origin": [8, 17.46792, 16.5]},
			"faces": {
				"east": {"uv": [2.5, 7.25, 5.25, 9.25], "texture": "#0"},
				"west": {"uv": [5.25, 7.25, 2.5, 9.25], "texture": "#0"}
			}
		},
		{
			"from": [0.5, 7.96792, 6.5],
			"to": [6.5, 13.96792, 9.5],
			"rotation": {"angle": 0, "axis": "y", "origin": [15.5, -4.03208, 0]},
			"faces": {
				"north": {"uv": [10.5, 4.5, 12, 6], "texture": "#0"},
				"south": {"uv": [12, 4.5, 10.5, 6], "texture": "#0"},
				"west": {"uv": [6, 12.5, 6.75, 14], "texture": "#0"},
				"up": {"uv": [8.75, 14, 8, 12.5], "rotation": 90, "texture": "#0"},
				"down": {"uv": [12, 12.5, 11.25, 14], "rotation": 270, "texture": "#0"}
			}
		},
		{
			"from": [6.98716, -12.26722, 7.5],
			"to": [14.98716, -3.26722, 7.53],
			"rotation": {"angle": -22.5, "axis": "z", "origin": [15.98716, -12.26722, 5.5]},
			"faces": {
				"north": {"uv": [7.25, 7.25, 5.25, 9.5], "texture": "#0"},
				"south": {"uv": [5.25, 7.25, 7.25, 9.5], "texture": "#0"}
			}
		},
		{
			"from": [8.91492, -5.41031, 12.53899],
			"to": [15.91492, 1.58969, 12.55899],
			"rotation": {"angle": -45, "axis": "y", "origin": [10.91492, -5.41031, 12.53899]},
			"faces": {
				"north": {"uv": [7.25, 7.25, 9, 9], "texture": "#0"},
				"south": {"uv": [9, 7.25, 7.25, 9], "texture": "#0"}
			}
		},
		{
			"from": [8.22943, 2.75716, -4.2925],
			"to": [15.22943, 9.75716, -4.2525],
			"rotation": {"angle": 45, "axis": "y", "origin": [14.22943, 2.75716, -4.3925]},
			"faces": {
				"north": {"uv": [10.5, 3.5, 8.75, 5.25], "texture": "#0"},
				"south": {"uv": [8.75, 3.5, 10.5, 5.25], "texture": "#0"}
			}
		},
		{
			"from": [7.64365, 7.73205, 20.29027],
			"to": [14.64365, 14.73205, 20.33027],
			"rotation": {"angle": -45, "axis": "y", "origin": [15.64365, 7.73205, 20.43027]},
			"faces": {
				"north": {"uv": [8.75, 5.25, 10.5, 7], "texture": "#0"},
				"south": {"uv": [10.5, 5.25, 8.75, 7], "texture": "#0"}
			}
		}
	],
	"gui_light": "front",
	"display": {
		"thirdperson_righthand": {
			"rotation": [45, 55, 0],
			"translation": [2.25, 0, -3],
			"scale": [0.7, 0.7, 0.7]
		},
		"thirdperson_lefthand": {
			"rotation": [45, -125, 0],
			"translation": [2.25, -0.25, -2.75],
			"scale": [0.7, 0.7, 0.7]
		},
		"firstperson_righthand": {
			"rotation": [0, 84, 10],
			"translation": [-7, -1.5, -0.5],
			"scale": [0.6, 0.6, 0.6]
		},
		"firstperson_lefthand": {
			"rotation": [171, -80, 177.96],
			"translation": [-6.25, -1.5, 0.75],
			"scale": [0.6, 0.6, 0.6]
		},
		"ground": {
			"rotation": [0, 0, 75],
			"translation": [0, 3.25, 0],
			"scale": [0.6, 0.6, 0.6]
		},
		"gui": {
			"rotation": [6, -122, 18],
			"translation": [0.5, -0.25, -1.5],
			"scale": [0.47, 0.47, 0.47]
		},
		"head": {
			"rotation": [-180, 0, 0],
			"translation": [0, 15.5, 0],
			"scale": [0.6, 0.6, 0.6]
		},
		"fixed": {
			"rotation": [90, 90, -90],
			"translation": [0, 2.5, -5.25],
			"scale": [1.6, 1.6, 1.6]
		}
	},
	"groups": [
		{
			"name": "group",
			"origin": [20.93027, -4.26795, -0.14365],
			"color": 0,
			"boneType": "",
			"children": [0, 1, 2, 3, 4, 5, 6, 7, 8, 9, 10, 11, 12, 13, 14, 15, 16, 17, 18, 19, 20, 21, 22]
		}
	]
}