{"credit":"Made with Blockbench","texture_size":[8,8],"textures":{"1":"elitecreatures:demonking_assortment/muzan_particle","2":"elitecreatures:demonking_assortment/muzan_staff","particle":"elitecreatures:demonking_assortment/muzan_staff"},"elements":[{"from":[10.2,24.78386,10.7],"to":[4.8,19.38386,5.3],"rotation":{"angle":45,"axis":"x","origin":[7.5,22.08386,8]},"faces":{"north":{"uv":[8.75,1,9.25,1.5],"texture":"#2"},"east":{"uv":[8.75,1,9.25,1.5],"texture":"#2"},"south":{"uv":[8.75,1,9.25,1.5],"texture":"#2"},"west":{"uv":[8.75,1,9.25,1.5],"texture":"#2"},"up":{"uv":[8.75,1,9.25,1.5],"rotation":270,"texture":"#2"},"down":{"uv":[8.75,1,9.25,1.5],"rotation":90,"texture":"#2"}}},{"from":[5.51,12.26917,6.29975],"to":[9.49,16.26917,9.29975],"rotation":{"angle":0,"axis":"y","origin":[7.5,16.36917,8.09975]},"faces":{"north":{"uv":[2.25,5.75,3.25,6.75],"texture":"#2"},"east":{"uv":[2.75,6.75,2,7.75],"texture":"#2"},"south":{"uv":[6.25,1.5,7.25,2.5],"texture":"#2"},"west":{"uv":[2,6.75,2.75,7.75],"texture":"#2"},"up":{"uv":[3.5,7.75,2.75,6.75],"rotation":270,"texture":"#2"},"down":{"uv":[7.75,5.5,7,6.5],"rotation":90,"texture":"#2"}}},{"from":[5.49,14.79097,7.99289],"to":[9.51,17.79097,15.99289],"rotation":{"angle":-22.5,"axis":"x","origin":[7.5,11.29097,8.49289]},"faces":{"north":{"uv":[7,6.5,8,7.25],"texture":"#2"},"east":{"uv":[6.75,0,4.75,0.75],"texture":"#2"},"south":{"uv":[7.25,1,8.25,1.75],"texture":"#2"},"west":{"uv":[4.75,0,6.75,0.75],"texture":"#2"},"up":{"uv":[6,4.5,4,3.5],"rotation":270,"texture":"#2"},"down":{"uv":[6.25,1.5,4.25,2.5],"rotation":90,"texture":"#2"}}},{"from":[5.5,16.97497,10.49707],"to":[9.5,25.97497,13.49707],"rotation":{"angle":22.5,"axis":"x","origin":[7.49,19.97497,11.99707]},"faces":{"north":{"uv":[1.5,3.5,2.5,5.75],"texture":"#2"},"east":{"uv":[0.75,3.75,0,6],"texture":"#2"},"south":{"uv":[2.5,3.5,3.5,5.75],"texture":"#2"},"west":{"uv":[0,3.75,0.75,6],"texture":"#2"},"up":{"uv":[8.25,3.5,7.5,2.5],"rotation":270,"texture":"#2"},"down":{"uv":[4.75,7.5,4,8.5],"rotation":90,"texture":"#2"}}},{"from":[7.5,14.97497,13.49707],"to":[7.54,21.97497,19.49707],"rotation":{"angle":22.5,"axis":"x","origin":[7.49,19.97497,11.99707]},"faces":{"east":{"uv":[3,1.75,1.5,3.5],"texture":"#2"},"west":{"uv":[1.5,1.75,3,3.5],"texture":"#2"}}},{"from":[5.5,22.74557,3.65035],"to":[9.5,25.74557,10.65035],"rotation":{"angle":22.5,"axis":"x","origin":[7.49,20.24557,12.65035]},"faces":{"north":{"uv":[4.75,7.5,5.75,8.25],"texture":"#2"},"east":{"uv":[6.5,0.75,4.75,1.5],"texture":"#2"},"south":{"uv":[5.75,7.5,6.75,8.25],"texture":"#2"},"west":{"uv":[4.75,0.75,6.5,1.5],"texture":"#2"},"up":{"uv":[6,3.5,4.25,2.5],"rotation":270,"texture":"#2"},"down":{"uv":[5.75,4.5,4,5.5],"rotation":90,"texture":"#2"}}},{"from":[7.5,26,4.19794],"to":[7.54,32,11.19794],"rotation":{"angle":-22.5,"axis":"x","origin":[7.5,30.28598,10.69794]},"faces":{"east":{"uv":[4.75,0,3,1.5],"texture":"#2"},"west":{"uv":[3,0,4.75,1.5],"texture":"#2"}}},{"from":[6.5,13.52169,1.86767],"to":[8.5,20.52169,3.86767],"rotation":{"angle":45,"axis":"x","origin":[7.49,19.02169,13.06767]},"faces":{"north":{"uv":[1,6.75,1.5,8.5],"texture":"#2"},"east":{"uv":[1.25,3.75,0.75,5.5],"texture":"#2"},"south":{"uv":[1.5,6.75,2,8.5],"texture":"#2"},"west":{"uv":[0.75,3.75,1.25,5.5],"texture":"#2"},"up":{"uv":[7.25,4.5,6.75,4],"rotation":270,"texture":"#2"},"down":{"uv":[4,7.75,3.5,8.25],"rotation":90,"texture":"#2"}}},{"from":[6.5,13.52169,3.86767],"to":[8.5,15.52169,6.86767],"rotation":{"angle":45,"axis":"x","origin":[7.49,19.02169,13.06767]},"faces":{"north":{"uv":[7.75,5.5,8.25,6],"texture":"#2"},"east":{"uv":[6.75,4,6,4.5],"texture":"#2"},"south":{"uv":[7.75,6,8.25,6.5],"texture":"#2"},"west":{"uv":[6,4,6.75,4.5],"texture":"#2"},"up":{"uv":[7.25,1.5,6.5,1],"rotation":270,"texture":"#2"},"down":{"uv":[8.25,3.5,7.5,4],"rotation":90,"texture":"#2"}}},{"from":[7.5,14.03982,0.63367],"to":[7.54,22.03982,5.63367],"rotation":{"angle":22.5,"axis":"x","origin":[6.5,20.03982,3.13367]},"faces":{"east":{"uv":[4.25,1.5,3,3.5],"texture":"#2"},"west":{"uv":[3,1.5,4.25,3.5],"texture":"#2"}}},{"from":[5.48,10.29097,3.49289],"to":[9.52,13.29097,9.49289],"rotation":{"angle":22.5,"axis":"x","origin":[7.5,8.29097,7.49289]},"faces":{"north":{"uv":[7.25,1.75,8.25,2.5],"texture":"#2"},"east":{"uv":[7.5,2.5,6,3.25],"texture":"#2"},"south":{"uv":[7.25,4,8.25,4.75],"texture":"#2"},"west":{"uv":[6,2.5,7.5,3.25],"texture":"#2"},"up":{"uv":[5.5,6.5,4,5.5],"rotation":270,"texture":"#2"},"down":{"uv":[7,5.5,5.5,6.5],"rotation":90,"texture":"#2"}}},{"from":[5.48,7.29097,4.49289],"to":[9.52,10.29097,10.49289],"rotation":{"angle":22.5,"axis":"x","origin":[7.5,8.29097,7.49289]},"faces":{"north":{"uv":[7.25,4.75,8.25,5.5],"texture":"#2"},"east":{"uv":[7.5,3.25,6,4],"texture":"#2"},"south":{"uv":[7,7.25,8,8],"texture":"#2"},"west":{"uv":[6,3.25,7.5,4],"texture":"#2"},"up":{"uv":[2.25,6.75,0.75,5.75],"rotation":270,"texture":"#2"},"down":{"uv":[7.25,4.5,5.75,5.5],"rotation":90,"texture":"#2"}}},{"from":[5.5,3.88386,5.07],"to":[9.5,7.88386,9.07],"rotation":{"angle":45,"axis":"x","origin":[8.5,6.08386,7.5]},"faces":{"north":{"uv":[5,6.5,6,7.5],"texture":"#2"},"east":{"uv":[5,6.5,4,7.5],"texture":"#2"},"south":{"uv":[6,6.5,7,7.5],"texture":"#2"},"west":{"uv":[4,6.5,5,7.5],"texture":"#2"},"up":{"uv":[1,7.75,0,6.75],"rotation":270,"texture":"#2"},"down":{"uv":[7.75,0,6.75,1],"rotation":90,"texture":"#2"}}},{"from":[6.5,-10.91614,6.5],"to":[8.5,6.08386,8.5],"rotation":{"angle":45,"axis":"y","origin":[7.5,-6.61614,7.5]},"faces":{"north":{"uv":[4,3.5,3.5,7.75],"texture":"#2"},"east":{"uv":[3.5,3.5,4,7.75],"texture":"#2"},"south":{"uv":[4,3.5,3.5,7.75],"texture":"#2"},"west":{"uv":[3.5,3.5,4,7.75],"texture":"#2"}}},{"from":[6,-12.61614,6.5],"to":[9,-9.61614,9.5],"rotation":{"angle":-45,"axis":"x","origin":[8,-11.61614,7.5]},"faces":{"north":{"uv":[0,7.75,0.75,8.5],"texture":"#2"},"east":{"uv":[0.75,6,0,6.75],"texture":"#2"},"south":{"uv":[7.75,0,8.5,0.75],"texture":"#2"},"west":{"uv":[0,6,0.75,6.75],"texture":"#2"},"up":{"uv":[2.75,8.5,2,7.75],"rotation":270,"texture":"#2"},"down":{"uv":[3.5,7.75,2.75,8.5],"rotation":90,"texture":"#2"}}},{"from":[7.48,-16,4.5],"to":[7.5,-8,10.5],"rotation":{"angle":0,"axis":"y","origin":[7.5,-13.61614,6.5]},"faces":{"east":{"uv":[1.5,0,0,2],"texture":"#2"},"west":{"uv":[0,0,1.5,2],"texture":"#2"}}},{"from":[-0.6,6.08386,7.87],"to":[5.4,13.08386,7.9],"rotation":{"angle":45,"axis":"y","origin":[5.4,9.58386,7.9]},"faces":{"north":{"uv":[1.5,0,3,1.75],"texture":"#2"},"south":{"uv":[3,0,1.5,1.75],"texture":"#2"}}},{"from":[9.6,6.08386,7.87],"to":[15.6,13.08386,7.9],"rotation":{"angle":-45,"axis":"y","origin":[9.6,9.58386,7.9]},"faces":{"north":{"uv":[3,0,1.5,1.75],"texture":"#2"},"south":{"uv":[1.5,0,3,1.75],"texture":"#2"}}},{"from":[-0.6,23.08386,13.87],"to":[5.4,30.08386,13.9],"rotation":{"angle":45,"axis":"y","origin":[5.4,9.58386,13.9]},"faces":{"north":{"uv":[0,2,1.5,3.75],"texture":"#2"},"south":{"uv":[1.5,2,0,3.75],"texture":"#2"}}},{"from":[9.6,23.08386,13.87],"to":[15.6,30.08386,13.9],"rotation":{"angle":-45,"axis":"y","origin":[9.6,9.58386,13.9]},"faces":{"north":{"uv":[1.5,2,0,3.75],"texture":"#2"},"south":{"uv":[0,2,1.5,3.75],"texture":"#2"}}},{"from":[6.5,21.08386,7],"to":[8.5,23.08386,9],"rotation":{"angle":45,"axis":"x","origin":[7.5,22.08386,8]},"faces":{"north":{"uv":[8.75,0,9.25,0.5],"texture":"#2"},"east":{"uv":[8.75,0,9.25,0.5],"texture":"#2"},"south":{"uv":[8.75,0,9.25,0.5],"texture":"#2"},"west":{"uv":[8.75,0,9.25,0.5],"texture":"#2"},"up":{"uv":[8.75,0,9.25,0.5],"rotation":270,"texture":"#2"},"down":{"uv":[8.75,0,9.25,0.5],"rotation":90,"texture":"#2"}}},{"from":[9.2,23.78386,9.7],"to":[5.8,20.38386,6.3],"rotation":{"angle":45,"axis":"x","origin":[7.5,22.08386,8]},"faces":{"north":{"uv":[8.75,0.5,9.25,1],"texture":"#2"},"east":{"uv":[8.75,0.5,9.25,1],"texture":"#2"},"south":{"uv":[8.75,0.5,9.25,1],"texture":"#2"},"west":{"uv":[8.75,0.5,9.25,1],"texture":"#2"},"up":{"uv":[8.75,0.5,9.25,1],"rotation":270,"texture":"#2"},"down":{"uv":[8.75,0.5,9.25,1],"rotation":90,"texture":"#2"}}},{"from":[3.45,25.18386,14.65],"to":[4.05,25.78386,15.25],"shade":false,"rotation":{"angle":-22.5,"axis":"y","origin":[4.25,24.50886,10.635]},"faces":{"north":{"uv":[0,14,2,16],"texture":"#1"},"east":{"uv":[0,14,2,16],"texture":"#1"},"south":{"uv":[0,14,2,16],"texture":"#1"},"west":{"uv":[0,14,2,16],"texture":"#1"},"up":{"uv":[0,14,2,16],"rotation":270,"texture":"#1"},"down":{"uv":[0,14,2,16],"rotation":90,"texture":"#1"}}},{"from":[4.3,26.03386,15.5],"to":[3.2,24.93386,14.4],"shade":false,"rotation":{"angle":-22.5,"axis":"y","origin":[4.25,24.50886,10.635]},"faces":{"north":{"uv":[2,14,4,16],"texture":"#1"},"east":{"uv":[2,14,4,16],"texture":"#1"},"south":{"uv":[2,14,4,16],"texture":"#1"},"west":{"uv":[2,14,4,16],"texture":"#1"},"up":{"uv":[2,14,4,16],"rotation":270,"texture":"#1"},"down":{"uv":[2,14,4,16],"rotation":90,"texture":"#1"}}},{"from":[2.9,24.8277,13.60564],"to":[3.6,25.5277,14.30564],"shade":false,"rotation":{"angle":-22.5,"axis":"y","origin":[4.25,24.50886,10.635]},"faces":{"north":{"uv":[0,12,2,14],"texture":"#1"},"east":{"uv":[0,12,2,14],"texture":"#1"},"south":{"uv":[0,12,2,14],"texture":"#1"},"west":{"uv":[0,12,2,14],"texture":"#1"},"up":{"uv":[0,12,2,14],"rotation":270,"texture":"#1"},"down":{"uv":[0,12,2,14],"rotation":90,"texture":"#1"}}},{"from":[3.9,25.8277,14.60564],"to":[2.6,24.5277,13.30564],"shade":false,"rotation":{"angle":-22.5,"axis":"y","origin":[4.25,24.50886,10.635]},"faces":{"north":{"uv":[2,12,4,14],"texture":"#1"},"east":{"uv":[2,12,4,14],"texture":"#1"},"south":{"uv":[2,12,4,14],"texture":"#1"},"west":{"uv":[2,12,4,14],"texture":"#1"},"up":{"uv":[2,12,4,14],"rotation":270,"texture":"#1"},"down":{"uv":[2,12,4,14],"rotation":90,"texture":"#1"}}},{"from":[2.25,24.33386,12.45781],"to":[3.25,25.33386,13.45781],"shade":false,"rotation":{"angle":-22.5,"axis":"y","origin":[4.25,24.50886,10.635]},"faces":{"north":{"uv":[0,10,2,12],"texture":"#1"},"east":{"uv":[0,10,2,12],"texture":"#1"},"south":{"uv":[0,10,2,12],"texture":"#1"},"west":{"uv":[0,10,2,12],"texture":"#1"},"up":{"uv":[0,10,2,12],"rotation":270,"texture":"#1"},"down":{"uv":[0,10,2,12],"rotation":90,"texture":"#1"}}},{"from":[3.5,25.58386,13.70781],"to":[2,24.08386,12.20781],"shade":false,"rotation":{"angle":-22.5,"axis":"y","origin":[4.25,24.50886,10.635]},"faces":{"north":{"uv":[2,10,4,12],"texture":"#1"},"east":{"uv":[2,10,4,12],"texture":"#1"},"south":{"uv":[2,10,4,12],"texture":"#1"},"west":{"uv":[2,10,4,12],"texture":"#1"},"up":{"uv":[2,10,4,12],"rotation":270,"texture":"#1"},"down":{"uv":[2,10,4,12],"rotation":90,"texture":"#1"}}},{"from":[2.25,23.98386,11.45332],"to":[3.25,24.98386,12.45332],"shade":false,"rotation":{"angle":-22.5,"axis":"y","origin":[4.25,24.50886,10.635]},"faces":{"north":{"uv":[0,8,2,10],"rotation":270,"texture":"#1"},"east":{"uv":[0,8,2,10],"rotation":270,"texture":"#1"},"south":{"uv":[0,8,2,10],"rotation":270,"texture":"#1"},"west":{"uv":[0,8,2,10],"rotation":90,"texture":"#1"},"up":{"uv":[0,8,2,10],"rotation":180,"texture":"#1"},"down":{"uv":[0,8,2,10],"texture":"#1"}}},{"from":[3.5,25.24086,12.70332],"to":[2,23.74086,11.20332],"shade":false,"rotation":{"angle":-22.5,"axis":"y","origin":[4.25,24.50886,10.635]},"faces":{"north":{"uv":[2,8,4,10],"rotation":270,"texture":"#1"},"east":{"uv":[2,8,4,10],"rotation":270,"texture":"#1"},"south":{"uv":[2,8,4,10],"rotation":270,"texture":"#1"},"west":{"uv":[2,8,4,10],"rotation":90,"texture":"#1"},"up":{"uv":[2,8,4,10],"rotation":180,"texture":"#1"},"down":{"uv":[2,8,4,10],"texture":"#1"}}},{"from":[3,23.63386,10.45],"to":[4,24.63386,11.45],"shade":false,"rotation":{"angle":-22.5,"axis":"y","origin":[4.25,24.50886,10.635]},"faces":{"north":{"uv":[0,6,2,8],"texture":"#1"},"east":{"uv":[0,6,2,8],"texture":"#1"},"south":{"uv":[0,6,2,8],"texture":"#1"},"west":{"uv":[0,6,2,8],"texture":"#1"},"up":{"uv":[0,6,2,8],"rotation":270,"texture":"#1"},"down":{"uv":[0,6,2,8],"rotation":90,"texture":"#1"}}},{"from":[4.25,24.88386,11.7],"to":[2.75,23.38386,10.2],"shade":false,"rotation":{"angle":-22.5,"axis":"y","origin":[4.25,24.50886,10.635]},"faces":{"north":{"uv":[2,6,4,8],"texture":"#1"},"east":{"uv":[2,6,4,8],"texture":"#1"},"south":{"uv":[2,6,4,8],"texture":"#1"},"west":{"uv":[2,6,4,8],"texture":"#1"},"up":{"uv":[2,6,4,8],"rotation":270,"texture":"#1"},"down":{"uv":[2,6,4,8],"rotation":90,"texture":"#1"}}},{"from":[3.9,23.46954,9.58191],"to":[4.6,24.16954,10.28191],"shade":false,"rotation":{"angle":-22.5,"axis":"y","origin":[4.25,24.50886,10.635]},"faces":{"north":{"uv":[0,4,2,6],"texture":"#1"},"east":{"uv":[0,4,2,6],"texture":"#1"},"south":{"uv":[0,4,2,6],"texture":"#1"},"west":{"uv":[0,4,2,6],"texture":"#1"},"up":{"uv":[0,4,2,6],"rotation":270,"texture":"#1"},"down":{"uv":[0,4,2,6],"rotation":90,"texture":"#1"}}},{"from":[4.9,24.46954,10.58191],"to":[3.6,23.16954,9.28191],"shade":false,"rotation":{"angle":-22.5,"axis":"y","origin":[4.25,24.50886,10.635]},"faces":{"north":{"uv":[2,4,4,6],"texture":"#1"},"east":{"uv":[2,4,4,6],"texture":"#1"},"south":{"uv":[2,4,4,6],"texture":"#1"},"west":{"uv":[2,4,4,6],"texture":"#1"},"up":{"uv":[2,4,4,6],"rotation":270,"texture":"#1"},"down":{"uv":[2,4,4,6],"rotation":90,"texture":"#1"}}},{"from":[4.45,23.23386,8.62],"to":[5.05,23.83386,9.22],"shade":false,"rotation":{"angle":-22.5,"axis":"y","origin":[4.25,24.50886,10.635]},"faces":{"north":{"uv":[0,2,2,4],"texture":"#1"},"east":{"uv":[0,2,2,4],"texture":"#1"},"south":{"uv":[0,2,2,4],"texture":"#1"},"west":{"uv":[0,2,2,4],"texture":"#1"},"up":{"uv":[0,2,2,4],"rotation":270,"texture":"#1"},"down":{"uv":[0,2,2,4],"rotation":90,"texture":"#1"}}},{"from":[5.3,24.08386,9.47],"to":[4.2,22.98386,8.37],"shade":false,"rotation":{"angle":-22.5,"axis":"y","origin":[4.25,24.50886,10.635]},"faces":{"north":{"uv":[2,2,4,4],"texture":"#1"},"east":{"uv":[2,2,4,4],"texture":"#1"},"south":{"uv":[2,2,4,4],"texture":"#1"},"west":{"uv":[2,2,4,4],"texture":"#1"},"up":{"uv":[2,2,4,4],"rotation":270,"texture":"#1"},"down":{"uv":[2,2,4,4],"rotation":90,"texture":"#1"}}},{"from":[3.45,17.38386,14.65],"to":[4.05,17.98386,15.25],"shade":false,"rotation":{"angle":-22.5,"axis":"y","origin":[4.25,18.65886,10.635]},"faces":{"north":{"uv":[4,16,6,14],"texture":"#1"},"east":{"uv":[4,16,6,14],"texture":"#1"},"south":{"uv":[4,16,6,14],"texture":"#1"},"west":{"uv":[4,16,6,14],"texture":"#1"},"up":{"uv":[4,16,6,14],"rotation":270,"texture":"#1"},"down":{"uv":[4,16,6,14],"rotation":90,"texture":"#1"}}},{"from":[4.3,18.23386,15.5],"to":[3.2,17.13386,14.4],"shade":false,"rotation":{"angle":-22.5,"axis":"y","origin":[4.25,18.65886,10.635]},"faces":{"north":{"uv":[6,16,8,14],"texture":"#1"},"east":{"uv":[6,16,8,14],"texture":"#1"},"south":{"uv":[6,16,8,14],"texture":"#1"},"west":{"uv":[6,16,8,14],"texture":"#1"},"up":{"uv":[6,16,8,14],"rotation":270,"texture":"#1"},"down":{"uv":[6,16,8,14],"rotation":90,"texture":"#1"}}},{"from":[2.9,17.64002,13.60564],"to":[3.6,18.34002,14.30564],"shade":false,"rotation":{"angle":-22.5,"axis":"y","origin":[4.25,18.65886,10.635]},"faces":{"north":{"uv":[4,14,6,12],"texture":"#1"},"east":{"uv":[4,14,6,12],"texture":"#1"},"south":{"uv":[4,14,6,12],"texture":"#1"},"west":{"uv":[4,14,6,12],"texture":"#1"},"up":{"uv":[4,14,6,12],"rotation":270,"texture":"#1"},"down":{"uv":[4,14,6,12],"rotation":90,"texture":"#1"}}},{"from":[3.9,18.64002,14.60564],"to":[2.6,17.34002,13.30564],"shade":false,"rotation":{"angle":-22.5,"axis":"y","origin":[4.25,18.65886,10.635]},"faces":{"north":{"uv":[6,14,8,12],"texture":"#1"},"east":{"uv":[6,14,8,12],"texture":"#1"},"south":{"uv":[6,14,8,12],"texture":"#1"},"west":{"uv":[6,14,8,12],"texture":"#1"},"up":{"uv":[6,14,8,12],"rotation":270,"texture":"#1"},"down":{"uv":[6,14,8,12],"rotation":90,"texture":"#1"}}},{"from":[2.25,17.83386,12.45781],"to":[3.25,18.83386,13.45781],"shade":false,"rotation":{"angle":-22.5,"axis":"y","origin":[4.25,18.65886,10.635]},"faces":{"north":{"uv":[4,12,6,10],"texture":"#1"},"east":{"uv":[4,12,6,10],"texture":"#1"},"south":{"uv":[4,12,6,10],"texture":"#1"},"west":{"uv":[4,12,6,10],"texture":"#1"},"up":{"uv":[4,12,6,10],"rotation":270,"texture":"#1"},"down":{"uv":[4,12,6,10],"rotation":90,"texture":"#1"}}},{"from":[3.5,19.08386,13.70781],"to":[2,17.58386,12.20781],"shade":false,"rotation":{"angle":-22.5,"axis":"y","origin":[4.25,18.65886,10.635]},"faces":{"north":{"uv":[6,12,8,10],"texture":"#1"},"east":{"uv":[6,12,8,10],"texture":"#1"},"south":{"uv":[6,12,8,10],"texture":"#1"},"west":{"uv":[6,12,8,10],"texture":"#1"},"up":{"uv":[6,12,8,10],"rotation":270,"texture":"#1"},"down":{"uv":[6,12,8,10],"rotation":90,"texture":"#1"}}},{"from":[2.25,18.18386,11.45332],"to":[3.25,19.18386,12.45332],"shade":false,"rotation":{"angle":-22.5,"axis":"y","origin":[4.25,18.65886,10.635]},"faces":{"north":{"uv":[6,8,4,10],"rotation":270,"texture":"#1"},"east":{"uv":[6,8,4,10],"rotation":270,"texture":"#1"},"south":{"uv":[6,8,4,10],"rotation":270,"texture":"#1"},"west":{"uv":[6,8,4,10],"rotation":90,"texture":"#1"},"up":{"uv":[6,8,4,10],"rotation":180,"texture":"#1"},"down":{"uv":[6,8,4,10],"texture":"#1"}}},{"from":[3.5,19.42686,12.70332],"to":[2,17.92686,11.20332],"shade":false,"rotation":{"angle":-22.5,"axis":"y","origin":[4.25,18.65886,10.635]},"faces":{"north":{"uv":[8,8,6,10],"rotation":270,"texture":"#1"},"east":{"uv":[8,8,6,10],"rotation":270,"texture":"#1"},"south":{"uv":[8,8,6,10],"rotation":270,"texture":"#1"},"west":{"uv":[8,8,6,10],"rotation":90,"texture":"#1"},"up":{"uv":[8,8,6,10],"rotation":180,"texture":"#1"},"down":{"uv":[8,8,6,10],"texture":"#1"}}},{"from":[3,18.53386,10.45],"to":[4,19.53386,11.45],"shade":false,"rotation":{"angle":-22.5,"axis":"y","origin":[4.25,18.65886,10.635]},"faces":{"north":{"uv":[4,8,6,6],"texture":"#1"},"east":{"uv":[4,8,6,6],"texture":"#1"},"south":{"uv":[4,8,6,6],"texture":"#1"},"west":{"uv":[4,8,6,6],"texture":"#1"},"up":{"uv":[4,8,6,6],"rotation":270,"texture":"#1"},"down":{"uv":[4,8,6,6],"rotation":90,"texture":"#1"}}},{"from":[4.25,19.78386,11.7],"to":[2.75,18.28386,10.2],"shade":false,"rotation":{"angle":-22.5,"axis":"y","origin":[4.25,18.65886,10.635]},"faces":{"north":{"uv":[6,8,8,6],"texture":"#1"},"east":{"uv":[6,8,8,6],"texture":"#1"},"south":{"uv":[6,8,8,6],"texture":"#1"},"west":{"uv":[6,8,8,6],"texture":"#1"},"up":{"uv":[6,8,8,6],"rotation":270,"texture":"#1"},"down":{"uv":[6,8,8,6],"rotation":90,"texture":"#1"}}},{"from":[3.9,18.99818,9.58191],"to":[4.6,19.69818,10.28191],"shade":false,"rotation":{"angle":-22.5,"axis":"y","origin":[4.25,18.65886,10.635]},"faces":{"north":{"uv":[4,6,6,4],"texture":"#1"},"east":{"uv":[4,6,6,4],"texture":"#1"},"south":{"uv":[4,6,6,4],"texture":"#1"},"west":{"uv":[4,6,6,4],"texture":"#1"},"up":{"uv":[4,6,6,4],"rotation":270,"texture":"#1"},"down":{"uv":[4,6,6,4],"rotation":90,"texture":"#1"}}},{"from":[4.9,19.99818,10.58191],"to":[3.6,18.69818,9.28191],"shade":false,"rotation":{"angle":-22.5,"axis":"y","origin":[4.25,18.65886,10.635]},"faces":{"north":{"uv":[6,6,8,4],"texture":"#1"},"east":{"uv":[6,6,8,4],"texture":"#1"},"south":{"uv":[6,6,8,4],"texture":"#1"},"west":{"uv":[6,6,8,4],"texture":"#1"},"up":{"uv":[6,6,8,4],"rotation":270,"texture":"#1"},"down":{"uv":[6,6,8,4],"rotation":90,"texture":"#1"}}},{"from":[4.45,19.33386,8.62],"to":[5.05,19.93386,9.22],"shade":false,"rotation":{"angle":-22.5,"axis":"y","origin":[4.25,18.65886,10.635]},"faces":{"north":{"uv":[4,4,6,2],"texture":"#1"},"east":{"uv":[4,4,6,2],"texture":"#1"},"south":{"uv":[4,4,6,2],"texture":"#1"},"west":{"uv":[4,4,6,2],"texture":"#1"},"up":{"uv":[4,4,6,2],"rotation":270,"texture":"#1"},"down":{"uv":[4,4,6,2],"rotation":90,"texture":"#1"}}},{"from":[5.3,20.18386,9.47],"to":[4.2,19.08386,8.37],"shade":false,"rotation":{"angle":-22.5,"axis":"y","origin":[4.25,18.65886,10.635]},"faces":{"north":{"uv":[6,4,8,2],"texture":"#1"},"east":{"uv":[6,4,8,2],"texture":"#1"},"south":{"uv":[6,4,8,2],"texture":"#1"},"west":{"uv":[6,4,8,2],"texture":"#1"},"up":{"uv":[6,4,8,2],"rotation":270,"texture":"#1"},"down":{"uv":[6,4,8,2],"rotation":90,"texture":"#1"}}},{"from":[3.45,18.38386,-0.25],"to":[4.05,18.98386,0.35],"shade":false,"rotation":{"angle":22.5,"axis":"y","origin":[4.25,19.65886,4.365]},"faces":{"north":{"uv":[10,16,8,14],"texture":"#1"},"east":{"uv":[10,16,8,14],"texture":"#1"},"south":{"uv":[10,16,8,14],"texture":"#1"},"west":{"uv":[10,16,8,14],"texture":"#1"},"up":{"uv":[10,16,8,14],"rotation":270,"texture":"#1"},"down":{"uv":[10,16,8,14],"rotation":90,"texture":"#1"}}},{"from":[4.3,19.23386,0.6],"to":[3.2,18.13386,-0.5],"shade":false,"rotation":{"angle":22.5,"axis":"y","origin":[4.25,19.65886,4.365]},"faces":{"north":{"uv":[12,16,10,14],"texture":"#1"},"east":{"uv":[12,16,10,14],"texture":"#1"},"south":{"uv":[12,16,10,14],"texture":"#1"},"west":{"uv":[12,16,10,14],"texture":"#1"},"up":{"uv":[12,16,10,14],"rotation":270,"texture":"#1"},"down":{"uv":[12,16,10,14],"rotation":90,"texture":"#1"}}},{"from":[2.9,18.64002,0.69436],"to":[3.6,19.34002,1.39436],"shade":false,"rotation":{"angle":22.5,"axis":"y","origin":[4.25,19.65886,4.365]},"faces":{"north":{"uv":[10,14,8,12],"texture":"#1"},"east":{"uv":[10,14,8,12],"texture":"#1"},"south":{"uv":[10,14,8,12],"texture":"#1"},"west":{"uv":[10,14,8,12],"texture":"#1"},"up":{"uv":[10,14,8,12],"rotation":270,"texture":"#1"},"down":{"uv":[10,14,8,12],"rotation":90,"texture":"#1"}}},{"from":[3.9,19.64002,1.69436],"to":[2.6,18.34002,0.39436],"shade":false,"rotation":{"angle":22.5,"axis":"y","origin":[4.25,19.65886,4.365]},"faces":{"north":{"uv":[12,14,10,12],"texture":"#1"},"east":{"uv":[12,14,10,12],"texture":"#1"},"south":{"uv":[12,14,10,12],"texture":"#1"},"west":{"uv":[12,14,10,12],"texture":"#1"},"up":{"uv":[12,14,10,12],"rotation":270,"texture":"#1"},"down":{"uv":[12,14,10,12],"rotation":90,"texture":"#1"}}},{"from":[2.25,18.83386,1.54219],"to":[3.25,19.83386,2.54219],"shade":false,"rotation":{"angle":22.5,"axis":"y","origin":[4.25,19.65886,4.365]},"faces":{"north":{"uv":[10,12,8,10],"texture":"#1"},"east":{"uv":[10,12,8,10],"texture":"#1"},"south":{"uv":[10,12,8,10],"texture":"#1"},"west":{"uv":[10,12,8,10],"texture":"#1"},"up":{"uv":[10,12,8,10],"rotation":270,"texture":"#1"},"down":{"uv":[10,12,8,10],"rotation":90,"texture":"#1"}}},{"from":[3.5,20.08386,2.79219],"to":[2,18.58386,1.29219],"shade":false,"rotation":{"angle":22.5,"axis":"y","origin":[4.25,19.65886,4.365]},"faces":{"north":{"uv":[12,12,10,10],"texture":"#1"},"east":{"uv":[12,12,10,10],"texture":"#1"},"south":{"uv":[12,12,10,10],"texture":"#1"},"west":{"uv":[12,12,10,10],"texture":"#1"},"up":{"uv":[12,12,10,10],"rotation":270,"texture":"#1"},"down":{"uv":[12,12,10,10],"rotation":90,"texture":"#1"}}},{"from":[2.25,19.18386,2.54668],"to":[3.25,20.18386,3.54668],"shade":false,"rotation":{"angle":22.5,"axis":"y","origin":[4.25,19.65886,4.365]},"faces":{"north":{"uv":[10,10,8,8],"rotation":270,"texture":"#1"},"east":{"uv":[10,10,8,8],"rotation":270,"texture":"#1"},"south":{"uv":[10,10,8,8],"rotation":270,"texture":"#1"},"west":{"uv":[10,10,8,8],"rotation":90,"texture":"#1"},"up":{"uv":[10,10,8,8],"rotation":180,"texture":"#1"},"down":{"uv":[10,10,8,8],"texture":"#1"}}},{"from":[3.5,20.42686,3.79668],"to":[2,18.92686,2.29668],"shade":false,"rotation":{"angle":22.5,"axis":"y","origin":[4.25,19.65886,4.365]},"faces":{"north":{"uv":[12,10,10,8],"rotation":270,"texture":"#1"},"east":{"uv":[12,10,10,8],"rotation":270,"texture":"#1"},"south":{"uv":[12,10,10,8],"rotation":270,"texture":"#1"},"west":{"uv":[12,10,10,8],"rotation":90,"texture":"#1"},"up":{"uv":[12,10,10,8],"rotation":180,"texture":"#1"},"down":{"uv":[12,10,10,8],"texture":"#1"}}},{"from":[3,19.53386,3.55],"to":[4,20.53386,4.55],"shade":false,"rotation":{"angle":22.5,"axis":"y","origin":[4.25,19.65886,4.365]},"faces":{"north":{"uv":[10,8,8,6],"texture":"#1"},"east":{"uv":[10,8,8,6],"texture":"#1"},"south":{"uv":[10,8,8,6],"texture":"#1"},"west":{"uv":[10,8,8,6],"texture":"#1"},"up":{"uv":[10,8,8,6],"rotation":270,"texture":"#1"},"down":{"uv":[10,8,8,6],"rotation":90,"texture":"#1"}}},{"from":[4.25,20.78386,4.8],"to":[2.75,19.28386,3.3],"shade":false,"rotation":{"angle":22.5,"axis":"y","origin":[4.25,19.65886,4.365]},"faces":{"north":{"uv":[12,8,10,6],"texture":"#1"},"east":{"uv":[12,8,10,6],"texture":"#1"},"south":{"uv":[12,8,10,6],"texture":"#1"},"west":{"uv":[12,8,10,6],"texture":"#1"},"up":{"uv":[12,8,10,6],"rotation":270,"texture":"#1"},"down":{"uv":[12,8,10,6],"rotation":90,"texture":"#1"}}},{"from":[3.9,19.99818,4.71809],"to":[4.6,20.69818,5.41809],"shade":false,"rotation":{"angle":22.5,"axis":"y","origin":[4.25,19.65886,4.365]},"faces":{"north":{"uv":[10,6,8,4],"texture":"#1"},"east":{"uv":[10,6,8,4],"texture":"#1"},"south":{"uv":[10,6,8,4],"texture":"#1"},"west":{"uv":[10,6,8,4],"texture":"#1"},"up":{"uv":[10,6,8,4],"rotation":270,"texture":"#1"},"down":{"uv":[10,6,8,4],"rotation":90,"texture":"#1"}}},{"from":[4.9,20.99818,5.71809],"to":[3.6,19.69818,4.41809],"shade":false,"rotation":{"angle":22.5,"axis":"y","origin":[4.25,19.65886,4.365]},"faces":{"north":{"uv":[12,6,10,4],"texture":"#1"},"east":{"uv":[12,6,10,4],"texture":"#1"},"south":{"uv":[12,6,10,4],"texture":"#1"},"west":{"uv":[12,6,10,4],"texture":"#1"},"up":{"uv":[12,6,10,4],"rotation":270,"texture":"#1"},"down":{"uv":[12,6,10,4],"rotation":90,"texture":"#1"}}},{"from":[4.45,20.33386,5.78],"to":[5.05,20.93386,6.38],"shade":false,"rotation":{"angle":22.5,"axis":"y","origin":[4.25,19.65886,4.365]},"faces":{"north":{"uv":[10,4,8,2],"texture":"#1"},"east":{"uv":[10,4,8,2],"texture":"#1"},"south":{"uv":[10,4,8,2],"texture":"#1"},"west":{"uv":[10,4,8,2],"texture":"#1"},"up":{"uv":[10,4,8,2],"rotation":270,"texture":"#1"},"down":{"uv":[10,4,8,2],"rotation":90,"texture":"#1"}}},{"from":[5.3,21.18386,6.63],"to":[4.2,20.08386,5.53],"shade":false,"rotation":{"angle":22.5,"axis":"y","origin":[4.25,19.65886,4.365]},"faces":{"north":{"uv":[12,4,10,2],"texture":"#1"},"east":{"uv":[12,4,10,2],"texture":"#1"},"south":{"uv":[12,4,10,2],"texture":"#1"},"west":{"uv":[12,4,10,2],"texture":"#1"},"up":{"uv":[12,4,10,2],"rotation":270,"texture":"#1"},"down":{"uv":[12,4,10,2],"rotation":90,"texture":"#1"}}},{"from":[3.45,26.18386,-0.25],"to":[4.05,26.78386,0.35],"shade":false,"rotation":{"angle":22.5,"axis":"y","origin":[4.25,25.50886,4.365]},"faces":{"north":{"uv":[14,14,12,16],"texture":"#1"},"east":{"uv":[14,14,12,16],"texture":"#1"},"south":{"uv":[14,14,12,16],"texture":"#1"},"west":{"uv":[14,14,12,16],"texture":"#1"},"up":{"uv":[14,14,12,16],"rotation":270,"texture":"#1"},"down":{"uv":[14,14,12,16],"rotation":90,"texture":"#1"}}},{"from":[4.3,27.03386,0.6],"to":[3.2,25.93386,-0.5],"shade":false,"rotation":{"angle":22.5,"axis":"y","origin":[4.25,25.50886,4.365]},"faces":{"north":{"uv":[16,14,14,16],"texture":"#1"},"east":{"uv":[16,14,14,16],"texture":"#1"},"south":{"uv":[16,14,14,16],"texture":"#1"},"west":{"uv":[16,14,14,16],"texture":"#1"},"up":{"uv":[16,14,14,16],"rotation":270,"texture":"#1"},"down":{"uv":[16,14,14,16],"rotation":90,"texture":"#1"}}},{"from":[2.9,25.8277,0.69436],"to":[3.6,26.5277,1.39436],"shade":false,"rotation":{"angle":22.5,"axis":"y","origin":[4.25,25.50886,4.365]},"faces":{"north":{"uv":[14,12,12,14],"texture":"#1"},"east":{"uv":[14,12,12,14],"texture":"#1"},"south":{"uv":[14,12,12,14],"texture":"#1"},"west":{"uv":[14,12,12,14],"texture":"#1"},"up":{"uv":[14,12,12,14],"rotation":270,"texture":"#1"},"down":{"uv":[14,12,12,14],"rotation":90,"texture":"#1"}}},{"from":[3.9,26.8277,1.69436],"to":[2.6,25.5277,0.39436],"shade":false,"rotation":{"angle":22.5,"axis":"y","origin":[4.25,25.50886,4.365]},"faces":{"north":{"uv":[16,12,14,14],"texture":"#1"},"east":{"uv":[16,12,14,14],"texture":"#1"},"south":{"uv":[16,12,14,14],"texture":"#1"},"west":{"uv":[16,12,14,14],"texture":"#1"},"up":{"uv":[16,12,14,14],"rotation":270,"texture":"#1"},"down":{"uv":[16,12,14,14],"rotation":90,"texture":"#1"}}},{"from":[2.25,25.33386,1.54219],"to":[3.25,26.33386,2.54219],"shade":false,"rotation":{"angle":22.5,"axis":"y","origin":[4.25,25.50886,4.365]},"faces":{"north":{"uv":[14,10,12,12],"texture":"#1"},"east":{"uv":[14,10,12,12],"texture":"#1"},"south":{"uv":[14,10,12,12],"texture":"#1"},"west":{"uv":[14,10,12,12],"texture":"#1"},"up":{"uv":[14,10,12,12],"rotation":270,"texture":"#1"},"down":{"uv":[14,10,12,12],"rotation":90,"texture":"#1"}}},{"from":[3.5,26.58386,2.79219],"to":[2,25.08386,1.29219],"shade":false,"rotation":{"angle":22.5,"axis":"y","origin":[4.25,25.50886,4.365]},"faces":{"north":{"uv":[16,10,14,12],"texture":"#1"},"east":{"uv":[16,10,14,12],"texture":"#1"},"south":{"uv":[16,10,14,12],"texture":"#1"},"west":{"uv":[16,10,14,12],"texture":"#1"},"up":{"uv":[16,10,14,12],"rotation":270,"texture":"#1"},"down":{"uv":[16,10,14,12],"rotation":90,"texture":"#1"}}},{"from":[2.25,24.98386,2.54668],"to":[3.25,25.98386,3.54668],"shade":false,"rotation":{"angle":22.5,"axis":"y","origin":[4.25,25.50886,4.365]},"faces":{"north":{"uv":[12,10,14,8],"rotation":270,"texture":"#1"},"east":{"uv":[12,10,14,8],"rotation":270,"texture":"#1"},"south":{"uv":[12,10,14,8],"rotation":270,"texture":"#1"},"west":{"uv":[12,10,14,8],"rotation":90,"texture":"#1"},"up":{"uv":[12,10,14,8],"rotation":180,"texture":"#1"},"down":{"uv":[12,10,14,8],"texture":"#1"}}},{"from":[3.5,26.24086,3.79668],"to":[2,24.74086,2.29668],"shade":false,"rotation":{"angle":22.5,"axis":"y","origin":[4.25,25.50886,4.365]},"faces":{"north":{"uv":[14,10,16,8],"rotation":270,"texture":"#1"},"east":{"uv":[14,10,16,8],"rotation":270,"texture":"#1"},"south":{"uv":[14,10,16,8],"rotation":270,"texture":"#1"},"west":{"uv":[14,10,16,8],"rotation":90,"texture":"#1"},"up":{"uv":[14,10,16,8],"rotation":180,"texture":"#1"},"down":{"uv":[14,10,16,8],"texture":"#1"}}},{"from":[3,24.63386,3.55],"to":[4,25.63386,4.55],"shade":false,"rotation":{"angle":22.5,"axis":"y","origin":[4.25,25.50886,4.365]},"faces":{"north":{"uv":[14,6,12,8],"texture":"#1"},"east":{"uv":[14,6,12,8],"texture":"#1"},"south":{"uv":[14,6,12,8],"texture":"#1"},"west":{"uv":[14,6,12,8],"texture":"#1"},"up":{"uv":[14,6,12,8],"rotation":270,"texture":"#1"},"down":{"uv":[14,6,12,8],"rotation":90,"texture":"#1"}}},{"from":[4.25,25.88386,4.8],"to":[2.75,24.38386,3.3],"shade":false,"rotation":{"angle":22.5,"axis":"y","origin":[4.25,25.50886,4.365]},"faces":{"north":{"uv":[16,6,14,8],"texture":"#1"},"east":{"uv":[16,6,14,8],"texture":"#1"},"south":{"uv":[16,6,14,8],"texture":"#1"},"west":{"uv":[16,6,14,8],"texture":"#1"},"up":{"uv":[16,6,14,8],"rotation":270,"texture":"#1"},"down":{"uv":[16,6,14,8],"rotation":90,"texture":"#1"}}},{"from":[3.9,24.46954,4.71809],"to":[4.6,25.16954,5.41809],"shade":false,"rotation":{"angle":22.5,"axis":"y","origin":[4.25,25.50886,4.365]},"faces":{"north":{"uv":[14,4,12,6],"texture":"#1"},"east":{"uv":[14,4,12,6],"texture":"#1"},"south":{"uv":[14,4,12,6],"texture":"#1"},"west":{"uv":[14,4,12,6],"texture":"#1"},"up":{"uv":[14,4,12,6],"rotation":270,"texture":"#1"},"down":{"uv":[14,4,12,6],"rotation":90,"texture":"#1"}}},{"from":[4.9,25.46954,5.71809],"to":[3.6,24.16954,4.41809],"shade":false,"rotation":{"angle":22.5,"axis":"y","origin":[4.25,25.50886,4.365]},"faces":{"north":{"uv":[16,4,14,6],"texture":"#1"},"east":{"uv":[16,4,14,6],"texture":"#1"},"south":{"uv":[16,4,14,6],"texture":"#1"},"west":{"uv":[16,4,14,6],"texture":"#1"},"up":{"uv":[16,4,14,6],"rotation":270,"texture":"#1"},"down":{"uv":[16,4,14,6],"rotation":90,"texture":"#1"}}},{"from":[4.45,24.23386,5.78],"to":[5.05,24.83386,6.38],"shade":false,"rotation":{"angle":22.5,"axis":"y","origin":[4.25,25.50886,4.365]},"faces":{"north":{"uv":[14,2,12,4],"texture":"#1"},"east":{"uv":[14,2,12,4],"texture":"#1"},"south":{"uv":[14,2,12,4],"texture":"#1"},"west":{"uv":[14,2,12,4],"texture":"#1"},"up":{"uv":[14,2,12,4],"rotation":270,"texture":"#1"},"down":{"uv":[14,2,12,4],"rotation":90,"texture":"#1"}}},{"from":[5.3,25.08386,6.63],"to":[4.2,23.98386,5.53],"shade":false,"rotation":{"angle":22.5,"axis":"y","origin":[4.25,25.50886,4.365]},"faces":{"north":{"uv":[16,2,14,4],"texture":"#1"},"east":{"uv":[16,2,14,4],"texture":"#1"},"south":{"uv":[16,2,14,4],"texture":"#1"},"west":{"uv":[16,2,14,4],"texture":"#1"},"up":{"uv":[16,2,14,4],"rotation":270,"texture":"#1"},"down":{"uv":[16,2,14,4],"rotation":90,"texture":"#1"}}},{"from":[10.95,25.18386,-0.25],"to":[11.55,25.78386,0.35],"shade":false,"rotation":{"angle":-22.5,"axis":"y","origin":[10.75,24.50886,4.365]},"faces":{"north":{"uv":[0,14,2,16],"texture":"#1"},"east":{"uv":[0,14,2,16],"texture":"#1"},"south":{"uv":[0,14,2,16],"texture":"#1"},"west":{"uv":[0,14,2,16],"texture":"#1"},"up":{"uv":[2,16,0,14],"rotation":270,"texture":"#1"},"down":{"uv":[2,16,0,14],"rotation":90,"texture":"#1"}}},{"from":[11.8,26.03386,0.6],"to":[10.7,24.93386,-0.5],"shade":false,"rotation":{"angle":-22.5,"axis":"y","origin":[10.75,24.50886,4.365]},"faces":{"north":{"uv":[2,14,4,16],"texture":"#1"},"east":{"uv":[2,14,4,16],"texture":"#1"},"south":{"uv":[2,14,4,16],"texture":"#1"},"west":{"uv":[2,14,4,16],"texture":"#1"},"up":{"uv":[4,16,2,14],"rotation":270,"texture":"#1"},"down":{"uv":[4,16,2,14],"rotation":90,"texture":"#1"}}},{"from":[11.4,24.8277,0.69436],"to":[12.1,25.5277,1.39436],"shade":false,"rotation":{"angle":-22.5,"axis":"y","origin":[10.75,24.50886,4.365]},"faces":{"north":{"uv":[0,12,2,14],"texture":"#1"},"east":{"uv":[0,12,2,14],"texture":"#1"},"south":{"uv":[0,12,2,14],"texture":"#1"},"west":{"uv":[0,12,2,14],"texture":"#1"},"up":{"uv":[2,14,0,12],"rotation":270,"texture":"#1"},"down":{"uv":[2,14,0,12],"rotation":90,"texture":"#1"}}},{"from":[12.4,25.8277,1.69436],"to":[11.1,24.5277,0.39436],"shade":false,"rotation":{"angle":-22.5,"axis":"y","origin":[10.75,24.50886,4.365]},"faces":{"north":{"uv":[2,12,4,14],"texture":"#1"},"east":{"uv":[2,12,4,14],"texture":"#1"},"south":{"uv":[2,12,4,14],"texture":"#1"},"west":{"uv":[2,12,4,14],"texture":"#1"},"up":{"uv":[4,14,2,12],"rotation":270,"texture":"#1"},"down":{"uv":[4,14,2,12],"rotation":90,"texture":"#1"}}},{"from":[11.75,24.33386,1.54219],"to":[12.75,25.33386,2.54219],"shade":false,"rotation":{"angle":-22.5,"axis":"y","origin":[10.75,24.50886,4.365]},"faces":{"north":{"uv":[0,10,2,12],"texture":"#1"},"east":{"uv":[0,10,2,12],"texture":"#1"},"south":{"uv":[0,10,2,12],"texture":"#1"},"west":{"uv":[0,10,2,12],"texture":"#1"},"up":{"uv":[2,12,0,10],"rotation":270,"texture":"#1"},"down":{"uv":[2,12,0,10],"rotation":90,"texture":"#1"}}},{"from":[13,25.58386,2.79219],"to":[11.5,24.08386,1.29219],"shade":false,"rotation":{"angle":-22.5,"axis":"y","origin":[10.75,24.50886,4.365]},"faces":{"north":{"uv":[2,10,4,12],"texture":"#1"},"east":{"uv":[2,10,4,12],"texture":"#1"},"south":{"uv":[2,10,4,12],"texture":"#1"},"west":{"uv":[2,10,4,12],"texture":"#1"},"up":{"uv":[4,12,2,10],"rotation":270,"texture":"#1"},"down":{"uv":[4,12,2,10],"rotation":90,"texture":"#1"}}},{"from":[11.75,23.98386,2.54668],"to":[12.75,24.98386,3.54668],"shade":false,"rotation":{"angle":-22.5,"axis":"y","origin":[10.75,24.50886,4.365]},"faces":{"north":{"uv":[0,8,2,10],"rotation":270,"texture":"#1"},"east":{"uv":[0,8,2,10],"rotation":90,"texture":"#1"},"south":{"uv":[0,8,2,10],"rotation":270,"texture":"#1"},"west":{"uv":[0,8,2,10],"rotation":270,"texture":"#1"},"up":{"uv":[2,10,0,8],"rotation":180,"texture":"#1"},"down":{"uv":[2,10,0,8],"texture":"#1"}}},{"from":[13,25.24086,3.79668],"to":[11.5,23.74086,2.29668],"shade":false,"rotation":{"angle":-22.5,"axis":"y","origin":[10.75,24.50886,4.365]},"faces":{"north":{"uv":[2,8,4,10],"rotation":270,"texture":"#1"},"east":{"uv":[2,8,4,10],"rotation":90,"texture":"#1"},"south":{"uv":[2,8,4,10],"rotation":270,"texture":"#1"},"west":{"uv":[2,8,4,10],"rotation":270,"texture":"#1"},"up":{"uv":[4,10,2,8],"rotation":180,"texture":"#1"},"down":{"uv":[4,10,2,8],"texture":"#1"}}},{"from":[11,23.63386,3.55],"to":[12,24.63386,4.55],"shade":false,"rotation":{"angle":-22.5,"axis":"y","origin":[10.75,24.50886,4.365]},"faces":{"north":{"uv":[0,6,2,8],"texture":"#1"},"east":{"uv":[0,6,2,8],"texture":"#1"},"south":{"uv":[0,6,2,8],"texture":"#1"},"west":{"uv":[0,6,2,8],"texture":"#1"},"up":{"uv":[2,8,0,6],"rotation":270,"texture":"#1"},"down":{"uv":[2,8,0,6],"rotation":90,"texture":"#1"}}},{"from":[12.25,24.88386,4.8],"to":[10.75,23.38386,3.3],"shade":false,"rotation":{"angle":-22.5,"axis":"y","origin":[10.75,24.50886,4.365]},"faces":{"north":{"uv":[2,6,4,8],"texture":"#1"},"east":{"uv":[2,6,4,8],"texture":"#1"},"south":{"uv":[2,6,4,8],"texture":"#1"},"west":{"uv":[2,6,4,8],"texture":"#1"},"up":{"uv":[4,8,2,6],"rotation":270,"texture":"#1"},"down":{"uv":[4,8,2,6],"rotation":90,"texture":"#1"}}},{"from":[10.4,23.46954,4.71809],"to":[11.1,24.16954,5.41809],"shade":false,"rotation":{"angle":-22.5,"axis":"y","origin":[10.75,24.50886,4.365]},"faces":{"north":{"uv":[0,4,2,6],"texture":"#1"},"east":{"uv":[0,4,2,6],"texture":"#1"},"south":{"uv":[0,4,2,6],"texture":"#1"},"west":{"uv":[0,4,2,6],"texture":"#1"},"up":{"uv":[2,6,0,4],"rotation":270,"texture":"#1"},"down":{"uv":[2,6,0,4],"rotation":90,"texture":"#1"}}},{"from":[11.4,24.46954,5.71809],"to":[10.1,23.16954,4.41809],"shade":false,"rotation":{"angle":-22.5,"axis":"y","origin":[10.75,24.50886,4.365]},"faces":{"north":{"uv":[2,4,4,6],"texture":"#1"},"east":{"uv":[2,4,4,6],"texture":"#1"},"south":{"uv":[2,4,4,6],"texture":"#1"},"west":{"uv":[2,4,4,6],"texture":"#1"},"up":{"uv":[4,6,2,4],"rotation":270,"texture":"#1"},"down":{"uv":[4,6,2,4],"rotation":90,"texture":"#1"}}},{"from":[9.95,23.23386,5.78],"to":[10.55,23.83386,6.38],"shade":false,"rotation":{"angle":-22.5,"axis":"y","origin":[10.75,24.50886,4.365]},"faces":{"north":{"uv":[0,2,2,4],"texture":"#1"},"east":{"uv":[0,2,2,4],"texture":"#1"},"south":{"uv":[0,2,2,4],"texture":"#1"},"west":{"uv":[0,2,2,4],"texture":"#1"},"up":{"uv":[2,4,0,2],"rotation":270,"texture":"#1"},"down":{"uv":[2,4,0,2],"rotation":90,"texture":"#1"}}},{"from":[10.8,24.08386,6.63],"to":[9.7,22.98386,5.53],"shade":false,"rotation":{"angle":-22.5,"axis":"y","origin":[10.75,24.50886,4.365]},"faces":{"north":{"uv":[2,2,4,4],"texture":"#1"},"east":{"uv":[2,2,4,4],"texture":"#1"},"south":{"uv":[2,2,4,4],"texture":"#1"},"west":{"uv":[2,2,4,4],"texture":"#1"},"up":{"uv":[4,4,2,2],"rotation":270,"texture":"#1"},"down":{"uv":[4,4,2,2],"rotation":90,"texture":"#1"}}},{"from":[10.95,17.38386,-0.25],"to":[11.55,17.98386,0.35],"shade":false,"rotation":{"angle":-22.5,"axis":"y","origin":[10.75,18.65886,4.365]},"faces":{"north":{"uv":[4,16,6,14],"texture":"#1"},"east":{"uv":[4,16,6,14],"texture":"#1"},"south":{"uv":[4,16,6,14],"texture":"#1"},"west":{"uv":[4,16,6,14],"texture":"#1"},"up":{"uv":[6,14,4,16],"rotation":270,"texture":"#1"},"down":{"uv":[6,14,4,16],"rotation":90,"texture":"#1"}}},{"from":[11.8,18.23386,0.6],"to":[10.7,17.13386,-0.5],"shade":false,"rotation":{"angle":-22.5,"axis":"y","origin":[10.75,18.65886,4.365]},"faces":{"north":{"uv":[6,16,8,14],"texture":"#1"},"east":{"uv":[6,16,8,14],"texture":"#1"},"south":{"uv":[6,16,8,14],"texture":"#1"},"west":{"uv":[6,16,8,14],"texture":"#1"},"up":{"uv":[8,14,6,16],"rotation":270,"texture":"#1"},"down":{"uv":[8,14,6,16],"rotation":90,"texture":"#1"}}},{"from":[11.4,17.64002,0.69436],"to":[12.1,18.34002,1.39436],"shade":false,"rotation":{"angle":-22.5,"axis":"y","origin":[10.75,18.65886,4.365]},"faces":{"north":{"uv":[4,14,6,12],"texture":"#1"},"east":{"uv":[4,14,6,12],"texture":"#1"},"south":{"uv":[4,14,6,12],"texture":"#1"},"west":{"uv":[4,14,6,12],"texture":"#1"},"up":{"uv":[6,12,4,14],"rotation":270,"texture":"#1"},"down":{"uv":[6,12,4,14],"rotation":90,"texture":"#1"}}},{"from":[12.4,18.64002,1.69436],"to":[11.1,17.34002,0.39436],"shade":false,"rotation":{"angle":-22.5,"axis":"y","origin":[10.75,18.65886,4.365]},"faces":{"north":{"uv":[6,14,8,12],"texture":"#1"},"east":{"uv":[6,14,8,12],"texture":"#1"},"south":{"uv":[6,14,8,12],"texture":"#1"},"west":{"uv":[6,14,8,12],"texture":"#1"},"up":{"uv":[8,12,6,14],"rotation":270,"texture":"#1"},"down":{"uv":[8,12,6,14],"rotation":90,"texture":"#1"}}},{"from":[11.75,17.83386,1.54219],"to":[12.75,18.83386,2.54219],"shade":false,"rotation":{"angle":-22.5,"axis":"y","origin":[10.75,18.65886,4.365]},"faces":{"north":{"uv":[4,12,6,10],"texture":"#1"},"east":{"uv":[4,12,6,10],"texture":"#1"},"south":{"uv":[4,12,6,10],"texture":"#1"},"west":{"uv":[4,12,6,10],"texture":"#1"},"up":{"uv":[6,10,4,12],"rotation":270,"texture":"#1"},"down":{"uv":[6,10,4,12],"rotation":90,"texture":"#1"}}},{"from":[13,19.08386,2.79219],"to":[11.5,17.58386,1.29219],"shade":false,"rotation":{"angle":-22.5,"axis":"y","origin":[10.75,18.65886,4.365]},"faces":{"north":{"uv":[6,12,8,10],"texture":"#1"},"east":{"uv":[6,12,8,10],"texture":"#1"},"south":{"uv":[6,12,8,10],"texture":"#1"},"west":{"uv":[6,12,8,10],"texture":"#1"},"up":{"uv":[8,10,6,12],"rotation":270,"texture":"#1"},"down":{"uv":[8,10,6,12],"rotation":90,"texture":"#1"}}},{"from":[11.75,18.18386,2.54668],"to":[12.75,19.18386,3.54668],"shade":false,"rotation":{"angle":-22.5,"axis":"y","origin":[10.75,18.65886,4.365]},"faces":{"north":{"uv":[6,8,4,10],"rotation":270,"texture":"#1"},"east":{"uv":[6,8,4,10],"rotation":90,"texture":"#1"},"south":{"uv":[6,8,4,10],"rotation":270,"texture":"#1"},"west":{"uv":[6,8,4,10],"rotation":270,"texture":"#1"},"up":{"uv":[4,10,6,8],"rotation":180,"texture":"#1"},"down":{"uv":[4,10,6,8],"texture":"#1"}}},{"from":[13,19.42686,3.79668],"to":[11.5,17.92686,2.29668],"shade":false,"rotation":{"angle":-22.5,"axis":"y","origin":[10.75,18.65886,4.365]},"faces":{"north":{"uv":[8,8,6,10],"rotation":270,"texture":"#1"},"east":{"uv":[8,8,6,10],"rotation":90,"texture":"#1"},"south":{"uv":[8,8,6,10],"rotation":270,"texture":"#1"},"west":{"uv":[8,8,6,10],"rotation":270,"texture":"#1"},"up":{"uv":[6,10,8,8],"rotation":180,"texture":"#1"},"down":{"uv":[6,10,8,8],"texture":"#1"}}},{"from":[11,18.53386,3.55],"to":[12,19.53386,4.55],"shade":false,"rotation":{"angle":-22.5,"axis":"y","origin":[10.75,18.65886,4.365]},"faces":{"north":{"uv":[4,8,6,6],"texture":"#1"},"east":{"uv":[4,8,6,6],"texture":"#1"},"south":{"uv":[4,8,6,6],"texture":"#1"},"west":{"uv":[4,8,6,6],"texture":"#1"},"up":{"uv":[6,6,4,8],"rotation":270,"texture":"#1"},"down":{"uv":[6,6,4,8],"rotation":90,"texture":"#1"}}},{"from":[12.25,19.78386,4.8],"to":[10.75,18.28386,3.3],"shade":false,"rotation":{"angle":-22.5,"axis":"y","origin":[10.75,18.65886,4.365]},"faces":{"north":{"uv":[6,8,8,6],"texture":"#1"},"east":{"uv":[6,8,8,6],"texture":"#1"},"south":{"uv":[6,8,8,6],"texture":"#1"},"west":{"uv":[6,8,8,6],"texture":"#1"},"up":{"uv":[8,6,6,8],"rotation":270,"texture":"#1"},"down":{"uv":[8,6,6,8],"rotation":90,"texture":"#1"}}},{"from":[10.4,18.99818,4.71809],"to":[11.1,19.69818,5.41809],"shade":false,"rotation":{"angle":-22.5,"axis":"y","origin":[10.75,18.65886,4.365]},"faces":{"north":{"uv":[4,6,6,4],"texture":"#1"},"east":{"uv":[4,6,6,4],"texture":"#1"},"south":{"uv":[4,6,6,4],"texture":"#1"},"west":{"uv":[4,6,6,4],"texture":"#1"},"up":{"uv":[6,4,4,6],"rotation":270,"texture":"#1"},"down":{"uv":[6,4,4,6],"rotation":90,"texture":"#1"}}},{"from":[11.4,19.99818,5.71809],"to":[10.1,18.69818,4.41809],"shade":false,"rotation":{"angle":-22.5,"axis":"y","origin":[10.75,18.65886,4.365]},"faces":{"north":{"uv":[6,6,8,4],"texture":"#1"},"east":{"uv":[6,6,8,4],"texture":"#1"},"south":{"uv":[6,6,8,4],"texture":"#1"},"west":{"uv":[6,6,8,4],"texture":"#1"},"up":{"uv":[8,4,6,6],"rotation":270,"texture":"#1"},"down":{"uv":[8,4,6,6],"rotation":90,"texture":"#1"}}},{"from":[9.95,19.33386,5.78],"to":[10.55,19.93386,6.38],"shade":false,"rotation":{"angle":-22.5,"axis":"y","origin":[10.75,18.65886,4.365]},"faces":{"north":{"uv":[4,4,6,2],"texture":"#1"},"east":{"uv":[4,4,6,2],"texture":"#1"},"south":{"uv":[4,4,6,2],"texture":"#1"},"west":{"uv":[4,4,6,2],"texture":"#1"},"up":{"uv":[6,2,4,4],"rotation":270,"texture":"#1"},"down":{"uv":[6,2,4,4],"rotation":90,"texture":"#1"}}},{"from":[10.8,20.18386,6.63],"to":[9.7,19.08386,5.53],"shade":false,"rotation":{"angle":-22.5,"axis":"y","origin":[10.75,18.65886,4.365]},"faces":{"north":{"uv":[6,4,8,2],"texture":"#1"},"east":{"uv":[6,4,8,2],"texture":"#1"},"south":{"uv":[6,4,8,2],"texture":"#1"},"west":{"uv":[6,4,8,2],"texture":"#1"},"up":{"uv":[8,2,6,4],"rotation":270,"texture":"#1"},"down":{"uv":[8,2,6,4],"rotation":90,"texture":"#1"}}},{"from":[10.95,18.38386,14.65],"to":[11.55,18.98386,15.25],"shade":false,"rotation":{"angle":22.5,"axis":"y","origin":[10.75,19.65886,10.635]},"faces":{"north":{"uv":[10,16,8,14],"texture":"#1"},"east":{"uv":[10,16,8,14],"texture":"#1"},"south":{"uv":[10,16,8,14],"texture":"#1"},"west":{"uv":[10,16,8,14],"texture":"#1"},"up":{"uv":[8,14,10,16],"rotation":270,"texture":"#1"},"down":{"uv":[8,14,10,16],"rotation":90,"texture":"#1"}}},{"from":[11.8,19.23386,15.5],"to":[10.7,18.13386,14.4],"shade":false,"rotation":{"angle":22.5,"axis":"y","origin":[10.75,19.65886,10.635]},"faces":{"north":{"uv":[12,16,10,14],"texture":"#1"},"east":{"uv":[12,16,10,14],"texture":"#1"},"south":{"uv":[12,16,10,14],"texture":"#1"},"west":{"uv":[12,16,10,14],"texture":"#1"},"up":{"uv":[10,14,12,16],"rotation":270,"texture":"#1"},"down":{"uv":[10,14,12,16],"rotation":90,"texture":"#1"}}},{"from":[11.4,18.64002,13.60564],"to":[12.1,19.34002,14.30564],"shade":false,"rotation":{"angle":22.5,"axis":"y","origin":[10.75,19.65886,10.635]},"faces":{"north":{"uv":[10,14,8,12],"texture":"#1"},"east":{"uv":[10,14,8,12],"texture":"#1"},"south":{"uv":[10,14,8,12],"texture":"#1"},"west":{"uv":[10,14,8,12],"texture":"#1"},"up":{"uv":[8,12,10,14],"rotation":270,"texture":"#1"},"down":{"uv":[8,12,10,14],"rotation":90,"texture":"#1"}}},{"from":[12.4,19.64002,14.60564],"to":[11.1,18.34002,13.30564],"shade":false,"rotation":{"angle":22.5,"axis":"y","origin":[10.75,19.65886,10.635]},"faces":{"north":{"uv":[12,14,10,12],"texture":"#1"},"east":{"uv":[12,14,10,12],"texture":"#1"},"south":{"uv":[12,14,10,12],"texture":"#1"},"west":{"uv":[12,14,10,12],"texture":"#1"},"up":{"uv":[10,12,12,14],"rotation":270,"texture":"#1"},"down":{"uv":[10,12,12,14],"rotation":90,"texture":"#1"}}},{"from":[11.75,18.83386,12.45781],"to":[12.75,19.83386,13.45781],"shade":false,"rotation":{"angle":22.5,"axis":"y","origin":[10.75,19.65886,10.635]},"faces":{"north":{"uv":[10,12,8,10],"texture":"#1"},"east":{"uv":[10,12,8,10],"texture":"#1"},"south":{"uv":[10,12,8,10],"texture":"#1"},"west":{"uv":[10,12,8,10],"texture":"#1"},"up":{"uv":[8,10,10,12],"rotation":270,"texture":"#1"},"down":{"uv":[8,10,10,12],"rotation":90,"texture":"#1"}}},{"from":[13,20.08386,13.70781],"to":[11.5,18.58386,12.20781],"shade":false,"rotation":{"angle":22.5,"axis":"y","origin":[10.75,19.65886,10.635]},"faces":{"north":{"uv":[12,12,10,10],"texture":"#1"},"east":{"uv":[12,12,10,10],"texture":"#1"},"south":{"uv":[12,12,10,10],"texture":"#1"},"west":{"uv":[12,12,10,10],"texture":"#1"},"up":{"uv":[10,10,12,12],"rotation":270,"texture":"#1"},"down":{"uv":[10,10,12,12],"rotation":90,"texture":"#1"}}},{"from":[11.75,19.18386,11.45332],"to":[12.75,20.18386,12.45332],"shade":false,"rotation":{"angle":22.5,"axis":"y","origin":[10.75,19.65886,10.635]},"faces":{"north":{"uv":[10,10,8,8],"rotation":270,"texture":"#1"},"east":{"uv":[10,10,8,8],"rotation":90,"texture":"#1"},"south":{"uv":[10,10,8,8],"rotation":270,"texture":"#1"},"west":{"uv":[10,10,8,8],"rotation":270,"texture":"#1"},"up":{"uv":[8,8,10,10],"rotation":180,"texture":"#1"},"down":{"uv":[8,8,10,10],"texture":"#1"}}},{"from":[13,20.42686,12.70332],"to":[11.5,18.92686,11.20332],"shade":false,"rotation":{"angle":22.5,"axis":"y","origin":[10.75,19.65886,10.635]},"faces":{"north":{"uv":[12,10,10,8],"rotation":270,"texture":"#1"},"east":{"uv":[12,10,10,8],"rotation":90,"texture":"#1"},"south":{"uv":[12,10,10,8],"rotation":270,"texture":"#1"},"west":{"uv":[12,10,10,8],"rotation":270,"texture":"#1"},"up":{"uv":[10,8,12,10],"rotation":180,"texture":"#1"},"down":{"uv":[10,8,12,10],"texture":"#1"}}},{"from":[11,19.53386,10.45],"to":[12,20.53386,11.45],"shade":false,"rotation":{"angle":22.5,"axis":"y","origin":[10.75,19.65886,10.635]},"faces":{"north":{"uv":[10,8,8,6],"texture":"#1"},"east":{"uv":[10,8,8,6],"texture":"#1"},"south":{"uv":[10,8,8,6],"texture":"#1"},"west":{"uv":[10,8,8,6],"texture":"#1"},"up":{"uv":[8,6,10,8],"rotation":270,"texture":"#1"},"down":{"uv":[8,6,10,8],"rotation":90,"texture":"#1"}}},{"from":[12.25,20.78386,11.7],"to":[10.75,19.28386,10.2],"shade":false,"rotation":{"angle":22.5,"axis":"y","origin":[10.75,19.65886,10.635]},"faces":{"north":{"uv":[12,8,10,6],"texture":"#1"},"east":{"uv":[12,8,10,6],"texture":"#1"},"south":{"uv":[12,8,10,6],"texture":"#1"},"west":{"uv":[12,8,10,6],"texture":"#1"},"up":{"uv":[10,6,12,8],"rotation":270,"texture":"#1"},"down":{"uv":[10,6,12,8],"rotation":90,"texture":"#1"}}},{"from":[10.4,19.99818,9.58191],"to":[11.1,20.69818,10.28191],"shade":false,"rotation":{"angle":22.5,"axis":"y","origin":[10.75,19.65886,10.635]},"faces":{"north":{"uv":[10,6,8,4],"texture":"#1"},"east":{"uv":[10,6,8,4],"texture":"#1"},"south":{"uv":[10,6,8,4],"texture":"#1"},"west":{"uv":[10,6,8,4],"texture":"#1"},"up":{"uv":[8,4,10,6],"rotation":270,"texture":"#1"},"down":{"uv":[8,4,10,6],"rotation":90,"texture":"#1"}}},{"from":[11.4,20.99818,10.58191],"to":[10.1,19.69818,9.28191],"shade":false,"rotation":{"angle":22.5,"axis":"y","origin":[10.75,19.65886,10.635]},"faces":{"north":{"uv":[12,6,10,4],"texture":"#1"},"east":{"uv":[12,6,10,4],"texture":"#1"},"south":{"uv":[12,6,10,4],"texture":"#1"},"west":{"uv":[12,6,10,4],"texture":"#1"},"up":{"uv":[10,4,12,6],"rotation":270,"texture":"#1"},"down":{"uv":[10,4,12,6],"rotation":90,"texture":"#1"}}},{"from":[9.95,20.33386,8.62],"to":[10.55,20.93386,9.22],"shade":false,"rotation":{"angle":22.5,"axis":"y","origin":[10.75,19.65886,10.635]},"faces":{"north":{"uv":[10,4,8,2],"texture":"#1"},"east":{"uv":[10,4,8,2],"texture":"#1"},"south":{"uv":[10,4,8,2],"texture":"#1"},"west":{"uv":[10,4,8,2],"texture":"#1"},"up":{"uv":[8,2,10,4],"rotation":270,"texture":"#1"},"down":{"uv":[8,2,10,4],"rotation":90,"texture":"#1"}}},{"from":[10.8,21.18386,9.47],"to":[9.7,20.08386,8.37],"shade":false,"rotation":{"angle":22.5,"axis":"y","origin":[10.75,19.65886,10.635]},"faces":{"north":{"uv":[12,4,10,2],"texture":"#1"},"east":{"uv":[12,4,10,2],"texture":"#1"},"south":{"uv":[12,4,10,2],"texture":"#1"},"west":{"uv":[12,4,10,2],"texture":"#1"},"up":{"uv":[10,2,12,4],"rotation":270,"texture":"#1"},"down":{"uv":[10,2,12,4],"rotation":90,"texture":"#1"}}},{"from":[10.95,26.18386,14.65],"to":[11.55,26.78386,15.25],"shade":false,"rotation":{"angle":22.5,"axis":"y","origin":[10.75,25.50886,10.635]},"faces":{"north":{"uv":[14,14,12,16],"texture":"#1"},"east":{"uv":[14,14,12,16],"texture":"#1"},"south":{"uv":[14,14,12,16],"texture":"#1"},"west":{"uv":[14,14,12,16],"texture":"#1"},"up":{"uv":[12,16,14,14],"rotation":270,"texture":"#1"},"down":{"uv":[12,16,14,14],"rotation":90,"texture":"#1"}}},{"from":[11.8,27.03386,15.5],"to":[10.7,25.93386,14.4],"shade":false,"rotation":{"angle":22.5,"axis":"y","origin":[10.75,25.50886,10.635]},"faces":{"north":{"uv":[16,14,14,16],"texture":"#1"},"east":{"uv":[16,14,14,16],"texture":"#1"},"south":{"uv":[16,14,14,16],"texture":"#1"},"west":{"uv":[16,14,14,16],"texture":"#1"},"up":{"uv":[14,16,16,14],"rotation":270,"texture":"#1"},"down":{"uv":[14,16,16,14],"rotation":90,"texture":"#1"}}},{"from":[11.4,25.8277,13.60564],"to":[12.1,26.5277,14.30564],"shade":false,"rotation":{"angle":22.5,"axis":"y","origin":[10.75,25.50886,10.635]},"faces":{"north":{"uv":[14,12,12,14],"texture":"#1"},"east":{"uv":[14,12,12,14],"texture":"#1"},"south":{"uv":[14,12,12,14],"texture":"#1"},"west":{"uv":[14,12,12,14],"texture":"#1"},"up":{"uv":[12,14,14,12],"rotation":270,"texture":"#1"},"down":{"uv":[12,14,14,12],"rotation":90,"texture":"#1"}}},{"from":[12.4,26.8277,14.60564],"to":[11.1,25.5277,13.30564],"shade":false,"rotation":{"angle":22.5,"axis":"y","origin":[10.75,25.50886,10.635]},"faces":{"north":{"uv":[16,12,14,14],"texture":"#1"},"east":{"uv":[16,12,14,14],"texture":"#1"},"south":{"uv":[16,12,14,14],"texture":"#1"},"west":{"uv":[16,12,14,14],"texture":"#1"},"up":{"uv":[14,14,16,12],"rotation":270,"texture":"#1"},"down":{"uv":[14,14,16,12],"rotation":90,"texture":"#1"}}},{"from":[11.75,25.33386,12.45781],"to":[12.75,26.33386,13.45781],"shade":false,"rotation":{"angle":22.5,"axis":"y","origin":[10.75,25.50886,10.635]},"faces":{"north":{"uv":[14,10,12,12],"texture":"#1"},"east":{"uv":[14,10,12,12],"texture":"#1"},"south":{"uv":[14,10,12,12],"texture":"#1"},"west":{"uv":[14,10,12,12],"texture":"#1"},"up":{"uv":[12,12,14,10],"rotation":270,"texture":"#1"},"down":{"uv":[12,12,14,10],"rotation":90,"texture":"#1"}}},{"from":[13,26.58386,13.70781],"to":[11.5,25.08386,12.20781],"shade":false,"rotation":{"angle":22.5,"axis":"y","origin":[10.75,25.50886,10.635]},"faces":{"north":{"uv":[16,10,14,12],"texture":"#1"},"east":{"uv":[16,10,14,12],"texture":"#1"},"south":{"uv":[16,10,14,12],"texture":"#1"},"west":{"uv":[16,10,14,12],"texture":"#1"},"up":{"uv":[14,12,16,10],"rotation":270,"texture":"#1"},"down":{"uv":[14,12,16,10],"rotation":90,"texture":"#1"}}},{"from":[11.75,24.98386,11.45332],"to":[12.75,25.98386,12.45332],"shade":false,"rotation":{"angle":22.5,"axis":"y","origin":[10.75,25.50886,10.635]},"faces":{"north":{"uv":[12,10,14,8],"rotation":270,"texture":"#1"},"east":{"uv":[12,10,14,8],"rotation":90,"texture":"#1"},"south":{"uv":[12,10,14,8],"rotation":270,"texture":"#1"},"west":{"uv":[12,10,14,8],"rotation":270,"texture":"#1"},"up":{"uv":[14,8,12,10],"rotation":180,"texture":"#1"},"down":{"uv":[14,8,12,10],"texture":"#1"}}},{"from":[13,26.24086,12.70332],"to":[11.5,24.74086,11.20332],"shade":false,"rotation":{"angle":22.5,"axis":"y","origin":[10.75,25.50886,10.635]},"faces":{"north":{"uv":[14,10,16,8],"rotation":270,"texture":"#1"},"east":{"uv":[14,10,16,8],"rotation":90,"texture":"#1"},"south":{"uv":[14,10,16,8],"rotation":270,"texture":"#1"},"west":{"uv":[14,10,16,8],"rotation":270,"texture":"#1"},"up":{"uv":[16,8,14,10],"rotation":180,"texture":"#1"},"down":{"uv":[16,8,14,10],"texture":"#1"}}},{"from":[11,24.63386,10.45],"to":[12,25.63386,11.45],"shade":false,"rotation":{"angle":22.5,"axis":"y","origin":[10.75,25.50886,10.635]},"faces":{"north":{"uv":[14,6,12,8],"texture":"#1"},"east":{"uv":[14,6,12,8],"texture":"#1"},"south":{"uv":[14,6,12,8],"texture":"#1"},"west":{"uv":[14,6,12,8],"texture":"#1"},"up":{"uv":[12,8,14,6],"rotation":270,"texture":"#1"},"down":{"uv":[12,8,14,6],"rotation":90,"texture":"#1"}}},{"from":[12.25,25.88386,11.7],"to":[10.75,24.38386,10.2],"shade":false,"rotation":{"angle":22.5,"axis":"y","origin":[10.75,25.50886,10.635]},"faces":{"north":{"uv":[16,6,14,8],"texture":"#1"},"east":{"uv":[16,6,14,8],"texture":"#1"},"south":{"uv":[16,6,14,8],"texture":"#1"},"west":{"uv":[16,6,14,8],"texture":"#1"},"up":{"uv":[14,8,16,6],"rotation":270,"texture":"#1"},"down":{"uv":[14,8,16,6],"rotation":90,"texture":"#1"}}},{"from":[10.4,24.46954,9.58191],"to":[11.1,25.16954,10.28191],"shade":false,"rotation":{"angle":22.5,"axis":"y","origin":[10.75,25.50886,10.635]},"faces":{"north":{"uv":[14,4,12,6],"texture":"#1"},"east":{"uv":[14,4,12,6],"texture":"#1"},"south":{"uv":[14,4,12,6],"texture":"#1"},"west":{"uv":[14,4,12,6],"texture":"#1"},"up":{"uv":[12,6,14,4],"rotation":270,"texture":"#1"},"down":{"uv":[12,6,14,4],"rotation":90,"texture":"#1"}}},{"from":[11.4,25.46954,10.58191],"to":[10.1,24.16954,9.28191],"shade":false,"rotation":{"angle":22.5,"axis":"y","origin":[10.75,25.50886,10.635]},"faces":{"north":{"uv":[16,4,14,6],"texture":"#1"},"east":{"uv":[16,4,14,6],"texture":"#1"},"south":{"uv":[16,4,14,6],"texture":"#1"},"west":{"uv":[16,4,14,6],"texture":"#1"},"up":{"uv":[14,6,16,4],"rotation":270,"texture":"#1"},"down":{"uv":[14,6,16,4],"rotation":90,"texture":"#1"}}},{"from":[9.95,24.23386,8.62],"to":[10.55,24.83386,9.22],"shade":false,"rotation":{"angle":22.5,"axis":"y","origin":[10.75,25.50886,10.635]},"faces":{"north":{"uv":[14,2,12,4],"texture":"#1"},"east":{"uv":[14,2,12,4],"texture":"#1"},"south":{"uv":[14,2,12,4],"texture":"#1"},"west":{"uv":[14,2,12,4],"texture":"#1"},"up":{"uv":[12,4,14,2],"rotation":270,"texture":"#1"},"down":{"uv":[12,4,14,2],"rotation":90,"texture":"#1"}}},{"from":[10.8,25.08386,9.47],"to":[9.7,23.98386,8.37],"shade":false,"rotation":{"angle":22.5,"axis":"y","origin":[10.75,25.50886,10.635]},"faces":{"north":{"uv":[16,2,14,4],"texture":"#1"},"east":{"uv":[16,2,14,4],"texture":"#1"},"south":{"uv":[16,2,14,4],"texture":"#1"},"west":{"uv":[16,2,14,4],"texture":"#1"},"up":{"uv":[14,4,16,2],"rotation":270,"texture":"#1"},"down":{"uv":[14,4,16,2],"rotation":90,"texture":"#1"}}}],"gui_light":"front","display":{"thirdperson_righthand":{"translation":[-0.25,3.25,1],"scale":[0.6,0.6,0.6]},"thirdperson_lefthand":{"translation":[-0.25,3.25,1],"scale":[0.6,0.6,0.6]},"firstperson_righthand":{"rotation":[0,22,0],"translation":[3.5,3.75,-1.75],"scale":[0.54883,0.54883,0.54883]},"firstperson_lefthand":{"rotation":[0,22,0],"translation":[3.5,3.75,-1.75],"scale":[0.54883,0.54883,0.54883]},"ground":{"rotation":[94,85,0],"translation":[0,0.25,-0.75],"scale":[0.5,0.5,0.5]},"gui":{"rotation":[-90,45,88],"translation":[0,0.25,0],"scale":[0.48,0.48,0.48]},"head":{"rotation":[90,-171,90],"translation":[-2.25,9.25,0.25],"scale":[0.7,0.7,0.7]},"fixed":{"rotation":[0,90,0],"translation":[0,0.25,-1.25],"scale":[1.2,1.2,1.2]}},"groups":[{"name":"group","origin":[7.5,22.08386,8],"color":0,"boneType":"","children":[0,1,2,3,4,5,6,7,8,9,10,11,12,13,14,15,16,17,18,19,20,21,{"name":"particles","origin":[8,-10.91614,8],"color":0,"boneType":"","children":[{"name":"particles1","origin":[0,-18.91614,0],"color":0,"boneType":"","children":[{"name":"particle1","origin":[0,-18.91614,0],"color":0,"boneType":"","children":[22,23]},{"name":"particle2","origin":[0,-18.91614,0],"color":0,"boneType":"","children":[24,25]},{"name":"particle3","origin":[0,-18.91614,0],"color":0,"boneType":"","children":[26,27]},{"name":"particle4","origin":[0,-18.91614,0],"color":0,"boneType":"","children":[28,29]},{"name":"particle5","origin":[0,-18.91614,0],"color":0,"boneType":"","children":[30,31]},{"name":"particle6","origin":[0,-18.91614,0],"color":0,"boneType":"","children":[32,33]},{"name":"particle7","origin":[0,-18.91614,0],"color":0,"boneType":"","children":[34,35]}]},{"name":"particles2","origin":[0,-18.91614,0],"color":0,"boneType":"","children":[{"name":"particle1","origin":[0,-18.91614,0],"color":0,"boneType":"","children":[36,37]},{"name":"particle2","origin":[0,-18.91614,0],"color":0,"boneType":"","children":[38,39]},{"name":"particle3","origin":[0,-18.91614,0],"color":0,"boneType":"","children":[40,41]},{"name":"particle4","origin":[0,-18.91614,0],"color":0,"boneType":"","children":[42,43]},{"name":"particle5","origin":[0,-18.91614,0],"color":0,"boneType":"","children":[44,45]},{"name":"particle6","origin":[0,-18.91614,0],"color":0,"boneType":"","children":[46,47]},{"name":"particle7","origin":[0,-18.91614,0],"color":0,"boneType":"","children":[48,49]}]},{"name":"particles3","origin":[0,-18.91614,0],"color":0,"boneType":"","children":[{"name":"particle1","origin":[0,-18.91614,0],"color":0,"boneType":"","children":[50,51]},{"name":"particle2","origin":[0,-18.91614,0],"color":0,"boneType":"","children":[52,53]},{"name":"particle3","origin":[0,-18.91614,0],"color":0,"boneType":"","children":[54,55]},{"name":"particle4","origin":[0,-18.91614,0],"color":0,"boneType":"","children":[56,57]},{"name":"particle5","origin":[0,-18.91614,0],"color":0,"boneType":"","children":[58,59]},{"name":"particle6","origin":[0,-18.91614,0],"color":0,"boneType":"","children":[60,61]},{"name":"particle7","origin":[0,-18.91614,0],"color":0,"boneType":"","children":[62,63]}]},{"name":"particles4","origin":[0,-18.91614,0],"color":0,"boneType":"","children":[{"name":"particle1","origin":[0,-18.91614,0],"color":0,"boneType":"","children":[64,65]},{"name":"particle2","origin":[0,-18.91614,0],"color":0,"boneType":"","children":[66,67]},{"name":"particle3","origin":[0,-18.91614,0],"color":0,"boneType":"","children":[68,69]},{"name":"particle4","origin":[0,-18.91614,0],"color":0,"boneType":"","children":[70,71]},{"name":"particle5","origin":[0,-18.91614,0],"color":0,"boneType":"","children":[72,73]},{"name":"particle6","origin":[0,-18.91614,0],"color":0,"boneType":"","children":[74,75]},{"name":"particle7","origin":[0,-18.91614,0],"color":0,"boneType":"","children":[76,77]}]},{"name":"particles5","origin":[0,-18.91614,0],"color":0,"boneType":"","children":[{"name":"particle1","origin":[0,-18.91614,0],"color":0,"boneType":"","children":[78,79]},{"name":"particle2","origin":[0,-18.91614,0],"color":0,"boneType":"","children":[80,81]},{"name":"particle3","origin":[0,-18.91614,0],"color":0,"boneType":"","children":[82,83]},{"name":"particle4","origin":[0,-18.91614,0],"color":0,"boneType":"","children":[84,85]},{"name":"particle5","origin":[0,-18.91614,0],"color":0,"boneType":"","children":[86,87]},{"name":"particle6","origin":[0,-18.91614,0],"color":0,"boneType":"","children":[88,89]},{"name":"particle7","origin":[0,-18.91614,0],"color":0,"boneType":"","children":[90,91]}]},{"name":"particles6","origin":[0,-18.91614,0],"color":0,"boneType":"","children":[{"name":"particle1","origin":[0,-18.91614,0],"color":0,"boneType":"","children":[92,93]},{"name":"particle2","origin":[0,-18.91614,0],"color":0,"boneType":"","children":[94,95]},{"name":"particle3","origin":[0,-18.91614,0],"color":0,"boneType":"","children":[96,97]},{"name":"particle4","origin":[0,-18.91614,0],"color":0,"boneType":"","children":[98,99]},{"name":"particle5","origin":[0,-18.91614,0],"color":0,"boneType":"","children":[100,101]},{"name":"particle6","origin":[0,-18.91614,0],"color":0,"boneType":"","children":[102,103]},{"name":"particle7","origin":[0,-18.91614,0],"color":0,"boneType":"","children":[104,105]}]},{"name":"particles7","origin":[0,-18.91614,0],"color":0,"boneType":"","children":[{"name":"particle1","origin":[0,-18.91614,0],"color":0,"boneType":"","children":[106,107]},{"name":"particle2","origin":[0,-18.91614,0],"color":0,"boneType":"","children":[108,109]},{"name":"particle3","origin":[0,-18.91614,0],"color":0,"boneType":"","children":[110,111]},{"name":"particle4","origin":[0,-18.91614,0],"color":0,"boneType":"","children":[112,113]},{"name":"particle5","origin":[0,-18.91614,0],"color":0,"boneType":"","children":[114,115]},{"name":"particle6","origin":[0,-18.91614,0],"color":0,"boneType":"","children":[116,117]},{"name":"particle7","origin":[0,-18.91614,0],"color":0,"boneType":"","children":[118,119]}]},{"name":"particles8","origin":[0,-18.91614,0],"color":0,"boneType":"","children":[{"name":"particle1","origin":[0,-18.91614,0],"color":0,"boneType":"","children":[120,121]},{"name":"particle2","origin":[0,-18.91614,0],"color":0,"boneType":"","children":[122,123]},{"name":"particle3","origin":[0,-18.91614,0],"color":0,"boneType":"","children":[124,125]},{"name":"particle4","origin":[0,-18.91614,0],"color":0,"boneType":"","children":[126,127]},{"name":"particle5","origin":[0,-18.91614,0],"color":0,"boneType":"","children":[128,129]},{"name":"particle6","origin":[0,-18.91614,0],"color":0,"boneType":"","children":[130,131]},{"name":"particle7","origin":[0,-18.91614,0],"color":0,"boneType":"","children":[132,133]}]}]}]}]}