{"credit":"Made with Blockbench","texture_size":[32,32],"textures":{"1":"elitecreatures:demonking_assortment/muzan_sword"},"elements":[{"from":[6.5,-4.9,6.5],"to":[8.5,3.1,8.5],"rotation":{"angle":-45,"axis":"y","origin":[7.5,-0.6,7.5]},"faces":{"north":{"uv":[4,11.5,3,15.5],"texture":"#1"},"east":{"uv":[5,11.5,4,15.5],"texture":"#1"},"south":{"uv":[4,11.5,5,15.5],"texture":"#1"},"west":{"uv":[3,11.5,4,15.5],"texture":"#1"}}},{"from":[6,-6.6,5.5],"to":[9,-3.6,8.5],"rotation":{"angle":45,"axis":"x","origin":[8,-5.6,7.5]},"faces":{"north":{"uv":[12.5,1.5,14,3],"texture":"#1"},"east":{"uv":[14,0,12.5,1.5],"texture":"#1"},"south":{"uv":[12.5,3,14,4.5],"texture":"#1"},"west":{"uv":[12.5,0,14,1.5],"texture":"#1"},"up":{"uv":[14,6,12.5,4.5],"rotation":270,"texture":"#1"},"down":{"uv":[14,6,12.5,7.5],"rotation":90,"texture":"#1"}}},{"from":[7.48,-12.6,4.5],"to":[7.5,-4.6,10.5],"rotation":{"angle":0,"axis":"y","origin":[7.5,-7.6,8.5]},"faces":{"east":{"uv":[9.5,0,6.5,4],"texture":"#1"},"west":{"uv":[6.5,0,9.5,4],"texture":"#1"}}},{"from":[5.5,1.4,7.5],"to":[9.5,4.4,13.5],"rotation":{"angle":-45,"axis":"x","origin":[7.5,1.4,7.5]},"faces":{"east":{"uv":[12.5,6,9.5,7.5],"texture":"#1"},"west":{"uv":[9.5,6,12.5,7.5],"texture":"#1"},"up":{"uv":[12,9.5,9,7.5],"rotation":270,"texture":"#1"},"down":{"uv":[12.5,0,9.5,2],"rotation":90,"texture":"#1"}}},{"from":[5.48,1.4,1.5],"to":[9.52,4.4,7.5],"rotation":{"angle":22.5,"axis":"x","origin":[7.5,1.4,7.5]},"faces":{"east":{"uv":[3,11.5,0,13],"texture":"#1"},"west":{"uv":[0,11.5,3,13],"texture":"#1"},"up":{"uv":[12.5,4,9.5,2],"rotation":270,"texture":"#1"},"down":{"uv":[12.5,4,9.5,6],"rotation":90,"texture":"#1"}}},{"from":[7.5,3.1,0.5],"to":[7.54,26.1,13.5],"rotation":{"angle":0,"axis":"y","origin":[7.5,-4.9,8.5]},"faces":{"east":{"uv":[6.5,0,0,11.5],"texture":"#1"},"west":{"uv":[0,0,6.5,11.5],"texture":"#1"}}},{"from":[9.73678,4.76396,11.39282],"to":[9.75678,10.76396,15.39282],"rotation":{"angle":-45,"axis":"y","origin":[9.75678,4.76396,5.39282]},"faces":{"east":{"uv":[7,13,5,16],"texture":"#1"},"west":{"uv":[5,13,7,16],"texture":"#1"}}},{"from":[7.5,-0.77811,-4.47327],"to":[7.52,6.22189,0.52673],"rotation":{"angle":22.5,"axis":"x","origin":[7.52,-0.77811,6.52673]},"faces":{"east":{"uv":[9,7.5,6.5,11],"texture":"#1"},"west":{"uv":[6.5,7.5,9,11],"texture":"#1"}}},{"from":[5.48,5.56396,9.62132],"to":[9.52,7.76396,13.62132],"rotation":{"angle":0,"axis":"y","origin":[7.5,4.76396,9.62132]},"faces":{"east":{"uv":[14,8.5,12,9.5],"texture":"#1"},"south":{"uv":[0,13,2,14],"texture":"#1"},"west":{"uv":[12,8.5,14,9.5],"texture":"#1"},"up":{"uv":[11,13.5,9,11.5],"rotation":270,"texture":"#1"},"down":{"uv":[13.5,9.5,11.5,11.5],"rotation":90,"texture":"#1"}}},{"from":[5.5,1.10378,1.98345],"to":[9.5,3.10378,6.98345],"rotation":{"angle":-45,"axis":"x","origin":[7.5,0.10378,0.98345]},"faces":{"north":{"uv":[0,14,2,15],"texture":"#1"},"east":{"uv":[14.5,7.5,12,8.5],"texture":"#1"},"west":{"uv":[12,7.5,14.5,8.5],"texture":"#1"},"up":{"uv":[11.5,11.5,9,9.5],"rotation":270,"texture":"#1"},"down":{"uv":[9,11,6.5,13],"rotation":90,"texture":"#1"}}},{"from":[7.5,3.06006,13.07804],"to":[7.52,10.06006,19.07804],"rotation":{"angle":22.5,"axis":"x","origin":[7.52,10.06006,8.07804]},"faces":{"east":{"uv":[9.5,4,6.5,7.5],"texture":"#1"},"west":{"uv":[6.5,4,9.5,7.5],"texture":"#1"}}},{"from":[9.73678,2.76396,0.60718],"to":[9.75678,7.76396,3.60718],"rotation":{"angle":45,"axis":"y","origin":[9.75678,2.76396,9.60718]},"faces":{"east":{"uv":[9,13,7,16],"texture":"#1"},"west":{"uv":[7,13,9,16],"texture":"#1"}}},{"from":[5.24322,4.76396,11.39282],"to":[5.26322,10.76396,15.39282],"rotation":{"angle":45,"axis":"y","origin":[5.24322,4.76396,5.39282]},"faces":{"east":{"uv":[7,13,5,16],"texture":"#1"},"west":{"uv":[5,13,7,16],"texture":"#1"}}},{"from":[5.24322,2.76396,0.60718],"to":[5.26322,7.76396,3.60718],"rotation":{"angle":-45,"axis":"y","origin":[5.24322,2.76396,9.60718]},"faces":{"east":{"uv":[9,13,7,16],"texture":"#1"},"west":{"uv":[7,13,9,16],"texture":"#1"}}},{"from":[6.96,8.1,4.5],"to":[8.07,12.1,10.5],"rotation":{"angle":45,"axis":"x","origin":[7.5,9.1,7.5]},"faces":{"north":{"uv":[11.5,12,12,14],"texture":"#1"},"east":{"uv":[14,12,11.5,14],"texture":"#1"},"west":{"uv":[11.5,12,14.5,14],"texture":"#1"},"down":{"uv":[14.5,13.5,11.5,14],"rotation":90,"texture":"#1"}}},{"from":[7,4.1,5.5],"to":[8.04,21.1,9.5],"rotation":{"angle":0,"axis":"y","origin":[7,-4.9,8.5]},"faces":{"north":{"uv":[2.5,2.5,3,11],"texture":"#1"},"east":{"uv":[4.5,2.5,2.5,11],"texture":"#1"},"south":{"uv":[4,2.5,4.5,11],"texture":"#1"},"west":{"uv":[2.5,2.5,4.5,11],"texture":"#1"},"up":{"uv":[4.5,2.5,2.5,3],"rotation":270,"texture":"#1"}}}],"gui_light":"front","display":{"thirdperson_righthand":{"translation":[-0.25,3.25,1],"scale":[0.6,0.6,0.6]},"thirdperson_lefthand":{"translation":[-0.25,3.25,1],"scale":[0.6,0.6,0.6]},"firstperson_righthand":{"rotation":[0,22,0],"translation":[3.5,1.75,-1.75],"scale":[0.54883,0.54883,0.54883]},"firstperson_lefthand":{"rotation":[0,22,0],"translation":[3.5,1.75,-1.75],"scale":[0.54883,0.54883,0.54883]},"ground":{"rotation":[94,85,0],"translation":[0,0.25,-0.75],"scale":[0.5,0.5,0.5]},"gui":{"rotation":[-90,45,88],"translation":[-0.5,0.75,0],"scale":[0.48,0.48,0.48]},"head":{"rotation":[90,-171,90],"translation":[-2.25,9.25,0.25],"scale":[0.7,0.7,0.7]},"fixed":{"rotation":[0,90,0],"translation":[0,0.25,-1.25],"scale":[1.2,1.2,1.2]}},"groups":[{"name":"group","origin":[7,-14.9,7.5],"color":0,"boneType":"","children":[0,1,2,3,4,5,6,7,8,9,10,11,12,13,14,15]}]}