{"credit":"Made with Blockbench","textures":{"0":"pirate_reasure_set:dagger_0","1":"pirate_reasure_set:dagger_1"},"elements":[{"from":[6.332500000000003,5.23,6.980000000000001],"to":[7.1825000000000045,6.93,9.02],"faces":{"north":{"uv":[7.5,11.5,7.94,12.38],"texture":"#0"},"east":{"uv":[8.0,4.0,9.0,4.88],"texture":"#0"},"south":{"uv":[11.5,8.0,11.94,8.88],"texture":"#0"},"west":{"uv":[8.0,5.0,9.0,5.88],"texture":"#0"},"up":{"uv":[8.44,10.0,8.0,9.0],"texture":"#0"},"down":{"uv":[2.44,11.5,2.0,12.5],"texture":"#0"}}},{"from":[6.502500000000003,4.210000000000001,7.320000000000001],"to":[7.1825000000000045,5.23,8.679999999999998],"faces":{"north":{"uv":[6.5,13.5,6.81,14.0],"texture":"#0"},"east":{"uv":[12.5,2.5,13.19,3.0],"texture":"#0"},"south":{"uv":[13.5,6.5,13.81,7.0],"texture":"#0"},"west":{"uv":[12.5,3.0,13.19,3.5],"texture":"#0"},"up":{"uv":[13.81,1.69,13.5,1.0],"texture":"#0"},"down":{"uv":[1.81,13.5,1.5,14.19],"texture":"#0"}}},{"from":[6.700000000000003,4.6999999999999975,9.39999999999999],"to":[6.700000000000003,10.699999999999998,13.39999999999999],"faces":{"north":{"uv":[15.54,15.54,16.0,16.0],"texture":"#1"},"east":{"uv":[4.0,9.62,0.0,15.62],"texture":"#1"},"south":{"uv":[15.54,15.54,16.0,16.0],"texture":"#1"},"west":{"uv":[0.0,9.62,4.0,15.62],"texture":"#1"},"up":{"uv":[15.54,15.54,16.0,16.0],"texture":"#1"},"down":{"uv":[15.54,15.54,16.0,16.0],"texture":"#1"}},"rotation":{"origin":[7.100000000000004,8.149999999999997,10.399999999999999],"axis":"y","angle":-22.5,"rescale":false}},{"from":[7,3.5,7.5],"to":[7.5,8.25,8.25],"faces":{"north":{"uv":[2.5,11.0,2.75,13.38],"texture":"#0"},"east":{"uv":[5.5,9.0,5.88,11.38],"texture":"#0"},"south":{"uv":[3.0,11.0,3.25,13.38],"texture":"#0"},"west":{"uv":[6.0,9.0,6.38,11.38],"texture":"#0"},"up":{"uv":[14.25,1.38,14.0,1.0],"texture":"#0"},"down":{"uv":[14.25,1.5,14.0,1.88],"texture":"#0"}},"rotation":{"origin":[7.25,6,8],"axis":"x","angle":-45,"rescale":false}},{"from":[7,3.5,7.75],"to":[7.5,8.25,8.5],"faces":{"north":{"uv":[5.0,10.5,5.25,12.88],"texture":"#0"},"east":{"uv":[2.0,9.0,2.38,11.38],"texture":"#0"},"south":{"uv":[11.0,2.0,11.25,4.38],"texture":"#0"},"west":{"uv":[9.0,4.0,9.38,6.38],"texture":"#0"},"up":{"uv":[0.75,14.38,0.5,14.0],"texture":"#0"},"down":{"uv":[1.25,14.0,1.0,14.38],"texture":"#0"}},"rotation":{"origin":[7.25,6,8],"axis":"x","angle":45,"rescale":false}},{"from":[7.156000000000001,3.3187929738088116,7.156000000000001],"to":[8.844000000000001,3.8467929738088116,8.844000000000001],"faces":{"north":{"uv":[13.0,13.0,13.88,13.25],"texture":"#0"},"east":{"uv":[13.5,0.0,14.38,0.25],"texture":"#0"},"south":{"uv":[0.5,13.5,1.38,13.75],"texture":"#0"},"west":{"uv":[13.5,0.5,14.38,0.75],"texture":"#0"},"up":{"uv":[10.38,7.88,9.5,7.0],"texture":"#0"},"down":{"uv":[10.38,8.0,9.5,8.88],"texture":"#0"}}},{"from":[7.156000000000001,5.246792947105931,7.156000000000001],"to":[8.844000000000001,6.924792947105931,8.844000000000001],"faces":{"north":{"uv":[10.5,5.0,11.38,5.81],"texture":"#0"},"east":{"uv":[10.5,6.0,11.38,6.81],"texture":"#0"},"south":{"uv":[10.5,7.0,11.38,7.81],"texture":"#0"},"west":{"uv":[10.5,8.0,11.38,8.81],"texture":"#0"},"up":{"uv":[8.88,10.88,8.0,10.0],"texture":"#0"},"down":{"uv":[9.88,10.0,9.0,10.88],"texture":"#0"}}},{"from":[7.200000000000003,2.099999999999998,2.600000000000013],"to":[7.200000000000003,8.099999999999994,6.600000000000012],"faces":{"north":{"uv":[16.0,15.54,15.54,16.0],"texture":"#1"},"east":{"uv":[0.0,9.62,4.0,15.62],"texture":"#1"},"south":{"uv":[16.0,15.54,15.54,16.0],"texture":"#1"},"west":{"uv":[4.0,9.62,0.0,15.62],"texture":"#1"},"up":{"uv":[15.54,16.0,16.0,15.54],"texture":"#1"},"down":{"uv":[15.54,16.0,16.0,15.54],"texture":"#1"}},"rotation":{"origin":[7.600000000000005,5.549999999999996,5.600000000000003],"axis":"y","angle":22.5,"rescale":false}},{"from":[7.25,5,6.300000000000001],"to":[8.75,6,7.35],"faces":{"north":{"uv":[12.0,0.0,12.75,0.5],"texture":"#0"},"east":{"uv":[13.0,1.0,13.5,1.5],"texture":"#0"},"south":{"uv":[12.0,0.5,12.75,1.0],"texture":"#0"},"west":{"uv":[1.5,13.0,2.0,13.5],"texture":"#0"},"up":{"uv":[12.75,1.5,12.0,1.0],"texture":"#0"},"down":{"uv":[12.75,1.5,12.0,2.0],"texture":"#0"}}},{"from":[7.25,5,8.65],"to":[8.75,6,9.7],"faces":{"north":{"uv":[11.5,10.0,12.25,10.5],"texture":"#0"},"east":{"uv":[13.0,0.5,13.5,1.0],"texture":"#0"},"south":{"uv":[11.5,10.5,12.25,11.0],"texture":"#0"},"west":{"uv":[1.0,13.0,1.5,13.5],"texture":"#0"},"up":{"uv":[12.25,11.5,11.5,11.0],"texture":"#0"},"down":{"uv":[12.25,11.5,11.5,12.0],"texture":"#0"}}},{"from":[7.406000000000001,3.8187929738088116,7.406000000000001],"to":[8.594000000000001,5.2467929738088115,8.594000000000001],"faces":{"north":{"uv":[11.5,4.0,12.12,4.69],"texture":"#0"},"east":{"uv":[11.5,5.0,12.12,5.69],"texture":"#0"},"south":{"uv":[5.5,11.5,6.12,12.19],"texture":"#0"},"west":{"uv":[11.5,6.0,12.12,6.69],"texture":"#0"},"up":{"uv":[7.12,12.12,6.5,11.5],"texture":"#0"},"down":{"uv":[12.12,7.0,11.5,7.62],"texture":"#0"}}},{"from":[7.424799999999999,0.15279297380881207,7.424799999999999],"to":[8.575199999999999,3.1187929738088114,8.575199999999999],"faces":{"north":{"uv":[9.5,1.0,10.06,2.5],"texture":"#0"},"east":{"uv":[9.5,2.5,10.06,4.0],"texture":"#0"},"south":{"uv":[9.5,4.0,10.06,5.5],"texture":"#0"},"west":{"uv":[9.5,5.5,10.06,7.0],"texture":"#0"},"up":{"uv":[6.56,13.06,6.0,12.5],"texture":"#0"},"down":{"uv":[13.06,6.5,12.5,7.06],"texture":"#0"}}},{"from":[7.449999999999999,10.50000000026342,7.499999999999999],"to":[8.55,11.500000000263418,8.5],"faces":{"north":{"uv":[12.5,7.5,13.06,8.0],"texture":"#0"},"east":{"uv":[13.0,1.5,13.5,2.0],"texture":"#0"},"south":{"uv":[12.5,8.0,13.06,8.5],"texture":"#0"},"west":{"uv":[4.5,13.0,5.0,13.5],"texture":"#0"},"up":{"uv":[13.06,9.0,12.5,8.5],"texture":"#0"},"down":{"uv":[13.06,10.0,12.5,10.5],"texture":"#0"}},"rotation":{"origin":[8,11.000000000263418,7.999999999999998],"axis":"x","angle":45,"rescale":false}},{"from":[7.475,6.25,7.299999999999997],"to":[8.525,11,7.899999999999997],"faces":{"north":{"uv":[8.5,7.5,9.0,9.88],"texture":"#0"},"east":{"uv":[10.5,0.0,10.81,2.38],"texture":"#0"},"south":{"uv":[0.0,9.0,0.5,11.38],"texture":"#0"},"west":{"uv":[10.5,2.5,10.81,4.88],"texture":"#0"},"up":{"uv":[9.0,13.81,8.5,13.5],"texture":"#0"},"down":{"uv":[14.0,8.5,13.5,8.81],"texture":"#0"}}},{"from":[7.475,6.25,8.100000000000003],"to":[8.525,11,8.700000000000003],"faces":{"north":{"uv":[8.0,1.5,8.5,3.88],"texture":"#0"},"east":{"uv":[4.5,9.5,4.81,11.88],"texture":"#0"},"south":{"uv":[8.5,1.5,9.0,3.88],"texture":"#0"},"west":{"uv":[10.0,9.0,10.31,11.38],"texture":"#0"},"up":{"uv":[8.5,13.81,8.0,13.5],"texture":"#0"},"down":{"uv":[14.0,8.0,13.5,8.31],"texture":"#0"}}},{"from":[7.499999999999998,11.650000000000004,6.875],"to":[7.499999999999998,13.900000000000004,9.125],"faces":{"north":{"uv":[0.0,0.0,0.0,1.12],"texture":"#0"},"east":{"uv":[5.5,7.5,6.62,8.62],"texture":"#0"},"south":{"uv":[0.0,0.0,0.0,1.12],"texture":"#0"},"west":{"uv":[7.5,6.0,8.62,7.12],"texture":"#0"},"up":{"uv":[0.0,1.12,0.0,0.0],"texture":"#0"},"down":{"uv":[0.0,0.0,0.0,1.12],"texture":"#0"}},"rotation":{"origin":[7.499999999999998,12.775000000000004,8],"axis":"x","angle":22.5,"rescale":false}},{"from":[7.5,5.016116523516816,7.4196699141100915],"to":[8.5,6.366116523516816,8.169669914110091],"faces":{"north":{"uv":[2.0,12.5,2.5,13.19],"texture":"#0"},"east":{"uv":[12.5,10.5,12.88,11.19],"texture":"#0"},"south":{"uv":[12.5,4.5,13.0,5.19],"texture":"#0"},"west":{"uv":[12.0,12.5,12.38,13.19],"texture":"#0"},"up":{"uv":[6.0,13.88,5.5,13.5],"texture":"#0"},"down":{"uv":[14.0,5.5,13.5,5.88],"texture":"#0"}},"rotation":{"origin":[8,5.366116523516816,8.419669914110091],"axis":"x","angle":45,"rescale":false}},{"from":[7.5,5.016116523516816,7.8303300858899085],"to":[8.5,6.366116523516816,8.580330085889909],"faces":{"north":{"uv":[5.5,12.5,6.0,13.19],"texture":"#0"},"east":{"uv":[12.5,12.5,12.88,13.19],"texture":"#0"},"south":{"uv":[12.5,5.5,13.0,6.19],"texture":"#0"},"west":{"uv":[0.0,13.0,0.38,13.69],"texture":"#0"},"up":{"uv":[6.5,13.88,6.0,13.5],"texture":"#0"},"down":{"uv":[14.0,6.0,13.5,6.38],"texture":"#0"}},"rotation":{"origin":[8,5.366116523516816,7.5803300858899085],"axis":"x","angle":-45,"rescale":false}},{"from":[7.500000000000005,5.599999999999998,7.800000000000006],"to":[7.500000000000005,11.599999999999996,11.800000000000006],"faces":{"north":{"uv":[15.54,15.54,16.0,16.0],"texture":"#1"},"east":{"uv":[11.88,0.0,7.88,6.0],"texture":"#1"},"south":{"uv":[15.54,15.54,16.0,16.0],"texture":"#1"},"west":{"uv":[7.88,0.0,11.88,6.0],"texture":"#1"},"up":{"uv":[15.54,15.54,16.0,16.0],"texture":"#1"},"down":{"uv":[15.54,15.54,16.0,16.0],"texture":"#1"}},"rotation":{"origin":[7.100000000000004,8.149999999999997,10.799999999999997],"axis":"y","angle":-22.5,"rescale":false}},{"from":[7.5248,-1.047207026191188,7.5248],"to":[8.4752,3.3187929738088116,8.4752],"faces":{"north":{"uv":[0.5,9.0,1.0,11.19],"texture":"#0"},"east":{"uv":[1.0,9.0,1.5,11.19],"texture":"#0"},"south":{"uv":[1.5,9.0,2.0,11.19],"texture":"#0"},"west":{"uv":[9.0,1.5,9.5,3.69],"texture":"#0"},"up":{"uv":[11.5,5.0,11.0,4.5],"texture":"#0"},"down":{"uv":[13.0,11.5,12.5,12.0],"texture":"#0"}}},{"from":[7.5248,-1.047207026191188,8.475199994850158],"to":[8.4752,-0.047207026191188106,9.175599994850158],"faces":{"north":{"uv":[13.0,0.0,13.5,0.5],"texture":"#0"},"east":{"uv":[13.5,3.5,13.88,4.0],"texture":"#0"},"south":{"uv":[0.5,13.0,1.0,13.5],"texture":"#0"},"west":{"uv":[4.0,13.5,4.38,14.0],"texture":"#0"},"up":{"uv":[14.0,4.38,13.5,4.0],"texture":"#0"},"down":{"uv":[5.0,13.5,4.5,13.88],"texture":"#0"}}},{"from":[7.525,4.7500000000000036,5.125],"to":[8.475,4.950000000000003,10.875],"faces":{"north":{"uv":[14.0,4.0,14.5,4.12],"texture":"#0"},"east":{"uv":[11.5,12.0,14.38,12.12],"texture":"#0"},"south":{"uv":[4.5,14.0,5.0,14.12],"texture":"#0"},"west":{"uv":[12.5,2.0,15.38,2.12],"texture":"#0"},"up":{"uv":[8.0,5.88,7.5,3.0],"texture":"#0"},"down":{"uv":[5.5,7.5,5.0,10.38],"texture":"#0"}}},{"from":[7.525,6.0000000000000036,5.125],"to":[8.475,6.200000000000003,10.875],"faces":{"north":{"uv":[14.0,3.5,14.5,3.62],"texture":"#0"},"east":{"uv":[12.0,9.0,14.88,9.12],"texture":"#0"},"south":{"uv":[4.0,14.0,4.5,14.12],"texture":"#0"},"west":{"uv":[12.0,9.5,14.88,9.62],"texture":"#0"},"up":{"uv":[5.0,9.38,4.5,6.5],"texture":"#0"},"down":{"uv":[8.0,0.0,7.5,2.88],"texture":"#0"}}},{"from":[7.5498,-2.393261227778698,8.468346880744386],"to":[8.450199999999999,-0.19286122777869785,9.443346880744386],"faces":{"north":{"uv":[10.5,11.0,10.94,12.12],"texture":"#0"},"east":{"uv":[9.0,11.0,9.5,12.12],"texture":"#0"},"south":{"uv":[11.0,11.0,11.44,12.12],"texture":"#0"},"west":{"uv":[9.5,11.0,10.0,12.12],"texture":"#0"},"up":{"uv":[13.44,12.0,13.0,11.5],"texture":"#0"},"down":{"uv":[13.44,12.5,13.0,13.0],"texture":"#0"}},"rotation":{"origin":[8,-0.7930612277786968,8.943346880744386],"axis":"x","angle":-22.5,"rescale":false}},{"from":[7.5748,-3.8511636898634567,8.839697818454281],"to":[8.425199999999998,-1.5507636898634565,9.739697818454282],"faces":{"north":{"uv":[0.0,11.5,0.44,12.62],"texture":"#0"},"east":{"uv":[0.5,11.5,0.94,12.62],"texture":"#0"},"south":{"uv":[1.0,11.5,1.44,12.62],"texture":"#0"},"west":{"uv":[1.5,11.5,1.94,12.62],"texture":"#0"},"up":{"uv":[13.94,2.94,13.5,2.5],"texture":"#0"},"down":{"uv":[3.44,13.5,3.0,13.94],"texture":"#0"}},"rotation":{"origin":[8,-2.150963689863456,9.239697818454282],"axis":"x","angle":45,"rescale":false}},{"from":[7.574800011920929,-2.792385016597972,7.383580081846313],"to":[8.425200011920928,-2.1923850165979717,8.283980081846313],"faces":{"north":{"uv":[13.5,12.5,13.94,12.81],"texture":"#0"},"east":{"uv":[13.0,13.5,13.44,13.81],"texture":"#0"},"south":{"uv":[13.5,13.5,13.94,13.81],"texture":"#0"},"west":{"uv":[0.0,14.0,0.44,14.31],"texture":"#0"},"up":{"uv":[13.94,3.44,13.5,3.0],"texture":"#0"},"down":{"uv":[3.94,13.5,3.5,13.94],"texture":"#0"}},"rotation":{"origin":[8.050000011920929,-2.292385016597972,7.683780081846314],"axis":"x","angle":45,"rescale":false}},{"from":[7.625,4.450000000000002,5.250000000000002],"to":[8.375,6.450000000000002,6.500000000000002],"faces":{"north":{"uv":[4.5,12.0,4.88,13.0],"texture":"#0"},"east":{"uv":[11.0,0.0,11.62,1.0],"texture":"#0"},"south":{"uv":[12.0,8.0,12.38,9.0],"texture":"#0"},"west":{"uv":[11.0,1.0,11.62,2.0],"texture":"#0"},"up":{"uv":[13.38,6.12,13.0,5.5],"texture":"#0"},"down":{"uv":[13.38,10.5,13.0,11.12],"texture":"#0"}}},{"from":[7.625,4.450000000000002,9.499999999999998],"to":[8.375,6.450000000000002,10.749999999999998],"faces":{"north":{"uv":[12.0,2.0,12.38,3.0],"texture":"#0"},"east":{"uv":[10.5,9.0,11.12,10.0],"texture":"#0"},"south":{"uv":[12.0,3.0,12.38,4.0],"texture":"#0"},"west":{"uv":[10.5,10.0,11.12,11.0],"texture":"#0"},"up":{"uv":[13.38,5.12,13.0,4.5],"texture":"#0"},"down":{"uv":[5.38,13.0,5.0,13.62],"texture":"#0"}}},{"from":[7.625,6.0000000000000036,7.5],"to":[8.375,15,8.5],"faces":{"north":{"uv":[3.5,6.5,3.88,11.0],"texture":"#0"},"east":{"uv":[2.5,6.5,3.0,11.0],"texture":"#0"},"south":{"uv":[4.0,6.5,4.38,11.0],"texture":"#0"},"west":{"uv":[3.0,6.5,3.5,11.0],"texture":"#0"},"up":{"uv":[13.88,5.0,13.5,4.5],"texture":"#0"},"down":{"uv":[13.88,5.0,13.5,5.5],"texture":"#0"}}},{"from":[7.625000005960464,14.505025261598787,7.305025261598786],"to":[8.425000005960465,15.205025261598786,8.005025261598785],"faces":{"north":{"uv":[13.5,10.0,13.88,10.38],"texture":"#0"},"east":{"uv":[13.5,10.5,13.88,10.88],"texture":"#0"},"south":{"uv":[13.5,11.0,13.88,11.38],"texture":"#0"},"west":{"uv":[13.5,11.5,13.88,11.88],"texture":"#0"},"up":{"uv":[12.38,13.88,12.0,13.5],"texture":"#0"},"down":{"uv":[12.88,13.5,12.5,13.88],"texture":"#0"}},"rotation":{"origin":[8.025000005960464,14.505025261598787,8.005025261598787],"axis":"x","angle":45,"rescale":false}},{"from":[7.875,3.7499999999999996,0.75],"to":[8.125,8.750000000000002,5.75],"faces":{"north":{"uv":[10.0,12.5,10.12,15.0],"texture":"#0"},"east":{"uv":[5.0,5.0,7.5,7.5],"texture":"#0"},"south":{"uv":[10.5,12.5,10.62,15.0],"texture":"#0"},"west":{"uv":[0.0,6.5,2.5,9.0],"texture":"#0"},"up":{"uv":[11.12,15.0,11.0,12.5],"texture":"#0"},"down":{"uv":[11.62,12.5,11.5,15.0],"texture":"#0"}}},{"from":[7.875,3.7499999999999996,10.25],"to":[8.125,8.750000000000002,15.25],"faces":{"north":{"uv":[7.0,12.5,7.12,15.0],"texture":"#0"},"east":{"uv":[5.0,0.0,7.5,2.5],"texture":"#0"},"south":{"uv":[7.5,12.5,7.62,15.0],"texture":"#0"},"west":{"uv":[5.0,2.5,7.5,5.0],"texture":"#0"},"up":{"uv":[9.12,15.0,9.0,12.5],"texture":"#0"},"down":{"uv":[9.62,12.5,9.5,15.0],"texture":"#0"}}},{"from":[8,2,4.5],"to":[8,9,11.5],"faces":{"north":{"uv":[15.54,15.54,16.0,16.0],"texture":"#1","rotation":270},"east":{"uv":[7.0,0.0,0.0,7.0],"texture":"#1","rotation":180},"south":{"uv":[15.54,15.54,16.0,16.0],"texture":"#1","rotation":90},"west":{"uv":[0.0,0.0,7.0,7.0],"texture":"#1","rotation":180},"up":{"uv":[15.54,15.54,16.0,16.0],"texture":"#1","rotation":270},"down":{"uv":[15.54,15.54,16.0,16.0],"texture":"#1","rotation":90}},"rotation":{"origin":[8,5.5,8],"axis":"y","angle":-45,"rescale":false}},{"from":[8,2,4.5],"to":[8,9,11.5],"faces":{"north":{"uv":[15.54,15.54,16.0,16.0],"texture":"#1","rotation":270},"east":{"uv":[7.0,0.0,0.0,7.0],"texture":"#1","rotation":180},"south":{"uv":[15.54,15.54,16.0,16.0],"texture":"#1","rotation":90},"west":{"uv":[0.0,0.0,7.0,7.0],"texture":"#1","rotation":180},"up":{"uv":[15.54,15.54,16.0,16.0],"texture":"#1","rotation":270},"down":{"uv":[15.54,15.54,16.0,16.0],"texture":"#1","rotation":90}},"rotation":{"origin":[8,5.5,8],"axis":"y","angle":45,"rescale":false}},{"from":[8,7,5.5],"to":[8,20,10.5],"faces":{"north":{"uv":[0.0,0.0,0.0,6.5],"texture":"#0"},"east":{"uv":[0.0,0.0,2.5,6.5],"texture":"#0"},"south":{"uv":[0.0,0.0,0.0,6.5],"texture":"#0"},"west":{"uv":[2.5,0.0,5.0,6.5],"texture":"#0"},"up":{"uv":[0.0,2.5,0.0,0.0],"texture":"#0"},"down":{"uv":[0.0,0.0,0.0,2.5],"texture":"#0"}}},{"from":[8.5,3.5,7.5],"to":[9,8.25,8.25],"faces":{"north":{"uv":[8.0,11.0,8.25,13.38],"texture":"#0"},"east":{"uv":[7.0,9.0,7.38,11.38],"texture":"#0"},"south":{"uv":[8.5,11.0,8.75,13.38],"texture":"#0"},"west":{"uv":[7.5,9.0,7.88,11.38],"texture":"#0"},"up":{"uv":[14.25,3.38,14.0,3.0],"texture":"#0"},"down":{"uv":[3.75,14.0,3.5,14.38],"texture":"#0"}},"rotation":{"origin":[8.75,6,8],"axis":"x","angle":-45,"rescale":false}},{"from":[8.5,3.5,7.75],"to":[9,8.25,8.5],"faces":{"north":{"uv":[3.5,11.0,3.75,13.38],"texture":"#0"},"east":{"uv":[6.5,9.0,6.88,11.38],"texture":"#0"},"south":{"uv":[4.0,11.0,4.25,13.38],"texture":"#0"},"west":{"uv":[9.0,6.5,9.38,8.88],"texture":"#0"},"up":{"uv":[14.25,2.88,14.0,2.5],"texture":"#0"},"down":{"uv":[3.25,14.0,3.0,14.38],"texture":"#0"}},"rotation":{"origin":[8.75,6,8],"axis":"x","angle":45,"rescale":false}},{"from":[8.500000000000002,11.650000000000004,6.875],"to":[8.500000000000002,13.900000000000004,9.125],"faces":{"north":{"uv":[0.0,0.0,0.0,1.12],"texture":"#0"},"east":{"uv":[7.0,7.5,8.12,8.62],"texture":"#0"},"south":{"uv":[0.0,0.0,0.0,1.12],"texture":"#0"},"west":{"uv":[8.0,0.0,9.12,1.12],"texture":"#0"},"up":{"uv":[0.0,1.12,0.0,0.0],"texture":"#0"},"down":{"uv":[0.0,0.0,0.0,1.12],"texture":"#0"}},"rotation":{"origin":[8.500000000000002,12.775000000000004,8],"axis":"x","angle":22.5,"rescale":false}},{"from":[8.817499999999995,4.210000000000001,7.320000000000001],"to":[9.497499999999997,5.23,8.679999999999998],"faces":{"north":{"uv":[13.5,7.0,13.81,7.5],"texture":"#0"},"east":{"uv":[12.5,3.5,13.19,4.0],"texture":"#0"},"south":{"uv":[13.5,7.5,13.81,8.0],"texture":"#0"},"west":{"uv":[12.5,4.0,13.19,4.5],"texture":"#0"},"up":{"uv":[2.31,14.19,2.0,13.5],"texture":"#0"},"down":{"uv":[2.81,13.5,2.5,14.19],"texture":"#0"}}},{"from":[8.817499999999995,5.23,6.980000000000001],"to":[9.667499999999997,6.93,9.02],"faces":{"north":{"uv":[11.5,9.0,11.94,9.88],"texture":"#0"},"east":{"uv":[9.0,9.0,10.0,9.88],"texture":"#0"},"south":{"uv":[10.0,11.5,10.44,12.38],"texture":"#0"},"west":{"uv":[9.5,0.0,10.5,0.88],"texture":"#0"},"up":{"uv":[11.94,3.0,11.5,2.0],"texture":"#0"},"down":{"uv":[11.94,3.0,11.5,4.0],"texture":"#0"}}},{"from":[9.499999999999991,3.599999999999998,3.2999999999999945],"to":[9.499999999999991,9.599999999999996,7.299999999999997],"faces":{"north":{"uv":[15.54,15.54,16.0,16.0],"texture":"#1"},"east":{"uv":[7.88,0.0,11.88,6.0],"texture":"#1"},"south":{"uv":[15.54,15.54,16.0,16.0],"texture":"#1"},"west":{"uv":[11.88,0.0,7.88,6.0],"texture":"#1"},"up":{"uv":[16.0,16.0,15.54,15.54],"texture":"#1"},"down":{"uv":[16.0,16.0,15.54,15.54],"texture":"#1"}},"rotation":{"origin":[9.899999999999991,6.149999999999997,4.300000000000006],"axis":"y","angle":-22.5,"rescale":false}}],"display":{"thirdperson_righthand":{"translation":[0,5,1.25],"scale":[1.03,1.03,1.03]},"thirdperson_lefthand":{"translation":[0,5,1.25],"scale":[1.03,1.03,1.03]},"firstperson_righthand":{"rotation":[-9.5,0,0],"translation":[-2.25,6.25,2],"scale":[0.64,0.64,0.64]},"firstperson_lefthand":{"rotation":[-9.5,0,0],"translation":[-2.25,6.25,2],"scale":[0.64,0.64,0.64]},"ground":{"rotation":[-45,0,0],"translation":[-1.5,3,0],"scale":[0.45,0.45,0.45]},"gui":{"rotation":[86.23,47,-69.31],"translation":[0.5,1.25,0],"scale":[1.05,1.05,1.05]},"head":{"rotation":[-4.25,0,0],"translation":[0,16.75,0],"scale":[1.9,1.9,1.9]},"fixed":{"rotation":[0,-90,0],"translation":[0,1.75,-1.5],"scale":[1.2,1.2,1.2]}},"gui_light":"front"}