{"credit":"Made with Blockbench","textures":{"0":"pirate_reasure_set:pickaxe_0","1":"pirate_reasure_set:pickaxe_1"},"elements":[{"from":[6.332500000000003,13.73,6.980000000000001],"to":[7.1825000000000045,15.43,9.02],"faces":{"north":{"uv":[12.5,7.0,12.94,7.88],"texture":"#0"},"east":{"uv":[8.5,5.5,9.5,6.38],"texture":"#0"},"south":{"uv":[8.0,12.5,8.44,13.38],"texture":"#0"},"west":{"uv":[8.5,6.5,9.5,7.38],"texture":"#0"},"up":{"uv":[11.94,10.0,11.5,9.0],"texture":"#0"},"down":{"uv":[11.94,10.0,11.5,11.0],"texture":"#0"}}},{"from":[6.502500000000003,12.71,7.320000000000001],"to":[7.1825000000000045,13.73,8.679999999999998],"faces":{"north":{"uv":[14.5,11.0,14.81,11.5],"texture":"#0"},"east":{"uv":[12.0,13.0,12.69,13.5],"texture":"#0"},"south":{"uv":[11.5,14.5,11.81,15.0],"texture":"#0"},"west":{"uv":[13.0,13.0,13.69,13.5],"texture":"#0"},"up":{"uv":[2.81,15.19,2.5,14.5],"texture":"#0"},"down":{"uv":[14.81,2.5,14.5,3.19],"texture":"#0"}}},{"from":[6.700000000000003,12.699999999999998,9.39999999999999],"to":[6.700000000000003,18.699999999999996,13.39999999999999],"faces":{"north":{"uv":[15.54,15.54,16.0,16.0],"texture":"#1"},"east":{"uv":[4.0,9.62,0.0,15.62],"texture":"#1"},"south":{"uv":[15.54,15.54,16.0,16.0],"texture":"#1"},"west":{"uv":[0.0,9.62,4.0,15.62],"texture":"#1"},"up":{"uv":[15.54,15.54,16.0,16.0],"texture":"#1"},"down":{"uv":[15.54,15.54,16.0,16.0],"texture":"#1"}},"rotation":{"origin":[7.100000000000004,16.15,10.399999999999999],"axis":"y","angle":-22.5,"rescale":false}},{"from":[7,12,7.5],"to":[7.5,16.75,8.25],"faces":{"north":{"uv":[7.5,10.0,7.75,12.38],"texture":"#0"},"east":{"uv":[4.0,8.5,4.38,10.88],"texture":"#0"},"south":{"uv":[10.0,10.5,10.25,12.88],"texture":"#0"},"west":{"uv":[4.5,8.5,4.88,10.88],"texture":"#0"},"up":{"uv":[15.25,3.88,15.0,3.5],"texture":"#0"},"down":{"uv":[15.25,4.0,15.0,4.38],"texture":"#0"}},"rotation":{"origin":[7.25,14.5,8],"axis":"x","angle":-45,"rescale":false}},{"from":[7,12,7.75],"to":[7.5,16.75,8.5],"faces":{"north":{"uv":[1.0,9.5,1.25,11.88],"texture":"#0"},"east":{"uv":[1.5,8.5,1.88,10.88],"texture":"#0"},"south":{"uv":[3.5,9.5,3.75,11.88],"texture":"#0"},"west":{"uv":[2.0,8.5,2.38,10.88],"texture":"#0"},"up":{"uv":[15.25,2.88,15.0,2.5],"texture":"#0"},"down":{"uv":[15.25,3.0,15.0,3.38],"texture":"#0"}},"rotation":{"origin":[7.25,14.5,8],"axis":"x","angle":45,"rescale":false}},{"from":[7.156000000000001,3.3187929738088116,7.156],"to":[8.844000000000001,3.846792973808812,8.844000000000001],"faces":{"north":{"uv":[12.5,14.0,13.38,14.25],"texture":"#0"},"east":{"uv":[14.0,13.0,14.88,13.25],"texture":"#0"},"south":{"uv":[14.0,13.5,14.88,13.75],"texture":"#0"},"west":{"uv":[14.0,14.0,14.88,14.25],"texture":"#0"},"up":{"uv":[10.38,8.38,9.5,7.5],"texture":"#0"},"down":{"uv":[10.88,2.5,10.0,3.38],"texture":"#0"}}},{"from":[7.156000000000001,5.153207026191188,7.156],"to":[8.844000000000001,5.6812070261911884,8.844000000000001],"faces":{"north":{"uv":[14.5,0.0,15.38,0.25],"texture":"#0"},"east":{"uv":[14.5,0.5,15.38,0.75],"texture":"#0"},"south":{"uv":[1.0,14.5,1.88,14.75],"texture":"#0"},"west":{"uv":[14.5,1.0,15.38,1.25],"texture":"#0"},"up":{"uv":[10.88,4.38,10.0,3.5],"texture":"#0"},"down":{"uv":[10.88,4.5,10.0,5.38],"texture":"#0"}}},{"from":[7.156000000000001,11.818792973808812,7.156000000000001],"to":[8.844000000000001,12.346792973808812,8.844000000000001],"faces":{"north":{"uv":[9.0,14.0,9.88,14.25],"texture":"#0"},"east":{"uv":[10.0,14.0,10.88,14.25],"texture":"#0"},"south":{"uv":[14.0,11.5,14.88,11.75],"texture":"#0"},"west":{"uv":[14.0,12.0,14.88,12.25],"texture":"#0"},"up":{"uv":[9.88,5.38,9.0,4.5],"texture":"#0"},"down":{"uv":[10.38,1.5,9.5,2.38],"texture":"#0"}}},{"from":[7.156000000000001,13.74679294710593,7.156000000000001],"to":[8.844000000000001,15.424792947105932,8.844000000000001],"faces":{"north":{"uv":[5.5,10.0,6.38,10.81],"texture":"#0"},"east":{"uv":[6.5,10.0,7.38,10.81],"texture":"#0"},"south":{"uv":[10.0,8.5,10.88,9.31],"texture":"#0"},"west":{"uv":[9.0,10.0,9.88,10.81],"texture":"#0"},"up":{"uv":[10.38,6.38,9.5,5.5],"texture":"#0"},"down":{"uv":[10.38,6.5,9.5,7.38],"texture":"#0"}}},{"from":[7.200000000000003,10.099999999999998,2.600000000000013],"to":[7.200000000000003,16.099999999999994,6.600000000000012],"faces":{"north":{"uv":[16.0,15.54,15.54,16.0],"texture":"#1"},"east":{"uv":[0.0,9.62,4.0,15.62],"texture":"#1"},"south":{"uv":[16.0,15.54,15.54,16.0],"texture":"#1"},"west":{"uv":[4.0,9.62,0.0,15.62],"texture":"#1"},"up":{"uv":[15.54,16.0,16.0,15.54],"texture":"#1"},"down":{"uv":[15.54,16.0,16.0,15.54],"texture":"#1"}},"rotation":{"origin":[7.600000000000005,13.549999999999997,5.600000000000003],"axis":"y","angle":22.5,"rescale":false}},{"from":[7.25,13.5,6.300000000000001],"to":[8.75,14.5,7.35],"faces":{"north":{"uv":[13.0,2.5,13.75,3.0],"texture":"#0"},"east":{"uv":[14.0,2.5,14.5,3.0],"texture":"#0"},"south":{"uv":[13.0,3.0,13.75,3.5],"texture":"#0"},"west":{"uv":[14.0,3.0,14.5,3.5],"texture":"#0"},"up":{"uv":[4.25,13.5,3.5,13.0],"texture":"#0"},"down":{"uv":[13.75,3.5,13.0,4.0],"texture":"#0"}}},{"from":[7.25,13.5,8.65],"to":[8.75,14.5,9.7],"faces":{"north":{"uv":[9.0,12.5,9.75,13.0],"texture":"#0"},"east":{"uv":[12.0,1.0,12.5,1.5],"texture":"#0"},"south":{"uv":[12.5,12.0,13.25,12.5],"texture":"#0"},"west":{"uv":[14.0,2.0,14.5,2.5],"texture":"#0"},"up":{"uv":[13.25,13.0,12.5,12.5],"texture":"#0"},"down":{"uv":[13.75,2.0,13.0,2.5],"texture":"#0"}}},{"from":[7.3100000000000005,3.81,7.3100000000000005],"to":[8.69,5.1899999999999995,8.69],"faces":{"north":{"uv":[11.5,1.5,12.19,2.19],"texture":"#0"},"east":{"uv":[11.5,2.5,12.19,3.19],"texture":"#0"},"south":{"uv":[11.5,3.5,12.19,4.19],"texture":"#0"},"west":{"uv":[11.5,4.5,12.19,5.19],"texture":"#0"},"up":{"uv":[12.19,6.19,11.5,5.5],"texture":"#0"},"down":{"uv":[12.19,6.5,11.5,7.19],"texture":"#0"}}},{"from":[7.406000000000001,3.8187929738088116,7.406],"to":[8.594000000000001,5.246792973808812,8.594000000000001],"faces":{"north":{"uv":[12.0,11.0,12.62,11.69],"texture":"#0"},"east":{"uv":[11.5,12.0,12.12,12.69],"texture":"#0"},"south":{"uv":[12.5,0.0,13.12,0.69],"texture":"#0"},"west":{"uv":[12.5,1.0,13.12,1.69],"texture":"#0"},"up":{"uv":[13.12,6.62,12.5,6.0],"texture":"#0"},"down":{"uv":[7.62,12.5,7.0,13.12],"texture":"#0"}}},{"from":[7.406000000000001,12.318792973808812,7.406000000000001],"to":[8.594000000000001,13.746792973808812,8.594000000000001],"faces":{"north":{"uv":[3.5,12.0,4.12,12.69],"texture":"#0"},"east":{"uv":[4.5,12.0,5.12,12.69],"texture":"#0"},"south":{"uv":[12.0,9.0,12.62,9.69],"texture":"#0"},"west":{"uv":[12.0,10.0,12.62,10.69],"texture":"#0"},"up":{"uv":[13.12,5.62,12.5,5.0],"texture":"#0"},"down":{"uv":[6.62,12.5,6.0,13.12],"texture":"#0"}}},{"from":[7.424799999999999,-0.8472070261911879,7.424799999999999],"to":[8.575199999999999,2.1187929738088114,8.575199999999999],"faces":{"north":{"uv":[9.0,8.5,9.56,10.0],"texture":"#0"},"east":{"uv":[0.0,9.5,0.56,11.0],"texture":"#0"},"south":{"uv":[9.5,0.0,10.06,1.5],"texture":"#0"},"west":{"uv":[2.5,9.5,3.06,11.0],"texture":"#0"},"up":{"uv":[2.06,14.06,1.5,13.5],"texture":"#0"},"down":{"uv":[3.06,13.5,2.5,14.06],"texture":"#0"}}},{"from":[7.449999999999999,11.40385821488439,10.379898971909846],"to":[8.55,12.453858214884391,10.979898971909844],"faces":{"north":{"uv":[13.5,1.5,14.06,2.0],"texture":"#0"},"east":{"uv":[14.5,12.5,14.81,13.0],"texture":"#0"},"south":{"uv":[13.5,11.0,14.06,11.5],"texture":"#0"},"west":{"uv":[13.0,14.5,13.31,15.0],"texture":"#0"},"up":{"uv":[10.06,14.81,9.5,14.5],"texture":"#0"},"down":{"uv":[11.06,14.5,10.5,14.81],"texture":"#0"}},"rotation":{"origin":[8,13.77885821488439,10.804898971909846],"axis":"x","angle":45,"rescale":false}},{"from":[7.475,10.599999999999994,6.324999999999999],"to":[8.525,12.899999999999995,7.175000000000001],"faces":{"north":{"uv":[11.0,2.0,11.5,3.12],"texture":"#0"},"east":{"uv":[8.5,11.0,8.94,12.12],"texture":"#0"},"south":{"uv":[2.5,11.0,3.0,12.12],"texture":"#0"},"west":{"uv":[9.0,11.0,9.44,12.12],"texture":"#0"},"up":{"uv":[12.0,14.44,11.5,14.0],"texture":"#0"},"down":{"uv":[15.0,1.5,14.5,1.94],"texture":"#0"}}},{"from":[7.475,10.599999999999994,8.825],"to":[8.525,12.899999999999995,9.675],"faces":{"north":{"uv":[3.0,11.0,3.5,12.12],"texture":"#0"},"east":{"uv":[9.5,11.0,9.94,12.12],"texture":"#0"},"south":{"uv":[11.0,3.5,11.5,4.62],"texture":"#0"},"west":{"uv":[11.0,9.5,11.44,10.62],"texture":"#0"},"up":{"uv":[2.5,14.94,2.0,14.5],"texture":"#0"},"down":{"uv":[15.0,2.0,14.5,2.44],"texture":"#0"}}},{"from":[7.499999999999998,8,6.974999999999996],"to":[7.499999999999998,10.25,9.224999999999996],"faces":{"north":{"uv":[0.0,0.0,0.0,1.12],"texture":"#0"},"east":{"uv":[7.5,1.5,8.62,2.62],"texture":"#0"},"south":{"uv":[0.0,0.0,0.0,1.12],"texture":"#0"},"west":{"uv":[7.5,3.0,8.62,4.12],"texture":"#0"},"up":{"uv":[0.0,1.12,0.0,0.0],"texture":"#0"},"down":{"uv":[0.0,0.0,0.0,1.12],"texture":"#0"}},"rotation":{"origin":[7.499999999999998,9.125,8.099999999999996],"axis":"x","angle":22.5,"rescale":false}},{"from":[7.5,13.516116523516816,8.219669914110089],"to":[8.5,14.866116523516816,8.969669914110089],"faces":{"north":{"uv":[13.5,0.5,14.0,1.19],"texture":"#0"},"east":{"uv":[0.5,14.0,0.88,14.69],"texture":"#0"},"south":{"uv":[1.0,13.5,1.5,14.19],"texture":"#0"},"west":{"uv":[14.0,0.5,14.38,1.19],"texture":"#0"},"up":{"uv":[15.0,7.88,14.5,7.5],"texture":"#0"},"down":{"uv":[8.5,14.5,8.0,14.88],"texture":"#0"}},"rotation":{"origin":[8,13.866116523516816,9.219669914110089],"axis":"x","angle":45,"rescale":false}},{"from":[7.500000000000005,13.599999999999998,7.800000000000006],"to":[7.500000000000005,19.599999999999994,11.800000000000006],"faces":{"north":{"uv":[15.54,15.54,16.0,16.0],"texture":"#1"},"east":{"uv":[11.88,0.0,7.88,6.0],"texture":"#1"},"south":{"uv":[15.54,15.54,16.0,16.0],"texture":"#1"},"west":{"uv":[7.88,0.0,11.88,6.0],"texture":"#1"},"up":{"uv":[15.54,15.54,16.0,16.0],"texture":"#1"},"down":{"uv":[15.54,15.54,16.0,16.0],"texture":"#1"}},"rotation":{"origin":[7.100000000000004,16.15,10.799999999999997],"axis":"y","angle":-22.5,"rescale":false}},{"from":[7.5248,-2.6472070261911878,7.524800000000001],"to":[8.4752,1.718792973808812,8.4752],"faces":{"north":{"uv":[5.5,7.5,6.0,9.69],"texture":"#0"},"east":{"uv":[6.0,7.5,6.5,9.69],"texture":"#0"},"south":{"uv":[7.0,7.5,7.5,9.69],"texture":"#0"},"west":{"uv":[7.5,7.5,8.0,9.69],"texture":"#0"},"up":{"uv":[7.0,10.0,6.5,9.5],"texture":"#0"},"down":{"uv":[11.0,2.0,10.5,2.5],"texture":"#0"}}},{"from":[7.5248,-2.6472070261911878,8.475199994850158],"to":[8.4752,-1.6472070261911878,9.175599994850158],"faces":{"north":{"uv":[10.5,8.0,11.0,8.5],"texture":"#0"},"east":{"uv":[14.5,6.0,14.88,6.5],"texture":"#0"},"south":{"uv":[11.0,5.0,11.5,5.5],"texture":"#0"},"west":{"uv":[14.5,6.5,14.88,7.0],"texture":"#0"},"up":{"uv":[15.0,7.38,14.5,7.0],"texture":"#0"},"down":{"uv":[8.0,14.5,7.5,14.88],"texture":"#0"}}},{"from":[7.5248,1.7187929704709521,7.5248],"to":[8.4752,3.334792970470952,8.4752],"faces":{"north":{"uv":[2.5,12.5,3.0,13.31],"texture":"#0"},"east":{"uv":[3.0,12.5,3.5,13.31],"texture":"#0"},"south":{"uv":[12.5,3.0,13.0,3.81],"texture":"#0"},"west":{"uv":[12.5,4.0,13.0,4.81],"texture":"#0"},"up":{"uv":[5.0,14.5,4.5,14.0],"texture":"#0"},"down":{"uv":[14.5,4.5,14.0,5.0],"texture":"#0"}}},{"from":[7.5248,5.702792973808812,7.5248],"to":[8.4752,11.818792973808812,8.4752],"faces":{"north":{"uv":[2.5,6.0,3.0,9.06],"texture":"#0"},"east":{"uv":[3.0,6.0,3.5,9.06],"texture":"#0"},"south":{"uv":[3.5,6.0,4.0,9.06],"texture":"#0"},"west":{"uv":[6.5,0.0,7.0,3.06],"texture":"#0"},"up":{"uv":[14.5,4.0,14.0,3.5],"texture":"#0"},"down":{"uv":[14.5,4.0,14.0,4.5],"texture":"#0"}}},{"from":[7.525,13.250000000000004,5.125],"to":[8.475,13.450000000000003,10.875],"faces":{"north":{"uv":[8.0,15.0,8.5,15.12],"texture":"#0"},"east":{"uv":[13.0,10.0,15.88,10.12],"texture":"#0"},"south":{"uv":[15.0,8.0,15.5,8.12],"texture":"#0"},"west":{"uv":[13.0,10.5,15.88,10.62],"texture":"#0"},"up":{"uv":[7.5,2.88,7.0,0.0],"texture":"#0"},"down":{"uv":[7.5,3.0,7.0,5.88],"texture":"#0"}}},{"from":[7.525,14.500000000000004,5.125],"to":[8.475,14.700000000000003,10.875],"faces":{"north":{"uv":[7.5,15.0,8.0,15.12],"texture":"#0"},"east":{"uv":[13.0,9.0,15.88,9.12],"texture":"#0"},"south":{"uv":[15.0,7.5,15.5,7.62],"texture":"#0"},"west":{"uv":[13.0,9.5,15.88,9.62],"texture":"#0"},"up":{"uv":[7.0,6.38,6.5,3.5],"texture":"#0"},"down":{"uv":[7.0,6.5,6.5,9.38],"texture":"#0"}}},{"from":[7.5498,-3.9932612277786976,8.468346880744386],"to":[8.450199999999999,-1.7928612277786975,9.443346880744386],"faces":{"north":{"uv":[6.0,11.0,6.44,12.12],"texture":"#0"},"east":{"uv":[10.5,6.5,11.0,7.62],"texture":"#0"},"south":{"uv":[6.5,11.0,6.94,12.12],"texture":"#0"},"west":{"uv":[2.0,11.0,2.5,12.12],"texture":"#0"},"up":{"uv":[14.44,8.5,14.0,8.0],"texture":"#0"},"down":{"uv":[14.44,8.5,14.0,9.0],"texture":"#0"}},"rotation":{"origin":[8,-2.3930612277786967,8.943346880744386],"axis":"x","angle":-22.5,"rescale":false}},{"from":[7.549999999999999,10.01326515893168,1.466273267107967],"to":[8.450000000000001,11.613265158931682,2.7912732671079645],"faces":{"north":{"uv":[9.0,13.0,9.44,13.81],"texture":"#0"},"east":{"uv":[4.0,11.0,4.69,11.81],"texture":"#0"},"south":{"uv":[9.5,13.0,9.94,13.81],"texture":"#0"},"west":{"uv":[5.0,11.0,5.69,11.81],"texture":"#0"},"up":{"uv":[7.94,14.19,7.5,13.5],"texture":"#0"},"down":{"uv":[8.44,13.5,8.0,14.19],"texture":"#0"}},"rotation":{"origin":[8,10.61326515893168,2.466273267107967],"axis":"x","angle":22.5,"rescale":false}},{"from":[7.549999999999999,10.01326515893168,13.208726732892035],"to":[8.450000000000001,11.613265158931682,14.533726732892033],"faces":{"north":{"uv":[9.94,13.0,9.5,13.81],"texture":"#0"},"east":{"uv":[4.69,11.0,4.0,11.81],"texture":"#0"},"south":{"uv":[9.44,13.0,9.0,13.81],"texture":"#0"},"west":{"uv":[5.69,11.0,5.0,11.81],"texture":"#0"},"up":{"uv":[7.94,13.5,7.5,14.19],"texture":"#0"},"down":{"uv":[8.44,14.19,8.0,13.5],"texture":"#0"}},"rotation":{"origin":[8,10.61326515893168,13.533726732892033],"axis":"x","angle":-22.5,"rescale":false}},{"from":[7.5748,-5.451163689863456,8.839697818454281],"to":[8.425199999999998,-3.1507636898634566,9.739697818454282],"faces":{"north":{"uv":[11.0,6.5,11.44,7.62],"texture":"#0"},"east":{"uv":[7.0,11.0,7.44,12.12],"texture":"#0"},"south":{"uv":[8.0,11.0,8.44,12.12],"texture":"#0"},"west":{"uv":[11.0,8.0,11.44,9.12],"texture":"#0"},"up":{"uv":[4.94,14.94,4.5,14.5],"texture":"#0"},"down":{"uv":[14.94,4.5,14.5,4.94],"texture":"#0"}},"rotation":{"origin":[8,-3.7509636898634557,9.239697818454282],"axis":"x","angle":45,"rescale":false}},{"from":[7.574800011920929,-4.392385016597972,7.383580081846313],"to":[8.425200011920928,-3.7923850165979713,8.283980081846313],"faces":{"north":{"uv":[1.5,15.0,1.94,15.31],"texture":"#0"},"east":{"uv":[15.0,1.5,15.44,1.81],"texture":"#0"},"south":{"uv":[2.0,15.0,2.44,15.31],"texture":"#0"},"west":{"uv":[15.0,2.0,15.44,2.31],"texture":"#0"},"up":{"uv":[14.94,5.44,14.5,5.0],"texture":"#0"},"down":{"uv":[14.94,5.5,14.5,5.94],"texture":"#0"}},"rotation":{"origin":[8.050000011920929,-3.892385016597972,7.683780081846314],"axis":"x","angle":45,"rescale":false}},{"from":[7.574999999999999,10.66843703512362,2.2088039475375236],"to":[8.425,12.49343703512362,4.508803947537524],"faces":{"north":{"uv":[2.0,12.5,2.44,13.44],"texture":"#0"},"east":{"uv":[8.0,7.5,9.12,8.44],"texture":"#0"},"south":{"uv":[12.5,2.0,12.94,2.94],"texture":"#0"},"west":{"uv":[0.0,8.5,1.12,9.44],"texture":"#0"},"up":{"uv":[11.44,12.12,11.0,11.0],"texture":"#0"},"down":{"uv":[11.94,0.0,11.5,1.12],"texture":"#0"}},"rotation":{"origin":[8,11.49343703512362,3.5088039475375226],"axis":"x","angle":-22.5,"rescale":false}},{"from":[7.574999999999999,10.66843703512362,11.491196052462476],"to":[8.425,12.49343703512362,13.791196052462476],"faces":{"north":{"uv":[12.94,2.0,12.5,2.94],"texture":"#0"},"east":{"uv":[9.12,7.5,8.0,8.44],"texture":"#0"},"south":{"uv":[2.44,12.5,2.0,13.44],"texture":"#0"},"west":{"uv":[1.12,8.5,0.0,9.44],"texture":"#0"},"up":{"uv":[11.44,11.0,11.0,12.12],"texture":"#0"},"down":{"uv":[11.94,1.12,11.5,0.0],"texture":"#0"}},"rotation":{"origin":[8,11.49343703512362,12.491196052462477],"axis":"x","angle":22.5,"rescale":false}},{"from":[7.6,10.799999999999997,4.050000000000004],"to":[8.4,12.799999999999997,6.350000000000005],"faces":{"north":{"uv":[13.0,7.0,13.38,8.0],"texture":"#0"},"east":{"uv":[4.0,7.5,5.12,8.5],"texture":"#0"},"south":{"uv":[13.0,8.0,13.38,9.0],"texture":"#0"},"west":{"uv":[7.5,4.5,8.62,5.5],"texture":"#0"},"up":{"uv":[1.38,13.12,1.0,12.0],"texture":"#0"},"down":{"uv":[5.88,12.0,5.5,13.12],"texture":"#0"}}},{"from":[7.6,10.799999999999997,9.649999999999995],"to":[8.4,12.799999999999997,11.949999999999996],"faces":{"north":{"uv":[13.38,8.0,13.0,9.0],"texture":"#0"},"east":{"uv":[5.12,7.5,4.0,8.5],"texture":"#0"},"south":{"uv":[13.38,7.0,13.0,8.0],"texture":"#0"},"west":{"uv":[8.62,4.5,7.5,5.5],"texture":"#0"},"up":{"uv":[1.38,12.0,1.0,13.12],"texture":"#0"},"down":{"uv":[5.88,13.12,5.5,12.0],"texture":"#0"}}},{"from":[7.625,9.107969045756661,5.047182611109989],"to":[8.375,9.80796904575666,6.572182611109987],"faces":{"north":{"uv":[14.5,14.5,14.88,14.88],"texture":"#0"},"east":{"uv":[12.5,13.5,13.25,13.88],"texture":"#0"},"south":{"uv":[0.0,15.0,0.38,15.38],"texture":"#0"},"west":{"uv":[13.5,12.5,14.25,12.88],"texture":"#0"},"up":{"uv":[13.88,14.25,13.5,13.5],"texture":"#0"},"down":{"uv":[0.38,14.0,0.0,14.75],"texture":"#0"}},"rotation":{"origin":[8,8.80796904575666,4.472182611109989],"axis":"x","angle":-45,"rescale":false}},{"from":[7.625,9.107969045756661,9.427817388890013],"to":[8.375,9.80796904575666,10.952817388890011],"faces":{"north":{"uv":[0.38,15.0,0.0,15.38],"texture":"#0"},"east":{"uv":[13.25,13.5,12.5,13.88],"texture":"#0"},"south":{"uv":[14.88,14.5,14.5,14.88],"texture":"#0"},"west":{"uv":[14.25,12.5,13.5,12.88],"texture":"#0"},"up":{"uv":[13.88,13.5,13.5,14.25],"texture":"#0"},"down":{"uv":[0.38,14.75,0.0,14.0],"texture":"#0"}},"rotation":{"origin":[8,8.80796904575666,11.52781738889001],"axis":"x","angle":45,"rescale":false}},{"from":[7.625,12.950000000000003,5.250000000000002],"to":[8.375,14.950000000000003,6.500000000000002],"faces":{"north":{"uv":[4.5,13.0,4.88,14.0],"texture":"#0"},"east":{"uv":[10.5,1.0,11.12,2.0],"texture":"#0"},"south":{"uv":[5.0,13.0,5.38,14.0],"texture":"#0"},"west":{"uv":[10.5,5.5,11.12,6.5],"texture":"#0"},"up":{"uv":[14.38,6.62,14.0,6.0],"texture":"#0"},"down":{"uv":[14.38,7.0,14.0,7.62],"texture":"#0"}}},{"from":[7.625,12.950000000000003,9.499999999999998],"to":[8.375,14.950000000000003,10.749999999999998],"faces":{"north":{"uv":[11.0,12.5,11.38,13.5],"texture":"#0"},"east":{"uv":[10.0,9.5,10.62,10.5],"texture":"#0"},"south":{"uv":[13.0,4.0,13.38,5.0],"texture":"#0"},"west":{"uv":[10.5,0.0,11.12,1.0],"texture":"#0"},"up":{"uv":[5.38,14.62,5.0,14.0],"texture":"#0"},"down":{"uv":[14.38,5.0,14.0,5.62],"texture":"#0"}}},{"from":[7.65,10,5.25],"to":[8.35,11,7.15],"faces":{"north":{"uv":[14.5,8.5,14.88,9.0],"texture":"#0"},"east":{"uv":[11.5,8.0,12.44,8.5],"texture":"#0"},"south":{"uv":[9.0,14.5,9.38,15.0],"texture":"#0"},"west":{"uv":[11.5,8.5,12.44,9.0],"texture":"#0"},"up":{"uv":[13.38,11.94,13.0,11.0],"texture":"#0"},"down":{"uv":[11.88,13.0,11.5,13.94],"texture":"#0"}}},{"from":[7.65,10,8.85],"to":[8.35,11,10.75],"faces":{"north":{"uv":[9.38,14.5,9.0,15.0],"texture":"#0"},"east":{"uv":[12.44,8.0,11.5,8.5],"texture":"#0"},"south":{"uv":[14.88,8.5,14.5,9.0],"texture":"#0"},"west":{"uv":[12.44,8.5,11.5,9.0],"texture":"#0"},"up":{"uv":[13.38,11.0,13.0,11.94],"texture":"#0"},"down":{"uv":[11.88,13.94,11.5,13.0],"texture":"#0"}}},{"from":[7.875,12.25,0.75],"to":[8.125,17.25,5.75],"faces":{"north":{"uv":[6.0,13.5,6.12,16.0],"texture":"#0"},"east":{"uv":[4.0,5.0,6.5,7.5],"texture":"#0"},"south":{"uv":[6.5,13.5,6.62,16.0],"texture":"#0"},"west":{"uv":[0.0,6.0,2.5,8.5],"texture":"#0"},"up":{"uv":[13.62,9.0,13.5,6.5],"texture":"#0"},"down":{"uv":[7.12,13.5,7.0,16.0],"texture":"#0"}}},{"from":[7.875,12.25,10.25],"to":[8.125,17.25,15.25],"faces":{"north":{"uv":[3.5,13.5,3.62,16.0],"texture":"#0"},"east":{"uv":[4.0,0.0,6.5,2.5],"texture":"#0"},"south":{"uv":[4.0,13.5,4.12,16.0],"texture":"#0"},"west":{"uv":[4.0,2.5,6.5,5.0],"texture":"#0"},"up":{"uv":[13.62,6.5,13.5,4.0],"texture":"#0"},"down":{"uv":[5.62,13.5,5.5,16.0],"texture":"#0"}}},{"from":[8,7.799999999999997,-1.2000000000000028],"to":[8,13.549999999999997,6.600000000000001],"faces":{"north":{"uv":[0.0,0.0,0.0,2.88],"texture":"#0"},"east":{"uv":[0.0,0.0,3.88,2.88],"texture":"#0"},"south":{"uv":[0.0,0.0,0.0,2.88],"texture":"#0"},"west":{"uv":[0.0,3.0,3.88,5.88],"texture":"#0"},"up":{"uv":[0.0,3.88,0.0,0.0],"texture":"#0"},"down":{"uv":[0.0,0.0,0.0,3.88],"texture":"#0"}}},{"from":[8,7.799999999999997,9.399999999999999],"to":[8,13.549999999999997,17.200000000000003],"faces":{"north":{"uv":[0.0,0.0,0.0,2.88],"texture":"#0"},"east":{"uv":[3.88,0.0,0.0,2.88],"texture":"#0"},"south":{"uv":[0.0,0.0,0.0,2.88],"texture":"#0"},"west":{"uv":[3.88,3.0,0.0,5.88],"texture":"#0"},"up":{"uv":[0.0,0.0,0.0,3.88],"texture":"#0"},"down":{"uv":[0.0,3.88,0.0,0.0],"texture":"#0"}}},{"from":[8,10,4.5],"to":[8,17,11.5],"faces":{"north":{"uv":[15.54,15.54,16.0,16.0],"texture":"#1","rotation":270},"east":{"uv":[7.0,0.0,0.0,7.0],"texture":"#1","rotation":180},"south":{"uv":[15.54,15.54,16.0,16.0],"texture":"#1","rotation":90},"west":{"uv":[0.0,0.0,7.0,7.0],"texture":"#1","rotation":180},"up":{"uv":[15.54,15.54,16.0,16.0],"texture":"#1","rotation":270},"down":{"uv":[15.54,15.54,16.0,16.0],"texture":"#1","rotation":90}},"rotation":{"origin":[8,13.5,8],"axis":"y","angle":-45,"rescale":false}},{"from":[8,10,4.5],"to":[8,17,11.5],"faces":{"north":{"uv":[15.54,15.54,16.0,16.0],"texture":"#1","rotation":270},"east":{"uv":[7.0,0.0,0.0,7.0],"texture":"#1","rotation":180},"south":{"uv":[15.54,15.54,16.0,16.0],"texture":"#1","rotation":90},"west":{"uv":[0.0,0.0,7.0,7.0],"texture":"#1","rotation":180},"up":{"uv":[15.54,15.54,16.0,16.0],"texture":"#1","rotation":270},"down":{"uv":[15.54,15.54,16.0,16.0],"texture":"#1","rotation":90}},"rotation":{"origin":[8,13.5,8],"axis":"y","angle":45,"rescale":false}},{"from":[8.5,12,7.5],"to":[9,16.75,8.25],"faces":{"north":{"uv":[0.5,11.0,0.75,13.38],"texture":"#0"},"east":{"uv":[8.5,8.5,8.88,10.88],"texture":"#0"},"south":{"uv":[1.5,11.0,1.75,13.38],"texture":"#0"},"west":{"uv":[9.0,0.0,9.38,2.38],"texture":"#0"},"up":{"uv":[5.25,15.38,5.0,15.0],"texture":"#0"},"down":{"uv":[15.25,5.0,15.0,5.38],"texture":"#0"}},"rotation":{"origin":[8.75,14.5,8],"axis":"x","angle":-45,"rescale":false}},{"from":[8.5,12,7.75],"to":[9,16.75,8.5],"faces":{"north":{"uv":[10.5,10.5,10.75,12.88],"texture":"#0"},"east":{"uv":[5.0,8.5,5.38,10.88],"texture":"#0"},"south":{"uv":[0.0,11.0,0.25,13.38],"texture":"#0"},"west":{"uv":[8.0,8.5,8.38,10.88],"texture":"#0"},"up":{"uv":[4.75,15.38,4.5,15.0],"texture":"#0"},"down":{"uv":[15.25,4.5,15.0,4.88],"texture":"#0"}},"rotation":{"origin":[8.75,14.5,8],"axis":"x","angle":45,"rescale":false}},{"from":[8.500000000000002,8,6.974999999999996],"to":[8.500000000000002,10.25,9.224999999999996],"faces":{"north":{"uv":[0.0,0.0,0.0,1.12],"texture":"#0"},"east":{"uv":[7.0,6.0,8.12,7.12],"texture":"#0"},"south":{"uv":[0.0,0.0,0.0,1.12],"texture":"#0"},"west":{"uv":[7.5,0.0,8.62,1.12],"texture":"#0"},"up":{"uv":[0.0,1.12,0.0,0.0],"texture":"#0"},"down":{"uv":[0.0,0.0,0.0,1.12],"texture":"#0"}},"rotation":{"origin":[8.500000000000002,9.125,8.099999999999996],"axis":"x","angle":22.5,"rescale":false}},{"from":[8.817499999999995,12.71,7.320000000000001],"to":[9.497499999999997,13.73,8.679999999999998],"faces":{"north":{"uv":[12.0,14.5,12.31,15.0],"texture":"#0"},"east":{"uv":[0.0,13.5,0.69,14.0],"texture":"#0"},"south":{"uv":[12.5,14.5,12.81,15.0],"texture":"#0"},"west":{"uv":[13.5,0.0,14.19,0.5],"texture":"#0"},"up":{"uv":[3.31,15.19,3.0,14.5],"texture":"#0"},"down":{"uv":[14.81,3.5,14.5,4.19],"texture":"#0"}}},{"from":[8.817499999999995,13.73,6.980000000000001],"to":[9.667499999999997,15.43,9.02],"faces":{"north":{"uv":[12.5,8.0,12.94,8.88],"texture":"#0"},"east":{"uv":[9.0,2.5,10.0,3.38],"texture":"#0"},"south":{"uv":[8.5,12.5,8.94,13.38],"texture":"#0"},"west":{"uv":[9.0,3.5,10.0,4.38],"texture":"#0"},"up":{"uv":[11.94,12.0,11.5,11.0],"texture":"#0"},"down":{"uv":[12.44,0.0,12.0,1.0],"texture":"#0"}}},{"from":[9.499999999999991,11.599999999999998,3.2999999999999945],"to":[9.499999999999991,17.599999999999994,7.299999999999997],"faces":{"north":{"uv":[15.54,15.54,16.0,16.0],"texture":"#1"},"east":{"uv":[7.88,0.0,11.88,6.0],"texture":"#1"},"south":{"uv":[15.54,15.54,16.0,16.0],"texture":"#1"},"west":{"uv":[11.88,0.0,7.88,6.0],"texture":"#1"},"up":{"uv":[16.0,16.0,15.54,15.54],"texture":"#1"},"down":{"uv":[16.0,16.0,15.54,15.54],"texture":"#1"}},"rotation":{"origin":[9.899999999999991,14.149999999999997,4.300000000000006],"axis":"y","angle":-22.5,"rescale":false}}],"display":{"thirdperson_righthand":{"translation":[0,5,1.25],"scale":[1.03,1.03,1.03]},"thirdperson_lefthand":{"translation":[0,5,1.25],"scale":[1.03,1.03,1.03]},"firstperson_righthand":{"rotation":[-9.5,0,0],"translation":[-2.25,6.25,2],"scale":[0.64,0.64,0.64]},"firstperson_lefthand":{"rotation":[-9.5,0,0],"translation":[-2.25,6.25,2],"scale":[0.64,0.64,0.64]},"ground":{"rotation":[-45,0,0],"translation":[-1.5,3,0],"scale":[0.45,0.45,0.45]},"gui":{"rotation":[86.23,47,-69.31],"translation":[0,0.5,0],"scale":[0.84,0.84,0.84]},"head":{"rotation":[-4.25,0,0],"translation":[0,16.75,0],"scale":[1.9,1.9,1.9]},"fixed":{"rotation":[0,-90,0],"translation":[0,3,-1.5],"scale":[1.2,1.2,1.2]}},"gui_light":"front"}