{"credit":"Made with Blockbench","textures":{"0":"pirate_reasure_set:wing_0","1":"pirate_reasure_set:wing_1"},"elements":[{"from":[-14,1,11.25],"to":[9,18,11.25],"faces":{"north":{"uv":[0,0,8.76,6.48],"texture":"#0"},"east":{"uv":[0,0,0,6.48],"texture":"#0"},"south":{"uv":[8.76,0,0,6.48],"texture":"#0"},"west":{"uv":[0,0,0,6.48],"texture":"#0"},"up":{"uv":[8.76,0,0,0],"texture":"#0"},"down":{"uv":[8.76,0,0,0],"texture":"#0"}}},{"from":[-1.91743,11.7,10.01998],"to":[2.08257,17.7,10.01998],"rotation":{"angle":-22.5,"axis":"y","origin":[3.54776,13.85,10.1]},"faces":{"north":{"uv":[0,9.62,4,15.62],"texture":"#1"},"east":{"uv":[15.54,15.54,16,16],"texture":"#1"},"south":{"uv":[4,9.62,0,15.62],"texture":"#1"},"west":{"uv":[15.54,15.54,16,16],"texture":"#1"},"up":{"uv":[15.54,15.54,16,16],"rotation":90,"texture":"#1"},"down":{"uv":[15.54,15.54,16,16],"rotation":270,"texture":"#1"}}},{"from":[-0.28699,12.6,10.97306],"to":[3.71301,18.6,10.97306],"rotation":{"angle":-22.5,"axis":"y","origin":[3.54776,13.85,10.1]},"faces":{"north":{"uv":[7.88,0,11.88,6],"texture":"#1"},"east":{"uv":[15.54,15.54,16,16],"texture":"#1"},"south":{"uv":[11.88,0,7.88,6],"texture":"#1"},"west":{"uv":[15.54,15.54,16,16],"texture":"#1"},"up":{"uv":[15.54,15.54,16,16],"rotation":90,"texture":"#1"},"down":{"uv":[15.54,15.54,16,16],"rotation":270,"texture":"#1"}}},{"from":[1.58257,10.1,11.68002],"to":[5.58257,16.1,11.68002],"rotation":{"angle":22.5,"axis":"y","origin":[7.04776,12.25,11.6]},"faces":{"north":{"uv":[0,9.62,4,15.62],"texture":"#1"},"east":{"uv":[16,15.54,15.54,16],"texture":"#1"},"south":{"uv":[4,9.62,0,15.62],"texture":"#1"},"west":{"uv":[16,15.54,15.54,16],"texture":"#1"},"up":{"uv":[16,15.54,15.54,16],"rotation":90,"texture":"#1"},"down":{"uv":[16,15.54,15.54,16],"rotation":270,"texture":"#1"}}},{"from":[3.21301,5.7,12.42694],"to":[7.21301,11.7,12.42694],"rotation":{"angle":22.5,"axis":"y","origin":[7.04776,6.95,13.3]},"faces":{"north":{"uv":[7.88,0,11.88,6],"texture":"#1"},"east":{"uv":[16,15.54,15.54,16],"texture":"#1"},"south":{"uv":[11.88,0,7.88,6],"texture":"#1"},"west":{"uv":[16,15.54,15.54,16],"texture":"#1"},"up":{"uv":[16,15.54,15.54,16],"rotation":90,"texture":"#1"},"down":{"uv":[16,15.54,15.54,16],"rotation":270,"texture":"#1"}}},{"from":[3.41318,12.44088,8.56483],"to":[3.66246,13.06409,9.18804],"rotation":{"angle":45,"axis":"x","origin":[3.41318,12.93945,8.68947]},"faces":{"north":{"uv":[15.24,12.57,15.33,12.81],"texture":"#0"},"east":{"uv":[15.24,4.95,15.48,5.19],"texture":"#0"},"south":{"uv":[15.24,12.95,15.33,13.19],"texture":"#0"},"west":{"uv":[5.33,15.24,5.57,15.48],"texture":"#0"},"up":{"uv":[13.43,15.48,13.33,15.24],"texture":"#0"},"down":{"uv":[15.33,13.33,15.24,13.57],"texture":"#0"}}},{"from":[3.49518,10.66376,11.80552],"to":[3.99374,13.15659,12.55337],"rotation":{"angle":45,"axis":"z","origin":[8,11.89246,12.17944]},"faces":{"north":{"uv":[12.57,14.48,12.76,15.43],"texture":"#0"},"east":{"uv":[11.81,14.1,12.1,15.05],"texture":"#0"},"south":{"uv":[12.95,14.48,13.14,15.43],"texture":"#0"},"west":{"uv":[12.19,14.1,12.48,15.05],"texture":"#0"},"up":{"uv":[6.67,15.52,6.48,15.24],"texture":"#0"},"down":{"uv":[7.05,15.24,6.86,15.52],"texture":"#0"}}},{"from":[3.5,12.75,7.45],"to":[5.5,14.75,9.95],"faces":{"north":{"uv":[13.33,6.1,14.1,6.86],"texture":"#0"},"east":{"uv":[12.95,9.9,13.9,10.67],"texture":"#0"},"south":{"uv":[13.33,6.86,14.1,7.62],"texture":"#0"},"west":{"uv":[12.95,10.67,13.9,11.43],"texture":"#0"},"up":{"uv":[11.81,13.9,11.05,12.95],"texture":"#0"},"down":{"uv":[12.57,12.95,11.81,13.9],"texture":"#0"}}},{"from":[3.51289,12.64031,8.16597],"to":[3.51289,14.23573,9.16311],"faces":{"north":{"uv":[0,0,0,0.62],"texture":"#0"},"east":{"uv":[6.48,14.48,6.86,15.1],"texture":"#0"},"south":{"uv":[0,0,0,0.62],"texture":"#0"},"west":{"uv":[6.86,14.48,7.24,15.1],"texture":"#0"},"up":{"uv":[0,0.38,0,0],"texture":"#0"},"down":{"uv":[0,0,0,0.38],"texture":"#0"}}},{"from":[3.525,15.1,7.2],"to":[6.275,15.1,10.2],"faces":{"north":{"uv":[0,0,1.05,0],"texture":"#0"},"east":{"uv":[0,0,1.14,0],"texture":"#0"},"south":{"uv":[0,0,1.05,0],"texture":"#0"},"west":{"uv":[0,0,1.14,0],"texture":"#0"},"up":{"uv":[14,1.9,12.95,0.76],"texture":"#0"},"down":{"uv":[2.95,12.95,1.9,14.1],"texture":"#0"}}},{"from":[3.63754,10.64604,6.6952],"to":[6.13037,14.63458,10.68374],"faces":{"north":{"uv":[11.05,11.43,12,12.95],"texture":"#0"},"east":{"uv":[10.67,3.05,12.19,4.57],"texture":"#0"},"south":{"uv":[12.19,3.05,13.14,4.57],"texture":"#0"},"west":{"uv":[10.67,4.57,12.19,6.1],"texture":"#0"},"up":{"uv":[13.14,6.1,12.19,4.57],"texture":"#0"},"down":{"uv":[13.14,6.1,12.19,7.62],"texture":"#0"}}},{"from":[3.81203,10.14747,6.94448],"to":[5.88109,10.64604,10.43446],"faces":{"north":{"uv":[14.86,6.48,15.64,6.67],"texture":"#0"},"east":{"uv":[0,14.48,1.33,14.67],"texture":"#0"},"south":{"uv":[14.86,6.86,15.64,7.05],"texture":"#0"},"west":{"uv":[1.52,14.48,2.86,14.67],"texture":"#0"},"up":{"uv":[4.98,14.29,4.19,12.95],"texture":"#0"},"down":{"uv":[6.12,12.95,5.33,14.29],"texture":"#0"}}},{"from":[3.99374,11.16232,11.80552],"to":[4.99088,12.65803,12.55337],"rotation":{"angle":45,"axis":"z","origin":[8,11.89246,12.17944]},"faces":{"north":{"uv":[7.62,14.48,8,15.05],"texture":"#0"},"east":{"uv":[1.9,14.86,2.19,15.43],"texture":"#0"},"south":{"uv":[8,14.48,8.38,15.05],"texture":"#0"},"west":{"uv":[2.29,14.86,2.57,15.43],"texture":"#0"},"up":{"uv":[15.62,1.05,15.24,0.76],"texture":"#0"},"down":{"uv":[15.62,1.14,15.24,1.43],"texture":"#0"}}},{"from":[4.51003,12.64031,6.57056],"to":[5.50716,14.23573,6.57056],"faces":{"north":{"uv":[4.19,14.48,4.57,15.1],"texture":"#0"},"east":{"uv":[0,0,0,0.62],"texture":"#0"},"south":{"uv":[4.57,14.48,4.95,15.1],"texture":"#0"},"west":{"uv":[0,0,0,0.62],"texture":"#0"},"up":{"uv":[0.38,0,0,0],"texture":"#0"},"down":{"uv":[0.38,0,0,0],"texture":"#0"}}},{"from":[4.51003,12.64031,10.80838],"to":[5.50716,14.23573,10.80838],"faces":{"north":{"uv":[6.1,14.48,6.48,15.1],"texture":"#0"},"east":{"uv":[0,0,0,0.62],"texture":"#0"},"south":{"uv":[14.48,6.1,14.86,6.71],"texture":"#0"},"west":{"uv":[0,0,0,0.62],"texture":"#0"},"up":{"uv":[0.38,0,0,0],"texture":"#0"},"down":{"uv":[0.38,0,0,0],"texture":"#0"}}},{"from":[4.88395,12.44088,6.44592],"to":[5.50716,13.06409,6.6952],"rotation":{"angle":-45,"axis":"z","origin":[5.0086,12.93945,6.44592]},"faces":{"north":{"uv":[15.24,2.67,15.48,2.9],"texture":"#0"},"east":{"uv":[15.24,8.38,15.33,8.62],"texture":"#0"},"south":{"uv":[3.05,15.24,3.29,15.48],"texture":"#0"},"west":{"uv":[8.76,15.24,8.86,15.48],"texture":"#0"},"up":{"uv":[15.48,8.86,15.24,8.76],"texture":"#0"},"down":{"uv":[9.38,15.24,9.14,15.33],"texture":"#0"}}},{"from":[4.88395,12.44088,10.68374],"to":[5.50716,13.06409,10.93302],"rotation":{"angle":-45,"axis":"z","origin":[5.0086,12.93945,10.93302]},"faces":{"north":{"uv":[15.24,4.57,15.48,4.81],"texture":"#0"},"east":{"uv":[11.81,15.24,11.9,15.48],"texture":"#0"},"south":{"uv":[4.95,15.24,5.19,15.48],"texture":"#0"},"west":{"uv":[15.24,11.81,15.33,12.05],"texture":"#0"},"up":{"uv":[12.43,15.33,12.19,15.24],"texture":"#0"},"down":{"uv":[15.48,12.19,15.24,12.29],"texture":"#0"}}},{"from":[4.99088,10.66376,11.68087],"to":[5.98801,13.15659,12.67801],"rotation":{"angle":45,"axis":"z","origin":[8,11.89246,12.17944]},"faces":{"north":{"uv":[3.43,14.1,3.81,15.05],"texture":"#0"},"east":{"uv":[3.81,14.1,4.19,15.05],"texture":"#0"},"south":{"uv":[14.1,5.33,14.48,6.29],"texture":"#0"},"west":{"uv":[14.1,6.48,14.48,7.43],"texture":"#0"},"up":{"uv":[15.24,14.1,14.86,13.71],"texture":"#0"},"down":{"uv":[14.48,14.86,14.1,15.24],"texture":"#0"}}},{"from":[5.00341,10.63351,11.69334],"to":[6.00054,13.12635,12.66554],"faces":{"north":{"uv":[14.1,3.81,15.05,4.19],"rotation":90,"texture":"#0"},"east":{"uv":[15.05,4.95,14.1,5.33],"rotation":270,"texture":"#0"},"south":{"uv":[14.1,4.19,15.05,4.57],"rotation":270,"texture":"#0"},"west":{"uv":[15.05,4.95,14.1,4.57],"rotation":270,"texture":"#0"},"up":{"uv":[14.86,13.33,15.24,13.71],"rotation":270,"texture":"#0"},"down":{"uv":[13.71,14.86,14.1,15.24],"rotation":270,"texture":"#0"}}},{"from":[5.38252,6.90679,7.06913],"to":[10.61748,7.90392,10.30981],"faces":{"north":{"uv":[12.95,9.14,14.95,9.52],"texture":"#0"},"east":{"uv":[0,13.71,1.24,14.1],"texture":"#0"},"south":{"uv":[12.95,9.52,14.95,9.9],"texture":"#0"},"west":{"uv":[13.71,7.62,14.95,8],"texture":"#0"},"up":{"uv":[12.67,1.24,10.67,0],"texture":"#0"},"down":{"uv":[12.67,1.52,10.67,2.76],"texture":"#0"}}},{"from":[5.6318,3.91538,7.19377],"to":[10.3682,14.3853,7.19377],"faces":{"north":{"uv":[8.76,0,10.57,4],"texture":"#0"},"east":{"uv":[8.76,8.38,9.9,12.38],"texture":"#0"},"south":{"uv":[10.57,0,8.76,4],"texture":"#0"},"west":{"uv":[9.9,8.38,11.05,12.38],"texture":"#0"},"up":{"uv":[12.86,10.29,11.05,9.14],"texture":"#0"},"down":{"uv":[12.86,10.29,11.05,11.43],"texture":"#0"}}},{"from":[5.6318,3.91538,10.18517],"to":[10.3682,14.3853,10.18517],"faces":{"north":{"uv":[10.57,4.19,8.76,8.19],"texture":"#0"},"east":{"uv":[8.76,8.38,9.9,12.38],"texture":"#0"},"south":{"uv":[8.76,4.19,10.57,8.19],"texture":"#0"},"west":{"uv":[9.9,8.38,11.05,12.38],"texture":"#0"},"up":{"uv":[12.86,10.29,11.05,9.14],"texture":"#0"},"down":{"uv":[12.86,10.29,11.05,11.43],"texture":"#0"}}},{"from":[5.6318,14.3853,7.19377],"to":[10.3682,16.37957,7.19377],"faces":{"north":{"uv":[0,12.95,1.81,13.71],"texture":"#0"},"east":{"uv":[0,0,0,0.76],"texture":"#0"},"south":{"uv":[12.95,0,14.76,0.76],"texture":"#0"},"west":{"uv":[0,0,0,0.76],"texture":"#0"},"up":{"uv":[1.81,0,0,0],"texture":"#0"},"down":{"uv":[1.81,0,0,0],"texture":"#0"}}},{"from":[5.6318,14.3853,7.19377],"to":[10.3682,14.3853,10.18517],"faces":{"north":{"uv":[8.76,0,10.57,4],"texture":"#0"},"east":{"uv":[8.76,8.38,9.9,12.38],"texture":"#0"},"south":{"uv":[8.76,4.19,10.57,8.19],"texture":"#0"},"west":{"uv":[9.9,8.38,11.05,12.38],"texture":"#0"},"up":{"uv":[12.86,10.29,11.05,9.14],"texture":"#0"},"down":{"uv":[12.86,9.14,11.05,10.29],"texture":"#0"}}},{"from":[5.6318,3.91538,7.19377],"to":[5.6318,14.3853,10.18517],"faces":{"north":{"uv":[10.57,0,8.76,4],"texture":"#0"},"east":{"uv":[11.05,8.38,9.9,12.38],"texture":"#0"},"south":{"uv":[10.57,4.19,8.76,8.19],"texture":"#0"},"west":{"uv":[9.9,8.38,8.76,12.38],"texture":"#0"},"up":{"uv":[11.05,10.29,12.86,9.14],"texture":"#0"},"down":{"uv":[11.05,10.29,12.86,11.43],"texture":"#0"}}},{"from":[6.74105,8.89587,11.69334],"to":[9.23389,9.893,12.66554],"faces":{"north":{"uv":[13.71,12.95,14.67,13.33],"texture":"#0"},"east":{"uv":[14.86,8.38,15.24,8.76],"texture":"#0"},"south":{"uv":[13.71,13.33,14.67,13.71],"texture":"#0"},"west":{"uv":[14.86,8.76,15.24,9.14],"texture":"#0"},"up":{"uv":[14.67,14.1,13.71,13.71],"texture":"#0"},"down":{"uv":[0.95,14.1,0,14.48],"texture":"#0"}}},{"from":[6.75358,8.90106,11.68087],"to":[9.24642,9.89819,12.67801],"rotation":{"angle":45,"axis":"z","origin":[8,11.89246,12.17944]},"faces":{"north":{"uv":[14.1,9.9,15.05,10.29],"texture":"#0"},"east":{"uv":[14.86,14.86,15.24,15.24],"texture":"#0"},"south":{"uv":[10.29,14.1,11.24,14.48],"texture":"#0"},"west":{"uv":[0,15.24,0.38,15.62],"texture":"#0"},"up":{"uv":[15.05,10.67,14.1,10.29],"texture":"#0"},"down":{"uv":[15.05,10.67,14.1,11.05],"texture":"#0"}}},{"from":[6.75358,13.92216,11.68087],"to":[9.24642,14.9193,12.67801],"rotation":{"angle":45,"axis":"z","origin":[8,11.89246,12.17944]},"faces":{"north":{"uv":[14.1,0.76,15.05,1.14],"texture":"#0"},"east":{"uv":[10.29,14.86,10.67,15.24],"texture":"#0"},"south":{"uv":[1.14,14.1,2.1,14.48],"texture":"#0"},"west":{"uv":[10.67,14.86,11.05,15.24],"texture":"#0"},"up":{"uv":[15.05,1.52,14.1,1.14],"texture":"#0"},"down":{"uv":[15.05,1.52,14.1,1.9],"texture":"#0"}}},{"from":[6.75358,7.36992,11.80552],"to":[9.24642,7.86849,12.55337],"rotation":{"angle":45,"axis":"z","origin":[8,11.89246,12.17944]},"faces":{"north":{"uv":[0,14.86,0.95,15.05],"texture":"#0"},"east":{"uv":[15.24,7.62,15.52,7.81],"texture":"#0"},"south":{"uv":[14.86,0,15.81,0.19],"texture":"#0"},"west":{"uv":[8,15.24,8.29,15.43],"texture":"#0"},"up":{"uv":[15.05,12.86,14.1,12.57],"texture":"#0"},"down":{"uv":[14.67,14.1,13.71,14.38],"texture":"#0"}}},{"from":[6.75358,15.91643,11.80552],"to":[9.24642,16.415,12.55337],"rotation":{"angle":45,"axis":"z","origin":[8,11.89246,12.17944]},"faces":{"north":{"uv":[13.33,14.48,14.29,14.67],"texture":"#0"},"east":{"uv":[7.24,15.24,7.52,15.43],"texture":"#0"},"south":{"uv":[14.48,14.48,15.43,14.67],"texture":"#0"},"west":{"uv":[7.62,15.24,7.9,15.43],"texture":"#0"},"up":{"uv":[15.05,12.48,14.1,12.19],"texture":"#0"},"down":{"uv":[13.52,14.1,12.57,14.38],"texture":"#0"}}},{"from":[6.76611,13.89192,11.69334],"to":[9.25895,14.88905,12.66554],"faces":{"north":{"uv":[14.1,1.9,15.05,2.29],"texture":"#0"},"east":{"uv":[14.86,12.95,15.24,13.33],"texture":"#0"},"south":{"uv":[2.29,14.1,3.24,14.48],"texture":"#0"},"west":{"uv":[13.33,14.86,13.71,15.24],"texture":"#0"},"up":{"uv":[15.05,2.67,14.1,2.29],"texture":"#0"},"down":{"uv":[15.05,2.67,14.1,3.05],"texture":"#0"}}},{"from":[7,1,11.25],"to":[30,18,11.25],"faces":{"north":{"uv":[8.76,0,0,6.48],"texture":"#0"},"east":{"uv":[0,0,0,6.48],"texture":"#0"},"south":{"uv":[0,0,8.76,6.48],"texture":"#0"},"west":{"uv":[0,0,0,6.48],"texture":"#0"},"up":{"uv":[0,0,8.76,0],"texture":"#0"},"down":{"uv":[0,0,8.76,0],"texture":"#0"}}},{"from":[7.25215,7.86849,11.80552],"to":[8.74785,8.86562,12.55337],"rotation":{"angle":45,"axis":"z","origin":[8,11.89246,12.17944]},"faces":{"north":{"uv":[14.48,11.43,15.05,11.81],"texture":"#0"},"east":{"uv":[15.24,2.29,15.52,2.67],"texture":"#0"},"south":{"uv":[14.48,11.81,15.05,12.19],"texture":"#0"},"west":{"uv":[2.67,15.24,2.95,15.62],"texture":"#0"},"up":{"uv":[15.43,6,14.86,5.71],"texture":"#0"},"down":{"uv":[15.43,6.1,14.86,6.38],"texture":"#0"}}},{"from":[7.25215,14.9193,11.80552],"to":[8.74785,15.91643,12.55337],"rotation":{"angle":45,"axis":"z","origin":[8,11.89246,12.17944]},"faces":{"north":{"uv":[10.29,14.48,10.86,14.86],"texture":"#0"},"east":{"uv":[15.24,1.52,15.52,1.9],"texture":"#0"},"south":{"uv":[14.48,11.05,15.05,11.43],"texture":"#0"},"west":{"uv":[15.24,1.9,15.52,2.29],"texture":"#0"},"up":{"uv":[15.43,0.67,14.86,0.38],"texture":"#0"},"down":{"uv":[15.43,5.33,14.86,5.62],"texture":"#0"}}},{"from":[8.78699,5.7,12.42694],"to":[12.78699,11.7,12.42694],"rotation":{"angle":-22.5,"axis":"y","origin":[8.95224,6.95,13.3]},"faces":{"north":{"uv":[11.88,0,7.88,6],"texture":"#1"},"east":{"uv":[15.54,15.54,16,16],"texture":"#1"},"south":{"uv":[7.88,0,11.88,6],"texture":"#1"},"west":{"uv":[15.54,15.54,16,16],"texture":"#1"},"up":{"uv":[16,16,15.54,15.54],"rotation":90,"texture":"#1"},"down":{"uv":[16,16,15.54,15.54],"rotation":270,"texture":"#1"}}},{"from":[9.725,15.1,7.2],"to":[12.475,15.1,10.2],"faces":{"north":{"uv":[0,0,1.05,0],"texture":"#0"},"east":{"uv":[0,0,1.14,0],"texture":"#0"},"south":{"uv":[0,0,1.05,0],"texture":"#0"},"west":{"uv":[0,0,1.14,0],"texture":"#0"},"up":{"uv":[14,3.05,12.95,1.9],"texture":"#0"},"down":{"uv":[4.1,12.95,3.05,14.1],"texture":"#0"}}},{"from":[9.86963,10.64604,6.6952],"to":[12.36246,14.63458,10.68374],"faces":{"north":{"uv":[12.19,11.43,13.14,12.95],"texture":"#0"},"east":{"uv":[10.67,6.1,12.19,7.62],"texture":"#0"},"south":{"uv":[12.57,7.62,13.52,9.14],"texture":"#0"},"west":{"uv":[11.05,7.62,12.57,9.14],"texture":"#0"},"up":{"uv":[9.71,14.1,8.76,12.57],"texture":"#0"},"down":{"uv":[10.86,12.57,9.9,14.1],"texture":"#0"}}},{"from":[9.99946,10.65857,11.69334],"to":[10.99659,13.15141,12.66554],"faces":{"north":{"uv":[13.71,8,14.67,8.38],"rotation":90,"texture":"#0"},"east":{"uv":[13.52,13.71,12.57,14.1],"rotation":270,"texture":"#0"},"south":{"uv":[13.71,8.38,14.67,8.76],"rotation":270,"texture":"#0"},"west":{"uv":[14.67,9.14,13.71,8.76],"rotation":270,"texture":"#0"},"up":{"uv":[1.52,13.71,1.9,14.1],"rotation":270,"texture":"#0"},"down":{"uv":[2.67,14.86,3.05,15.24],"rotation":270,"texture":"#0"}}},{"from":[10.01199,10.66376,11.68087],"to":[11.00912,13.15659,12.67801],"rotation":{"angle":45,"axis":"z","origin":[8,11.89246,12.17944]},"faces":{"north":{"uv":[8.76,14.1,9.14,15.05],"texture":"#0"},"east":{"uv":[9.14,14.1,9.52,15.05],"texture":"#0"},"south":{"uv":[9.52,14.1,9.9,15.05],"texture":"#0"},"west":{"uv":[9.9,14.1,10.29,15.05],"texture":"#0"},"up":{"uv":[15.24,14.48,14.86,14.1],"texture":"#0"},"down":{"uv":[14.86,14.86,14.48,15.24],"texture":"#0"}}},{"from":[10.11891,10.14747,6.94448],"to":[12.18797,10.64604,10.43446],"faces":{"north":{"uv":[14.86,7.24,15.64,7.43],"texture":"#0"},"east":{"uv":[14.48,3.05,15.81,3.24],"texture":"#0"},"south":{"uv":[14.86,8,15.64,8.19],"texture":"#0"},"west":{"uv":[14.48,3.43,15.81,3.62],"texture":"#0"},"up":{"uv":[7.26,14.29,6.48,12.95],"texture":"#0"},"down":{"uv":[8.4,12.95,7.62,14.29],"texture":"#0"}}},{"from":[10.3682,3.91538,7.19377],"to":[10.3682,14.3853,10.18517],"faces":{"north":{"uv":[8.76,0,10.57,4],"texture":"#0"},"east":{"uv":[8.76,8.38,9.9,12.38],"texture":"#0"},"south":{"uv":[8.76,4.19,10.57,8.19],"texture":"#0"},"west":{"uv":[9.9,8.38,11.05,12.38],"texture":"#0"},"up":{"uv":[12.86,10.29,11.05,9.14],"texture":"#0"},"down":{"uv":[12.86,10.29,11.05,11.43],"texture":"#0"}}},{"from":[10.41743,10.1,11.68002],"to":[14.41743,16.1,11.68002],"rotation":{"angle":-22.5,"axis":"y","origin":[8.95224,12.25,11.6]},"faces":{"north":{"uv":[4,9.62,0,15.62],"texture":"#1"},"east":{"uv":[15.54,15.54,16,16],"texture":"#1"},"south":{"uv":[0,9.62,4,15.62],"texture":"#1"},"west":{"uv":[15.54,15.54,16,16],"texture":"#1"},"up":{"uv":[16,16,15.54,15.54],"rotation":90,"texture":"#1"},"down":{"uv":[16,16,15.54,15.54],"rotation":270,"texture":"#1"}}},{"from":[10.49284,12.44088,6.44592],"to":[11.11605,13.06409,6.6952],"rotation":{"angle":45,"axis":"z","origin":[10.9914,12.93945,6.44592]},"faces":{"north":{"uv":[3.43,15.24,3.67,15.48],"texture":"#0"},"east":{"uv":[15.24,9.14,15.33,9.38],"texture":"#0"},"south":{"uv":[3.81,15.24,4.05,15.48],"texture":"#0"},"west":{"uv":[9.52,15.24,9.62,15.48],"texture":"#0"},"up":{"uv":[15.48,9.62,15.24,9.52],"texture":"#0"},"down":{"uv":[10.14,15.24,9.9,15.33],"texture":"#0"}}},{"from":[10.49284,12.44088,10.68374],"to":[11.11605,13.06409,10.93302],"rotation":{"angle":45,"axis":"z","origin":[10.9914,12.93945,10.93302]},"faces":{"north":{"uv":[15.24,4.19,15.48,4.43],"texture":"#0"},"east":{"uv":[15.24,10.67,15.33,10.9],"texture":"#0"},"south":{"uv":[4.57,15.24,4.81,15.48],"texture":"#0"},"west":{"uv":[15.24,11.05,15.33,11.29],"texture":"#0"},"up":{"uv":[11.67,15.33,11.43,15.24],"texture":"#0"},"down":{"uv":[15.48,11.43,15.24,11.52],"texture":"#0"}}},{"from":[10.49284,12.64031,6.57056],"to":[11.48997,14.23573,6.57056],"faces":{"north":{"uv":[10.67,7.62,11.05,8.24],"texture":"#0"},"east":{"uv":[0,0,0,0.62],"texture":"#0"},"south":{"uv":[3.05,14.48,3.43,15.1],"texture":"#0"},"west":{"uv":[0,0,0,0.62],"texture":"#0"},"up":{"uv":[0.38,0,0,0],"texture":"#0"},"down":{"uv":[0.38,0,0,0],"texture":"#0"}}},{"from":[10.49284,12.64031,10.80838],"to":[11.48997,14.23573,10.80838],"faces":{"north":{"uv":[14.48,5.33,14.86,5.95],"texture":"#0"},"east":{"uv":[0,0,0,0.62],"texture":"#0"},"south":{"uv":[5.71,14.48,6.1,15.1],"texture":"#0"},"west":{"uv":[0,0,0,0.62],"texture":"#0"},"up":{"uv":[0.38,0,0,0],"texture":"#0"},"down":{"uv":[0.38,0,0,0],"texture":"#0"}}},{"from":[10.5,12.75,7.45],"to":[12.5,14.75,9.95],"faces":{"north":{"uv":[13.33,11.43,14.1,12.19],"texture":"#0"},"east":{"uv":[12.57,12.95,13.52,13.71],"texture":"#0"},"south":{"uv":[13.33,12.19,14.1,12.95],"texture":"#0"},"west":{"uv":[13.33,3.05,14.29,3.81],"texture":"#0"},"up":{"uv":[14.1,4.76,13.33,3.81],"texture":"#0"},"down":{"uv":[14.1,4.95,13.33,5.9],"texture":"#0"}}},{"from":[11.00912,11.16232,11.80552],"to":[12.00626,12.65803,12.55337],"rotation":{"angle":45,"axis":"z","origin":[8,11.89246,12.17944]},"faces":{"north":{"uv":[14.48,6.86,14.86,7.43],"texture":"#0"},"east":{"uv":[1.14,14.86,1.43,15.43],"texture":"#0"},"south":{"uv":[7.24,14.48,7.62,15.05],"texture":"#0"},"west":{"uv":[1.52,14.86,1.81,15.43],"texture":"#0"},"up":{"uv":[0.76,15.52,0.38,15.24],"texture":"#0"},"down":{"uv":[1.14,15.24,0.76,15.52],"texture":"#0"}}},{"from":[12.00626,10.66376,11.80552],"to":[12.50482,13.15659,12.55337],"rotation":{"angle":45,"axis":"z","origin":[8,11.89246,12.17944]},"faces":{"north":{"uv":[8.38,14.48,8.57,15.43],"texture":"#0"},"east":{"uv":[14.1,11.05,14.38,12],"texture":"#0"},"south":{"uv":[11.05,14.48,11.24,15.43],"texture":"#0"},"west":{"uv":[11.43,14.1,11.71,15.05],"texture":"#0"},"up":{"uv":[5.9,15.52,5.71,15.24],"texture":"#0"},"down":{"uv":[6.29,15.24,6.1,15.52],"texture":"#0"}}},{"from":[12.28699,12.6,10.97306],"to":[16.28699,18.6,10.97306],"rotation":{"angle":22.5,"axis":"y","origin":[12.45224,13.85,10.1]},"faces":{"north":{"uv":[11.88,0,7.88,6],"texture":"#1"},"east":{"uv":[16,15.54,15.54,16],"texture":"#1"},"south":{"uv":[7.88,0,11.88,6],"texture":"#1"},"west":{"uv":[16,15.54,15.54,16],"texture":"#1"},"up":{"uv":[15.54,16,16,15.54],"rotation":90,"texture":"#1"},"down":{"uv":[15.54,16,16,15.54],"rotation":270,"texture":"#1"}}},{"from":[12.33754,12.44088,8.56483],"to":[12.58682,13.06409,9.18804],"rotation":{"angle":45,"axis":"x","origin":[12.58682,12.93945,8.68947]},"faces":{"north":{"uv":[15.24,9.9,15.33,10.14],"texture":"#0"},"east":{"uv":[15.24,3.81,15.48,4.05],"texture":"#0"},"south":{"uv":[10.29,15.24,10.38,15.48],"texture":"#0"},"west":{"uv":[4.19,15.24,4.43,15.48],"texture":"#0"},"up":{"uv":[15.33,10.52,15.24,10.29],"texture":"#0"},"down":{"uv":[10.76,15.24,10.67,15.48],"texture":"#0"}}},{"from":[12.48711,12.64031,8.16597],"to":[12.48711,14.23573,9.16311],"faces":{"north":{"uv":[0,0,0,0.62],"texture":"#0"},"east":{"uv":[4.95,14.48,5.33,15.1],"texture":"#0"},"south":{"uv":[0,0,0,0.62],"texture":"#0"},"west":{"uv":[5.33,14.48,5.71,15.1],"texture":"#0"},"up":{"uv":[0,0.38,0,0],"texture":"#0"},"down":{"uv":[0,0,0,0.38],"texture":"#0"}}},{"from":[13.91743,11.7,10.01998],"to":[17.91743,17.7,10.01998],"rotation":{"angle":22.5,"axis":"y","origin":[12.45224,13.85,10.1]},"faces":{"north":{"uv":[4,9.62,0,15.62],"texture":"#1"},"east":{"uv":[16,15.54,15.54,16],"texture":"#1"},"south":{"uv":[0,9.62,4,15.62],"texture":"#1"},"west":{"uv":[16,15.54,15.54,16],"texture":"#1"},"up":{"uv":[15.54,16,16,15.54],"rotation":90,"texture":"#1"},"down":{"uv":[15.54,16,16,15.54],"rotation":270,"texture":"#1"}}}],"gui_light":"front","display":{"thirdperson_righthand":{"rotation":[46.5,0,0],"translation":[0,1.25,-1.75],"scale":[0.51,0.51,0.51]},"thirdperson_lefthand":{"rotation":[67.75,0,0],"translation":[-6,-4.5,-0.25],"scale":[2.15,2.15,2.15]},"firstperson_righthand":{"rotation":[158,0,-180],"translation":[-8.75,3.25,2.5],"scale":[0.53,0.53,0.53]},"firstperson_lefthand":{"translation":[-2.25,3.25,1],"scale":[0,0,0]},"ground":{"rotation":[45,0,0],"translation":[-1.5,3,0],"scale":[0.45,0.45,0.45]},"gui":{"rotation":[-164,19,180],"translation":[-0.75,-3,0],"scale":[1.22,1.22,1.22]},"head":{"translation":[0,-74.75,-2],"scale":[3.27,3.27,3.27]},"fixed":{"translation":[0,-3.5,-7.25],"scale":[1.65,1.65,1.65]}}}