{"credit":"Made with Blockbench","textures":{"0":"pirate_reasure_set:wing_self2_0","1":"pirate_reasure_set:wing_self2_1"},"elements":[{"from":[-9.6,-15.2,10.6],"to":[8.8,-1.6,10.6],"rotation":{"angle":0,"axis":"y","origin":[1.6,-16,1.6]},"faces":{"north":{"uv":[0,0,8.76,6.48],"texture":"#0"},"east":{"uv":[0,0,0,6.48],"texture":"#0"},"south":{"uv":[8.76,0,0,6.48],"texture":"#0"},"west":{"uv":[0,0,0,6.48],"texture":"#0"},"up":{"uv":[8.76,0,0,0],"texture":"#0"},"down":{"uv":[8.76,0,0,0],"texture":"#0"}}},{"from":[0.06605,-6.64,9.61599],"to":[3.26605,-1.84,9.61599],"rotation":{"angle":-22.5,"axis":"y","origin":[4.43821,-4.92,9.68]},"faces":{"north":{"uv":[0,9.62,4,15.62],"texture":"#1"},"east":{"uv":[15.54,15.54,16,16],"texture":"#1"},"south":{"uv":[4,9.62,0,15.62],"texture":"#1"},"west":{"uv":[15.54,15.54,16,16],"texture":"#1"},"up":{"uv":[15.54,15.54,16,16],"rotation":90,"texture":"#1"},"down":{"uv":[15.54,15.54,16,16],"rotation":270,"texture":"#1"}}},{"from":[1.37041,-5.92,10.37845],"to":[4.57041,-1.12,10.37845],"rotation":{"angle":-22.5,"axis":"y","origin":[4.43821,-4.92,9.68]},"faces":{"north":{"uv":[7.88,0,11.88,6],"texture":"#1"},"east":{"uv":[15.54,15.54,16,16],"texture":"#1"},"south":{"uv":[11.88,0,7.88,6],"texture":"#1"},"west":{"uv":[15.54,15.54,16,16],"texture":"#1"},"up":{"uv":[15.54,15.54,16,16],"rotation":90,"texture":"#1"},"down":{"uv":[15.54,15.54,16,16],"rotation":270,"texture":"#1"}}},{"from":[2.86605,-7.92,10.94401],"to":[6.06605,-3.12,10.94401],"rotation":{"angle":22.5,"axis":"y","origin":[7.23821,-6.2,10.88]},"faces":{"north":{"uv":[0,9.62,4,15.62],"texture":"#1"},"east":{"uv":[16,15.54,15.54,16],"texture":"#1"},"south":{"uv":[4,9.62,0,15.62],"texture":"#1"},"west":{"uv":[16,15.54,15.54,16],"texture":"#1"},"up":{"uv":[16,15.54,15.54,16],"rotation":90,"texture":"#1"},"down":{"uv":[16,15.54,15.54,16],"rotation":270,"texture":"#1"}}},{"from":[4.17041,-11.44,11.54155],"to":[7.37041,-6.64,11.54155],"rotation":{"angle":22.5,"axis":"y","origin":[7.23821,-10.44,12.24]},"faces":{"north":{"uv":[7.88,0,11.88,6],"texture":"#1"},"east":{"uv":[16,15.54,15.54,16],"texture":"#1"},"south":{"uv":[11.88,0,7.88,6],"texture":"#1"},"west":{"uv":[16,15.54,15.54,16],"texture":"#1"},"up":{"uv":[16,15.54,15.54,16],"rotation":90,"texture":"#1"},"down":{"uv":[16,15.54,15.54,16],"rotation":270,"texture":"#1"}}},{"from":[4.33054,-6.04729,8.45186],"to":[4.52997,-5.54873,8.95043],"rotation":{"angle":45,"axis":"x","origin":[4.33054,-5.64844,8.55158]},"faces":{"north":{"uv":[15.24,12.57,15.33,12.81],"texture":"#0"},"east":{"uv":[15.24,4.95,15.48,5.19],"texture":"#0"},"south":{"uv":[15.24,12.95,15.33,13.19],"texture":"#0"},"west":{"uv":[5.33,15.24,5.57,15.48],"texture":"#0"},"up":{"uv":[13.43,15.48,13.33,15.24],"texture":"#0"},"down":{"uv":[15.33,13.33,15.24,13.57],"texture":"#0"}}},{"from":[4.39614,-7.46899,11.04441],"to":[4.795,-5.47472,11.64269],"rotation":{"angle":45,"axis":"z","origin":[8,-6.48603,11.34355]},"faces":{"north":{"uv":[12.57,14.48,12.76,15.43],"texture":"#0"},"east":{"uv":[11.81,14.1,12.1,15.05],"texture":"#0"},"south":{"uv":[12.95,14.48,13.14,15.43],"texture":"#0"},"west":{"uv":[12.19,14.1,12.48,15.05],"texture":"#0"},"up":{"uv":[6.67,15.52,6.48,15.24],"texture":"#0"},"down":{"uv":[7.05,15.24,6.86,15.52],"texture":"#0"}}},{"from":[4.4,-5.8,7.56],"to":[6,-4.2,9.56],"rotation":{"angle":0,"axis":"y","origin":[1.6,-16,1.6]},"faces":{"north":{"uv":[13.33,6.1,14.1,6.86],"texture":"#0"},"east":{"uv":[12.95,9.9,13.9,10.67],"texture":"#0"},"south":{"uv":[13.33,6.86,14.1,7.62],"texture":"#0"},"west":{"uv":[12.95,10.67,13.9,11.43],"texture":"#0"},"up":{"uv":[11.81,13.9,11.05,12.95],"texture":"#0"},"down":{"uv":[12.57,12.95,11.81,13.9],"texture":"#0"}}},{"from":[4.41031,-5.88775,8.13278],"to":[4.41031,-4.61142,8.93049],"rotation":{"angle":0,"axis":"y","origin":[1.6,-16,1.6]},"faces":{"north":{"uv":[0,0,0,0.62],"texture":"#0"},"east":{"uv":[6.48,14.48,6.86,15.1],"texture":"#0"},"south":{"uv":[0,0,0,0.62],"texture":"#0"},"west":{"uv":[6.86,14.48,7.24,15.1],"texture":"#0"},"up":{"uv":[0,0.38,0,0],"texture":"#0"},"down":{"uv":[0,0,0,0.38],"texture":"#0"}}},{"from":[4.42,-3.92,7.36],"to":[6.62,-3.92,9.76],"rotation":{"angle":0,"axis":"y","origin":[1.6,-16,1.6]},"faces":{"north":{"uv":[0,0,1.05,0],"texture":"#0"},"east":{"uv":[0,0,1.14,0],"texture":"#0"},"south":{"uv":[0,0,1.05,0],"texture":"#0"},"west":{"uv":[0,0,1.14,0],"texture":"#0"},"up":{"uv":[14,1.9,12.95,0.76],"texture":"#0"},"down":{"uv":[2.95,12.95,1.9,14.1],"texture":"#0"}}},{"from":[4.51003,-7.48317,6.95616],"to":[6.5043,-4.29234,10.14699],"rotation":{"angle":0,"axis":"y","origin":[1.6,-16,1.6]},"faces":{"north":{"uv":[11.05,11.43,12,12.95],"texture":"#0"},"east":{"uv":[10.67,3.05,12.19,4.57],"texture":"#0"},"south":{"uv":[12.19,3.05,13.14,4.57],"texture":"#0"},"west":{"uv":[10.67,4.57,12.19,6.1],"texture":"#0"},"up":{"uv":[13.14,6.1,12.19,4.57],"texture":"#0"},"down":{"uv":[13.14,6.1,12.19,7.62],"texture":"#0"}}},{"from":[4.64963,-7.88202,7.15559],"to":[6.30487,-7.48317,9.94756],"rotation":{"angle":0,"axis":"y","origin":[1.6,-16,1.6]},"faces":{"north":{"uv":[14.86,6.48,15.64,6.67],"texture":"#0"},"east":{"uv":[0,14.48,1.33,14.67],"texture":"#0"},"south":{"uv":[14.86,6.86,15.64,7.05],"texture":"#0"},"west":{"uv":[1.52,14.48,2.86,14.67],"texture":"#0"},"up":{"uv":[4.98,14.29,4.19,12.95],"texture":"#0"},"down":{"uv":[6.12,12.95,5.33,14.29],"texture":"#0"}}},{"from":[4.795,-7.07014,11.04441],"to":[5.5927,-5.87358,11.64269],"rotation":{"angle":45,"axis":"z","origin":[8,-6.48603,11.34355]},"faces":{"north":{"uv":[7.62,14.48,8,15.05],"texture":"#0"},"east":{"uv":[1.9,14.86,2.19,15.43],"texture":"#0"},"south":{"uv":[8,14.48,8.38,15.05],"texture":"#0"},"west":{"uv":[2.29,14.86,2.57,15.43],"texture":"#0"},"up":{"uv":[15.62,1.05,15.24,0.76],"texture":"#0"},"down":{"uv":[15.62,1.14,15.24,1.43],"texture":"#0"}}},{"from":[5.20802,-5.88775,6.85645],"to":[6.00573,-4.61142,6.85645],"rotation":{"angle":0,"axis":"y","origin":[1.6,-16,1.6]},"faces":{"north":{"uv":[4.19,14.48,4.57,15.1],"texture":"#0"},"east":{"uv":[0,0,0,0.62],"texture":"#0"},"south":{"uv":[4.57,14.48,4.95,15.1],"texture":"#0"},"west":{"uv":[0,0,0,0.62],"texture":"#0"},"up":{"uv":[0.38,0,0,0],"texture":"#0"},"down":{"uv":[0.38,0,0,0],"texture":"#0"}}},{"from":[5.20802,-5.88775,10.24671],"to":[6.00573,-4.61142,10.24671],"rotation":{"angle":0,"axis":"y","origin":[1.6,-16,1.6]},"faces":{"north":{"uv":[6.1,14.48,6.48,15.1],"texture":"#0"},"east":{"uv":[0,0,0,0.62],"texture":"#0"},"south":{"uv":[14.48,6.1,14.86,6.71],"texture":"#0"},"west":{"uv":[0,0,0,0.62],"texture":"#0"},"up":{"uv":[0.38,0,0,0],"texture":"#0"},"down":{"uv":[0.38,0,0,0],"texture":"#0"}}},{"from":[5.50716,-6.04729,6.75673],"to":[6.00573,-5.54873,6.95616],"rotation":{"angle":-45,"axis":"z","origin":[5.60688,-5.64844,6.75673]},"faces":{"north":{"uv":[15.24,2.67,15.48,2.9],"texture":"#0"},"east":{"uv":[15.24,8.38,15.33,8.62],"texture":"#0"},"south":{"uv":[3.05,15.24,3.29,15.48],"texture":"#0"},"west":{"uv":[8.76,15.24,8.86,15.48],"texture":"#0"},"up":{"uv":[15.48,8.86,15.24,8.76],"texture":"#0"},"down":{"uv":[9.38,15.24,9.14,15.33],"texture":"#0"}}},{"from":[5.50716,-6.04729,10.14699],"to":[6.00573,-5.54873,10.34642],"rotation":{"angle":-45,"axis":"z","origin":[5.60688,-5.64844,10.34642]},"faces":{"north":{"uv":[15.24,4.57,15.48,4.81],"texture":"#0"},"east":{"uv":[11.81,15.24,11.9,15.48],"texture":"#0"},"south":{"uv":[4.95,15.24,5.19,15.48],"texture":"#0"},"west":{"uv":[15.24,11.81,15.33,12.05],"texture":"#0"},"up":{"uv":[12.43,15.33,12.19,15.24],"texture":"#0"},"down":{"uv":[15.48,12.19,15.24,12.29],"texture":"#0"}}},{"from":[5.5927,-7.46899,10.9447],"to":[6.39041,-5.47472,11.74241],"rotation":{"angle":45,"axis":"z","origin":[8,-6.48603,11.34355]},"faces":{"north":{"uv":[3.43,14.1,3.81,15.05],"texture":"#0"},"east":{"uv":[3.81,14.1,4.19,15.05],"texture":"#0"},"south":{"uv":[14.1,5.33,14.48,6.29],"texture":"#0"},"west":{"uv":[14.1,6.48,14.48,7.43],"texture":"#0"},"up":{"uv":[15.24,14.1,14.86,13.71],"texture":"#0"},"down":{"uv":[14.48,14.86,14.1,15.24],"texture":"#0"}}},{"from":[5.60273,-7.49319,10.95467],"to":[6.40043,-5.49892,11.73244],"rotation":{"angle":0,"axis":"y","origin":[1.6,-16,1.6]},"faces":{"north":{"uv":[14.1,3.81,15.05,4.19],"rotation":90,"texture":"#0"},"east":{"uv":[15.05,4.95,14.1,5.33],"rotation":270,"texture":"#0"},"south":{"uv":[14.1,4.19,15.05,4.57],"rotation":270,"texture":"#0"},"west":{"uv":[15.05,4.95,14.1,4.57],"rotation":270,"texture":"#0"},"up":{"uv":[14.86,13.33,15.24,13.71],"rotation":270,"texture":"#0"},"down":{"uv":[13.71,14.86,14.1,15.24],"rotation":270,"texture":"#0"}}},{"from":[5.90602,-10.47457,7.2553],"to":[10.09398,-9.67686,9.84785],"rotation":{"angle":0,"axis":"y","origin":[1.6,-16,1.6]},"faces":{"north":{"uv":[12.95,9.14,14.95,9.52],"texture":"#0"},"east":{"uv":[0,13.71,1.24,14.1],"texture":"#0"},"south":{"uv":[12.95,9.52,14.95,9.9],"texture":"#0"},"west":{"uv":[13.71,7.62,14.95,8],"texture":"#0"},"up":{"uv":[12.67,1.24,10.67,0],"texture":"#0"},"down":{"uv":[12.67,1.52,10.67,2.76],"texture":"#0"}}},{"from":[6.10544,-12.8677,7.35501],"to":[9.89456,-4.49176,7.35501],"rotation":{"angle":0,"axis":"y","origin":[1.6,-16,1.6]},"faces":{"north":{"uv":[8.76,0,10.57,4],"texture":"#0"},"east":{"uv":[8.76,8.38,9.9,12.38],"texture":"#0"},"south":{"uv":[10.57,0,8.76,4],"texture":"#0"},"west":{"uv":[9.9,8.38,11.05,12.38],"texture":"#0"},"up":{"uv":[12.86,10.29,11.05,9.14],"texture":"#0"},"down":{"uv":[12.86,10.29,11.05,11.43],"texture":"#0"}}},{"from":[6.10544,-12.8677,9.74814],"to":[9.89456,-4.49176,9.74814],"rotation":{"angle":0,"axis":"y","origin":[1.6,-16,1.6]},"faces":{"north":{"uv":[10.57,4.19,8.76,8.19],"texture":"#0"},"east":{"uv":[8.76,8.38,9.9,12.38],"texture":"#0"},"south":{"uv":[8.76,4.19,10.57,8.19],"texture":"#0"},"west":{"uv":[9.9,8.38,11.05,12.38],"texture":"#0"},"up":{"uv":[12.86,10.29,11.05,9.14],"texture":"#0"},"down":{"uv":[12.86,10.29,11.05,11.43],"texture":"#0"}}},{"from":[6.10544,-4.49176,7.35501],"to":[9.89456,-2.89635,7.35501],"rotation":{"angle":0,"axis":"y","origin":[1.6,-16,1.6]},"faces":{"north":{"uv":[0,12.95,1.81,13.71],"texture":"#0"},"east":{"uv":[0,0,0,0.76],"texture":"#0"},"south":{"uv":[12.95,0,14.76,0.76],"texture":"#0"},"west":{"uv":[0,0,0,0.76],"texture":"#0"},"up":{"uv":[1.81,0,0,0],"texture":"#0"},"down":{"uv":[1.81,0,0,0],"texture":"#0"}}},{"from":[6.10544,-4.49176,7.35501],"to":[9.89456,-4.49176,9.74814],"rotation":{"angle":0,"axis":"y","origin":[1.6,-16,1.6]},"faces":{"north":{"uv":[8.76,0,10.57,4],"texture":"#0"},"east":{"uv":[8.76,8.38,9.9,12.38],"texture":"#0"},"south":{"uv":[8.76,4.19,10.57,8.19],"texture":"#0"},"west":{"uv":[9.9,8.38,11.05,12.38],"texture":"#0"},"up":{"uv":[12.86,10.29,11.05,9.14],"texture":"#0"},"down":{"uv":[12.86,9.14,11.05,10.29],"texture":"#0"}}},{"from":[6.10544,-12.8677,7.35501],"to":[6.10544,-4.49176,9.74814],"rotation":{"angle":0,"axis":"y","origin":[1.6,-16,1.6]},"faces":{"north":{"uv":[10.57,0,8.76,4],"texture":"#0"},"east":{"uv":[11.05,8.38,9.9,12.38],"texture":"#0"},"south":{"uv":[10.57,4.19,8.76,8.19],"texture":"#0"},"west":{"uv":[9.9,8.38,8.76,12.38],"texture":"#0"},"up":{"uv":[11.05,10.29,12.86,9.14],"texture":"#0"},"down":{"uv":[11.05,10.29,12.86,11.43],"texture":"#0"}}},{"from":[6.99284,-8.88331,10.95467],"to":[8.98711,-8.0856,11.73244],"rotation":{"angle":0,"axis":"y","origin":[1.6,-16,1.6]},"faces":{"north":{"uv":[13.71,12.95,14.67,13.33],"texture":"#0"},"east":{"uv":[14.86,8.38,15.24,8.76],"texture":"#0"},"south":{"uv":[13.71,13.33,14.67,13.71],"texture":"#0"},"west":{"uv":[14.86,8.76,15.24,9.14],"texture":"#0"},"up":{"uv":[14.67,14.1,13.71,13.71],"texture":"#0"},"down":{"uv":[0.95,14.1,0,14.48],"texture":"#0"}}},{"from":[7.00287,-8.87916,10.9447],"to":[8.99713,-8.08145,11.74241],"rotation":{"angle":45,"axis":"z","origin":[8,-6.48603,11.34355]},"faces":{"north":{"uv":[14.1,9.9,15.05,10.29],"texture":"#0"},"east":{"uv":[14.86,14.86,15.24,15.24],"texture":"#0"},"south":{"uv":[10.29,14.1,11.24,14.48],"texture":"#0"},"west":{"uv":[0,15.24,0.38,15.62],"texture":"#0"},"up":{"uv":[15.05,10.67,14.1,10.29],"texture":"#0"},"down":{"uv":[15.05,10.67,14.1,11.05],"texture":"#0"}}},{"from":[7.00287,-4.86227,10.9447],"to":[8.99713,-4.06456,11.74241],"rotation":{"angle":45,"axis":"z","origin":[8,-6.48603,11.34355]},"faces":{"north":{"uv":[14.1,0.76,15.05,1.14],"texture":"#0"},"east":{"uv":[10.29,14.86,10.67,15.24],"texture":"#0"},"south":{"uv":[1.14,14.1,2.1,14.48],"texture":"#0"},"west":{"uv":[10.67,14.86,11.05,15.24],"texture":"#0"},"up":{"uv":[15.05,1.52,14.1,1.14],"texture":"#0"},"down":{"uv":[15.05,1.52,14.1,1.9],"texture":"#0"}}},{"from":[7.00287,-10.10406,11.04441],"to":[8.99713,-9.70521,11.64269],"rotation":{"angle":45,"axis":"z","origin":[8,-6.48603,11.34355]},"faces":{"north":{"uv":[0,14.86,0.95,15.05],"texture":"#0"},"east":{"uv":[15.24,7.62,15.52,7.81],"texture":"#0"},"south":{"uv":[14.86,0,15.81,0.19],"texture":"#0"},"west":{"uv":[8,15.24,8.29,15.43],"texture":"#0"},"up":{"uv":[15.05,12.86,14.1,12.57],"texture":"#0"},"down":{"uv":[14.67,14.1,13.71,14.38],"texture":"#0"}}},{"from":[7.00287,-3.26686,11.04441],"to":[8.99713,-2.868,11.64269],"rotation":{"angle":45,"axis":"z","origin":[8,-6.48603,11.34355]},"faces":{"north":{"uv":[13.33,14.48,14.29,14.67],"texture":"#0"},"east":{"uv":[7.24,15.24,7.52,15.43],"texture":"#0"},"south":{"uv":[14.48,14.48,15.43,14.67],"texture":"#0"},"west":{"uv":[7.62,15.24,7.9,15.43],"texture":"#0"},"up":{"uv":[15.05,12.48,14.1,12.19],"texture":"#0"},"down":{"uv":[13.52,14.1,12.57,14.38],"texture":"#0"}}},{"from":[7.01289,-4.88647,10.95467],"to":[9.00716,-4.08876,11.73244],"rotation":{"angle":0,"axis":"y","origin":[1.6,-16,1.6]},"faces":{"north":{"uv":[14.1,1.9,15.05,2.29],"texture":"#0"},"east":{"uv":[14.86,12.95,15.24,13.33],"texture":"#0"},"south":{"uv":[2.29,14.1,3.24,14.48],"texture":"#0"},"west":{"uv":[13.33,14.86,13.71,15.24],"texture":"#0"},"up":{"uv":[15.05,2.67,14.1,2.29],"texture":"#0"},"down":{"uv":[15.05,2.67,14.1,3.05],"texture":"#0"}}},{"from":[7.2,-15.2,10.6],"to":[25.6,-1.6,10.6],"rotation":{"angle":0,"axis":"y","origin":[1.6,-16,1.6]},"faces":{"north":{"uv":[8.76,0,0,6.48],"texture":"#0"},"east":{"uv":[0,0,0,6.48],"texture":"#0"},"south":{"uv":[0,0,8.76,6.48],"texture":"#0"},"west":{"uv":[0,0,0,6.48],"texture":"#0"},"up":{"uv":[0,0,8.76,0],"texture":"#0"},"down":{"uv":[0,0,8.76,0],"texture":"#0"}}},{"from":[7.40172,-9.70521,11.04441],"to":[8.59828,-8.9075,11.64269],"rotation":{"angle":45,"axis":"z","origin":[8,-6.48603,11.34355]},"faces":{"north":{"uv":[14.48,11.43,15.05,11.81],"texture":"#0"},"east":{"uv":[15.24,2.29,15.52,2.67],"texture":"#0"},"south":{"uv":[14.48,11.81,15.05,12.19],"texture":"#0"},"west":{"uv":[2.67,15.24,2.95,15.62],"texture":"#0"},"up":{"uv":[15.43,6,14.86,5.71],"texture":"#0"},"down":{"uv":[15.43,6.1,14.86,6.38],"texture":"#0"}}},{"from":[7.40172,-4.06456,11.04441],"to":[8.59828,-3.26686,11.64269],"rotation":{"angle":45,"axis":"z","origin":[8,-6.48603,11.34355]},"faces":{"north":{"uv":[10.29,14.48,10.86,14.86],"texture":"#0"},"east":{"uv":[15.24,1.52,15.52,1.9],"texture":"#0"},"south":{"uv":[14.48,11.05,15.05,11.43],"texture":"#0"},"west":{"uv":[15.24,1.9,15.52,2.29],"texture":"#0"},"up":{"uv":[15.43,0.67,14.86,0.38],"texture":"#0"},"down":{"uv":[15.43,5.33,14.86,5.62],"texture":"#0"}}},{"from":[8.62959,-11.44,11.54155],"to":[11.82959,-6.64,11.54155],"rotation":{"angle":-22.5,"axis":"y","origin":[8.76179,-10.44,12.24]},"faces":{"north":{"uv":[11.88,0,7.88,6],"texture":"#1"},"east":{"uv":[15.54,15.54,16,16],"texture":"#1"},"south":{"uv":[7.88,0,11.88,6],"texture":"#1"},"west":{"uv":[15.54,15.54,16,16],"texture":"#1"},"up":{"uv":[16,16,15.54,15.54],"rotation":90,"texture":"#1"},"down":{"uv":[16,16,15.54,15.54],"rotation":270,"texture":"#1"}}},{"from":[9.38,-3.92,7.36],"to":[11.58,-3.92,9.76],"rotation":{"angle":0,"axis":"y","origin":[1.6,-16,1.6]},"faces":{"north":{"uv":[0,0,1.05,0],"texture":"#0"},"east":{"uv":[0,0,1.14,0],"texture":"#0"},"south":{"uv":[0,0,1.05,0],"texture":"#0"},"west":{"uv":[0,0,1.14,0],"texture":"#0"},"up":{"uv":[14,3.05,12.95,1.9],"texture":"#0"},"down":{"uv":[4.1,12.95,3.05,14.1],"texture":"#0"}}},{"from":[9.4957,-7.48317,6.95616],"to":[11.48997,-4.29234,10.14699],"rotation":{"angle":0,"axis":"y","origin":[1.6,-16,1.6]},"faces":{"north":{"uv":[12.19,11.43,13.14,12.95],"texture":"#0"},"east":{"uv":[10.67,6.1,12.19,7.62],"texture":"#0"},"south":{"uv":[12.57,7.62,13.52,9.14],"texture":"#0"},"west":{"uv":[11.05,7.62,12.57,9.14],"texture":"#0"},"up":{"uv":[9.71,14.1,8.76,12.57],"texture":"#0"},"down":{"uv":[10.86,12.57,9.9,14.1],"texture":"#0"}}},{"from":[9.59957,-7.47315,10.95467],"to":[10.39727,-5.47888,11.73244],"rotation":{"angle":0,"axis":"y","origin":[1.6,-16,1.6]},"faces":{"north":{"uv":[13.71,8,14.67,8.38],"rotation":90,"texture":"#0"},"east":{"uv":[13.52,13.71,12.57,14.1],"rotation":270,"texture":"#0"},"south":{"uv":[13.71,8.38,14.67,8.76],"rotation":270,"texture":"#0"},"west":{"uv":[14.67,9.14,13.71,8.76],"rotation":270,"texture":"#0"},"up":{"uv":[1.52,13.71,1.9,14.1],"rotation":270,"texture":"#0"},"down":{"uv":[2.67,14.86,3.05,15.24],"rotation":270,"texture":"#0"}}},{"from":[9.60959,-7.46899,10.9447],"to":[10.4073,-5.47472,11.74241],"rotation":{"angle":45,"axis":"z","origin":[8,-6.48603,11.34355]},"faces":{"north":{"uv":[8.76,14.1,9.14,15.05],"texture":"#0"},"east":{"uv":[9.14,14.1,9.52,15.05],"texture":"#0"},"south":{"uv":[9.52,14.1,9.9,15.05],"texture":"#0"},"west":{"uv":[9.9,14.1,10.29,15.05],"texture":"#0"},"up":{"uv":[15.24,14.48,14.86,14.1],"texture":"#0"},"down":{"uv":[14.86,14.86,14.48,15.24],"texture":"#0"}}},{"from":[9.69513,-7.88202,7.15559],"to":[11.35037,-7.48317,9.94756],"rotation":{"angle":0,"axis":"y","origin":[1.6,-16,1.6]},"faces":{"north":{"uv":[14.86,7.24,15.64,7.43],"texture":"#0"},"east":{"uv":[14.48,3.05,15.81,3.24],"texture":"#0"},"south":{"uv":[14.86,8,15.64,8.19],"texture":"#0"},"west":{"uv":[14.48,3.43,15.81,3.62],"texture":"#0"},"up":{"uv":[7.26,14.29,6.48,12.95],"texture":"#0"},"down":{"uv":[8.4,12.95,7.62,14.29],"texture":"#0"}}},{"from":[9.89456,-12.8677,7.35501],"to":[9.89456,-4.49176,9.74814],"rotation":{"angle":0,"axis":"y","origin":[1.6,-16,1.6]},"faces":{"north":{"uv":[8.76,0,10.57,4],"texture":"#0"},"east":{"uv":[8.76,8.38,9.9,12.38],"texture":"#0"},"south":{"uv":[8.76,4.19,10.57,8.19],"texture":"#0"},"west":{"uv":[9.9,8.38,11.05,12.38],"texture":"#0"},"up":{"uv":[12.86,10.29,11.05,9.14],"texture":"#0"},"down":{"uv":[12.86,10.29,11.05,11.43],"texture":"#0"}}},{"from":[9.93395,-7.92,10.94401],"to":[13.13395,-3.12,10.94401],"rotation":{"angle":-22.5,"axis":"y","origin":[8.76179,-6.2,10.88]},"faces":{"north":{"uv":[4,9.62,0,15.62],"texture":"#1"},"east":{"uv":[15.54,15.54,16,16],"texture":"#1"},"south":{"uv":[0,9.62,4,15.62],"texture":"#1"},"west":{"uv":[15.54,15.54,16,16],"texture":"#1"},"up":{"uv":[16,16,15.54,15.54],"rotation":90,"texture":"#1"},"down":{"uv":[16,16,15.54,15.54],"rotation":270,"texture":"#1"}}},{"from":[9.99427,-6.04729,6.75673],"to":[10.49284,-5.54873,6.95616],"rotation":{"angle":45,"axis":"z","origin":[10.39312,-5.64844,6.75673]},"faces":{"north":{"uv":[3.43,15.24,3.67,15.48],"texture":"#0"},"east":{"uv":[15.24,9.14,15.33,9.38],"texture":"#0"},"south":{"uv":[3.81,15.24,4.05,15.48],"texture":"#0"},"west":{"uv":[9.52,15.24,9.62,15.48],"texture":"#0"},"up":{"uv":[15.48,9.62,15.24,9.52],"texture":"#0"},"down":{"uv":[10.14,15.24,9.9,15.33],"texture":"#0"}}},{"from":[9.99427,-6.04729,10.14699],"to":[10.49284,-5.54873,10.34642],"rotation":{"angle":45,"axis":"z","origin":[10.39312,-5.64844,10.34642]},"faces":{"north":{"uv":[15.24,4.19,15.48,4.43],"texture":"#0"},"east":{"uv":[15.24,10.67,15.33,10.9],"texture":"#0"},"south":{"uv":[4.57,15.24,4.81,15.48],"texture":"#0"},"west":{"uv":[15.24,11.05,15.33,11.29],"texture":"#0"},"up":{"uv":[11.67,15.33,11.43,15.24],"texture":"#0"},"down":{"uv":[15.48,11.43,15.24,11.52],"texture":"#0"}}},{"from":[9.99427,-5.88775,6.85645],"to":[10.79198,-4.61142,6.85645],"rotation":{"angle":0,"axis":"y","origin":[1.6,-16,1.6]},"faces":{"north":{"uv":[10.67,7.62,11.05,8.24],"texture":"#0"},"east":{"uv":[0,0,0,0.62],"texture":"#0"},"south":{"uv":[3.05,14.48,3.43,15.1],"texture":"#0"},"west":{"uv":[0,0,0,0.62],"texture":"#0"},"up":{"uv":[0.38,0,0,0],"texture":"#0"},"down":{"uv":[0.38,0,0,0],"texture":"#0"}}},{"from":[9.99427,-5.88775,10.24671],"to":[10.79198,-4.61142,10.24671],"rotation":{"angle":0,"axis":"y","origin":[1.6,-16,1.6]},"faces":{"north":{"uv":[14.48,5.33,14.86,5.95],"texture":"#0"},"east":{"uv":[0,0,0,0.62],"texture":"#0"},"south":{"uv":[5.71,14.48,6.1,15.1],"texture":"#0"},"west":{"uv":[0,0,0,0.62],"texture":"#0"},"up":{"uv":[0.38,0,0,0],"texture":"#0"},"down":{"uv":[0.38,0,0,0],"texture":"#0"}}},{"from":[10,-5.8,7.56],"to":[11.6,-4.2,9.56],"rotation":{"angle":0,"axis":"y","origin":[1.6,-16,1.6]},"faces":{"north":{"uv":[13.33,11.43,14.1,12.19],"texture":"#0"},"east":{"uv":[12.57,12.95,13.52,13.71],"texture":"#0"},"south":{"uv":[13.33,12.19,14.1,12.95],"texture":"#0"},"west":{"uv":[13.33,3.05,14.29,3.81],"texture":"#0"},"up":{"uv":[14.1,4.76,13.33,3.81],"texture":"#0"},"down":{"uv":[14.1,4.95,13.33,5.9],"texture":"#0"}}},{"from":[10.4073,-7.07014,11.04441],"to":[11.205,-5.87358,11.64269],"rotation":{"angle":45,"axis":"z","origin":[8,-6.48603,11.34355]},"faces":{"north":{"uv":[14.48,6.86,14.86,7.43],"texture":"#0"},"east":{"uv":[1.14,14.86,1.43,15.43],"texture":"#0"},"south":{"uv":[7.24,14.48,7.62,15.05],"texture":"#0"},"west":{"uv":[1.52,14.86,1.81,15.43],"texture":"#0"},"up":{"uv":[0.76,15.52,0.38,15.24],"texture":"#0"},"down":{"uv":[1.14,15.24,0.76,15.52],"texture":"#0"}}},{"from":[11.205,-7.46899,11.04441],"to":[11.60386,-5.47472,11.64269],"rotation":{"angle":45,"axis":"z","origin":[8,-6.48603,11.34355]},"faces":{"north":{"uv":[8.38,14.48,8.57,15.43],"texture":"#0"},"east":{"uv":[14.1,11.05,14.38,12],"texture":"#0"},"south":{"uv":[11.05,14.48,11.24,15.43],"texture":"#0"},"west":{"uv":[11.43,14.1,11.71,15.05],"texture":"#0"},"up":{"uv":[5.9,15.52,5.71,15.24],"texture":"#0"},"down":{"uv":[6.29,15.24,6.1,15.52],"texture":"#0"}}},{"from":[11.42959,-5.92,10.37845],"to":[14.62959,-1.12,10.37845],"rotation":{"angle":22.5,"axis":"y","origin":[11.56179,-4.92,9.68]},"faces":{"north":{"uv":[11.88,0,7.88,6],"texture":"#1"},"east":{"uv":[16,15.54,15.54,16],"texture":"#1"},"south":{"uv":[7.88,0,11.88,6],"texture":"#1"},"west":{"uv":[16,15.54,15.54,16],"texture":"#1"},"up":{"uv":[15.54,16,16,15.54],"rotation":90,"texture":"#1"},"down":{"uv":[15.54,16,16,15.54],"rotation":270,"texture":"#1"}}},{"from":[11.47003,-6.04729,8.45186],"to":[11.66946,-5.54873,8.95043],"rotation":{"angle":45,"axis":"x","origin":[11.66946,-5.64844,8.55158]},"faces":{"north":{"uv":[15.24,9.9,15.33,10.14],"texture":"#0"},"east":{"uv":[15.24,3.81,15.48,4.05],"texture":"#0"},"south":{"uv":[10.29,15.24,10.38,15.48],"texture":"#0"},"west":{"uv":[4.19,15.24,4.43,15.48],"texture":"#0"},"up":{"uv":[15.33,10.52,15.24,10.29],"texture":"#0"},"down":{"uv":[10.76,15.24,10.67,15.48],"texture":"#0"}}},{"from":[11.58969,-5.88775,8.13278],"to":[11.58969,-4.61142,8.93049],"rotation":{"angle":0,"axis":"y","origin":[1.6,-16,1.6]},"faces":{"north":{"uv":[0,0,0,0.62],"texture":"#0"},"east":{"uv":[4.95,14.48,5.33,15.1],"texture":"#0"},"south":{"uv":[0,0,0,0.62],"texture":"#0"},"west":{"uv":[5.33,14.48,5.71,15.1],"texture":"#0"},"up":{"uv":[0,0.38,0,0],"texture":"#0"},"down":{"uv":[0,0,0,0.38],"texture":"#0"}}},{"from":[12.73395,-6.64,9.61599],"to":[15.93395,-1.84,9.61599],"rotation":{"angle":22.5,"axis":"y","origin":[11.56179,-4.92,9.68]},"faces":{"north":{"uv":[4,9.62,0,15.62],"texture":"#1"},"east":{"uv":[16,15.54,15.54,16],"texture":"#1"},"south":{"uv":[0,9.62,4,15.62],"texture":"#1"},"west":{"uv":[16,15.54,15.54,16],"texture":"#1"},"up":{"uv":[15.54,16,16,15.54],"rotation":90,"texture":"#1"},"down":{"uv":[15.54,16,16,15.54],"rotation":270,"texture":"#1"}}}],"gui_light":"front","display":{"thirdperson_righthand":{"rotation":[46.5,0,0],"translation":[0,1.25,-1.75],"scale":[0.51,0.51,0.51]},"thirdperson_lefthand":{"rotation":[67.75,0,0],"translation":[-6,-4.5,-0.25],"scale":[2.15,2.15,2.15]},"firstperson_righthand":{"rotation":[158,0,-180],"translation":[-8.75,3.25,2.5],"scale":[0.53,0.53,0.53]},"firstperson_lefthand":{"translation":[-2.25,3.25,1],"scale":[0,0,0]},"ground":{"rotation":[45,0,0],"translation":[-1.5,3,0],"scale":[0.45,0.45,0.45]},"gui":{"rotation":[-164,19,180],"translation":[-0.75,-3,0],"scale":[1.22,1.22,1.22]},"head":{"translation":[0,-65.25,-2],"scale":[4,4,4]},"fixed":{"translation":[0,-3.5,-7.25],"scale":[1.65,1.65,1.65]}}}